institution_id,myjkkn_institution_id,program_code,semester_code,course_code,reason
a33138b6-4eea-4675-941f-1071bf88b127,a33138b6-4eea-4675-941f-1071bf88b127,PCS,PCS-1,24PCSC01,program_code unmatched
a33138b6-4eea-4675-941f-1071bf88b127,a33138b6-4eea-4675-941f-1071bf88b127,PCS,PCS-2,24PCSC04,program_code unmatched
a33138b6-4eea-4675-941f-1071bf88b127,a33138b6-4eea-4675-941f-1071bf88b127,PCS,PCS-3,24PCSC06,program_code unmatched
a33138b6-4eea-4675-941f-1071bf88b127,a33138b6-4eea-4675-941f-1071bf88b127,PCS,PCS-4,24PCSC10,program_code unmatched
a33138b6-4eea-4675-941f-1071bf88b127,a33138b6-4eea-4675-941f-1071bf88b127,PDA,PDA-1,25PDAC01,program_code unmatched
a33138b6-4eea-4675-941f-1071bf88b127,a33138b6-4eea-4675-941f-1071bf88b127,PDA,PDA-2,25PDAC04,program_code unmatched
a33138b6-4eea-4675-941f-1071bf88b127,a33138b6-4eea-4675-941f-1071bf88b127,PDA,PDA-4,25PDAC10,program_code unmatched
a33138b6-4eea-4675-941f-1071bf88b127,a33138b6-4eea-4675-941f-1071bf88b127,PDA,PDA-4,25PDAC11,program_code unmatched
a33138b6-4eea-4675-941f-1071bf88b127,a33138b6-4eea-4675-941f-1071bf88b127,PEN,PEN-1,24PENC01,program_code unmatched
a33138b6-4eea-4675-941f-1071bf88b127,a33138b6-4eea-4675-941f-1071bf88b127,PEN,PEN-2,24PENC04,program_code unmatched
a33138b6-4eea-4675-941f-1071bf88b127,a33138b6-4eea-4675-941f-1071bf88b127,PEN,PEN-3,24PENC07,program_code unmatched
a33138b6-4eea-4675-941f-1071bf88b127,a33138b6-4eea-4675-941f-1071bf88b127,PEN,PEN-4,24PENC11,program_code unmatched
a33138b6-4eea-4675-941f-1071bf88b127,a33138b6-4eea-4675-941f-1071bf88b127,PEN,PEN-4,26PENC11,program_code unmatched
a33138b6-4eea-4675-941f-1071bf88b127,a33138b6-4eea-4675-941f-1071bf88b127,PMA,PMA-1,24PMAC01,program_code unmatched
a33138b6-4eea-4675-941f-1071bf88b127,a33138b6-4eea-4675-941f-1071bf88b127,PMA,PMA-2,24PMAC04,program_code unmatched
a33138b6-4eea-4675-941f-1071bf88b127,a33138b6-4eea-4675-941f-1071bf88b127,PMA,PMA-3,24PMAC07,program_code unmatched
a33138b6-4eea-4675-941f-1071bf88b127,a33138b6-4eea-4675-941f-1071bf88b127,PMA,PMA-4,24PMAC11,program_code unmatched
a33138b6-4eea-4675-941f-1071bf88b127,a33138b6-4eea-4675-941f-1071bf88b127,UAD,UAD-1,24UGTA01,program_code unmatched
a33138b6-4eea-4675-941f-1071bf88b127,a33138b6-4eea-4675-941f-1071bf88b127,UAD,UAD-2,24UGTA02,program_code unmatched
a33138b6-4eea-4675-941f-1071bf88b127,a33138b6-4eea-4675-941f-1071bf88b127,UAD,UAD-3,24UGTA03,program_code unmatched
a33138b6-4eea-4675-941f-1071bf88b127,a33138b6-4eea-4675-941f-1071bf88b127,UAD,UAD-4,24UGTA04,program_code unmatched
a33138b6-4eea-4675-941f-1071bf88b127,a33138b6-4eea-4675-941f-1071bf88b127,UAD,UAD-6,24UADC07,program_code unmatched
a33138b6-4eea-4675-941f-1071bf88b127,a33138b6-4eea-4675-941f-1071bf88b127,UBA,UBA-1,24UGTA01,program_code unmatched
a33138b6-4eea-4675-941f-1071bf88b127,a33138b6-4eea-4675-941f-1071bf88b127,UBA,UBA-2,24UGTA02,program_code unmatched
a33138b6-4eea-4675-941f-1071bf88b127,a33138b6-4eea-4675-941f-1071bf88b127,UBA,UBA-3,24UGTA03,program_code unmatched
a33138b6-4eea-4675-941f-1071bf88b127,a33138b6-4eea-4675-941f-1071bf88b127,UBA,UBA-4,24UGTA04,program_code unmatched
a33138b6-4eea-4675-941f-1071bf88b127,a33138b6-4eea-4675-941f-1071bf88b127,UBA,UBA-5,24UBAC09,program_code unmatched
a33138b6-4eea-4675-941f-1071bf88b127,a33138b6-4eea-4675-941f-1071bf88b127,UBA,UBA-6,24UBAC13,program_code unmatched
a33138b6-4eea-4675-941f-1071bf88b127,a33138b6-4eea-4675-941f-1071bf88b127,UCA,UCA-1,24UGTA01,program_code unmatched
a33138b6-4eea-4675-941f-1071bf88b127,a33138b6-4eea-4675-941f-1071bf88b127,UCA,UCA-2,24UGTA02,program_code unmatched
a33138b6-4eea-4675-941f-1071bf88b127,a33138b6-4eea-4675-941f-1071bf88b127,UCA,UCA-3,24UGTA03,program_code unmatched
a33138b6-4eea-4675-941f-1071bf88b127,a33138b6-4eea-4675-941f-1071bf88b127,UCA,UCA-4,24UGTA04,program_code unmatched
a33138b6-4eea-4675-941f-1071bf88b127,a33138b6-4eea-4675-941f-1071bf88b127,UCA,UCA-6,24UCAC07,program_code unmatched
a33138b6-4eea-4675-941f-1071bf88b127,a33138b6-4eea-4675-941f-1071bf88b127,UCC,UCC-1,24UGTA01,program_code unmatched
a33138b6-4eea-4675-941f-1071bf88b127,a33138b6-4eea-4675-941f-1071bf88b127,UCC,UCC-2,24UGTA02,program_code unmatched
a33138b6-4eea-4675-941f-1071bf88b127,a33138b6-4eea-4675-941f-1071bf88b127,UCC,UCC-3,24UGTA03,program_code unmatched
a33138b6-4eea-4675-941f-1071bf88b127,a33138b6-4eea-4675-941f-1071bf88b127,UCC,UCC-4,24UGTA04,program_code unmatched
a33138b6-4eea-4675-941f-1071bf88b127,a33138b6-4eea-4675-941f-1071bf88b127,UCC,UCC-5,24UCCC09,program_code unmatched
a33138b6-4eea-4675-941f-1071bf88b127,a33138b6-4eea-4675-941f-1071bf88b127,UCS,UCS-1,24UGTA01,program_code unmatched
a33138b6-4eea-4675-941f-1071bf88b127,a33138b6-4eea-4675-941f-1071bf88b127,UCS,UCS-2,24UGTA02,program_code unmatched
a33138b6-4eea-4675-941f-1071bf88b127,a33138b6-4eea-4675-941f-1071bf88b127,UCS,UCS-3,24UGTA03,program_code unmatched
a33138b6-4eea-4675-941f-1071bf88b127,a33138b6-4eea-4675-941f-1071bf88b127,UCS,UCS-4,24UGTA04,program_code unmatched
a33138b6-4eea-4675-941f-1071bf88b127,a33138b6-4eea-4675-941f-1071bf88b127,UCS,UCS-5,24UCSDSE01,program_code unmatched
a33138b6-4eea-4675-941f-1071bf88b127,a33138b6-4eea-4675-941f-1071bf88b127,UCY,UCY-1,24UGTA01,program_code unmatched
a33138b6-4eea-4675-941f-1071bf88b127,a33138b6-4eea-4675-941f-1071bf88b127,UCY,UCY-2,24UGTA02,program_code unmatched
a33138b6-4eea-4675-941f-1071bf88b127,a33138b6-4eea-4675-941f-1071bf88b127,UCY,UCY-3,24UGTA03,program_code unmatched
a33138b6-4eea-4675-941f-1071bf88b127,a33138b6-4eea-4675-941f-1071bf88b127,UCY,UCY-4,24UGTA04,program_code unmatched
a33138b6-4eea-4675-941f-1071bf88b127,a33138b6-4eea-4675-941f-1071bf88b127,UMB,UMB-1,24UGTA01,program_code unmatched
a33138b6-4eea-4675-941f-1071bf88b127,a33138b6-4eea-4675-941f-1071bf88b127,UMB,UMB-2,24UGTA02,program_code unmatched
a33138b6-4eea-4675-941f-1071bf88b127,a33138b6-4eea-4675-941f-1071bf88b127,UMB,UMB-3,24UGTA03,program_code unmatched
a33138b6-4eea-4675-941f-1071bf88b127,a33138b6-4eea-4675-941f-1071bf88b127,UMB,UMB-4,24UGTA04,program_code unmatched
a33138b6-4eea-4675-941f-1071bf88b127,a33138b6-4eea-4675-941f-1071bf88b127,UPH,UPH-1,24UGTA01,program_code unmatched
a33138b6-4eea-4675-941f-1071bf88b127,a33138b6-4eea-4675-941f-1071bf88b127,UPH,UPH-2,24UGTA02,program_code unmatched
a33138b6-4eea-4675-941f-1071bf88b127,a33138b6-4eea-4675-941f-1071bf88b127,UPH,UPH-3,24UGTA03,program_code unmatched
a33138b6-4eea-4675-941f-1071bf88b127,a33138b6-4eea-4675-941f-1071bf88b127,UPH,UPH-4,24UGTA04,program_code unmatched
a33138b6-4eea-4675-941f-1071bf88b127,a33138b6-4eea-4675-941f-1071bf88b127,UTF,UTF-1,24UGTA01,program_code unmatched
a33138b6-4eea-4675-941f-1071bf88b127,a33138b6-4eea-4675-941f-1071bf88b127,UTF,UTF-2,24UGTA02,program_code unmatched
a33138b6-4eea-4675-941f-1071bf88b127,a33138b6-4eea-4675-941f-1071bf88b127,UTF,UTF-3,24UGTA03,program_code unmatched
a33138b6-4eea-4675-941f-1071bf88b127,a33138b6-4eea-4675-941f-1071bf88b127,UTF,UTF-4,24UGTA04,program_code unmatched
a33138b6-4eea-4675-941f-1071bf88b127,a33138b6-4eea-4675-941f-1071bf88b127,UTF,UTF-6,24UTFC07,program_code unmatched
a33138b6-4eea-4675-941f-1071bf88b127,a33138b6-4eea-4675-941f-1071bf88b127,UVC,UVC-1,24UGTA01,program_code unmatched
a33138b6-4eea-4675-941f-1071bf88b127,a33138b6-4eea-4675-941f-1071bf88b127,UVC,UVC-2,24UGTA02,program_code unmatched
a33138b6-4eea-4675-941f-1071bf88b127,a33138b6-4eea-4675-941f-1071bf88b127,UVC,UVC-3,24UGTA03,program_code unmatched
a33138b6-4eea-4675-941f-1071bf88b127,a33138b6-4eea-4675-941f-1071bf88b127,UVC,UVC-4,24UGTA04,program_code unmatched
a33138b6-4eea-4675-941f-1071bf88b127,a33138b6-4eea-4675-941f-1071bf88b127,PCS,PCS-1,24PCSC02,program_code unmatched
a33138b6-4eea-4675-941f-1071bf88b127,a33138b6-4eea-4675-941f-1071bf88b127,PCS,PCS-2,24PCSC05,program_code unmatched
a33138b6-4eea-4675-941f-1071bf88b127,a33138b6-4eea-4675-941f-1071bf88b127,PCS,PCS-3,24PCSC07,program_code unmatched
a33138b6-4eea-4675-941f-1071bf88b127,a33138b6-4eea-4675-941f-1071bf88b127,PCS,PCS-4,24PCSC11,program_code unmatched
a33138b6-4eea-4675-941f-1071bf88b127,a33138b6-4eea-4675-941f-1071bf88b127,PDA,PDA-1,25PDAC02,program_code unmatched
a33138b6-4eea-4675-941f-1071bf88b127,a33138b6-4eea-4675-941f-1071bf88b127,PDA,PDA-2,25PDAC05,program_code unmatched
a33138b6-4eea-4675-941f-1071bf88b127,a33138b6-4eea-4675-941f-1071bf88b127,PDA,PDA-3,25PDAC07,program_code unmatched
a33138b6-4eea-4675-941f-1071bf88b127,a33138b6-4eea-4675-941f-1071bf88b127,PEN,PEN-1,24PENC02,program_code unmatched
a33138b6-4eea-4675-941f-1071bf88b127,a33138b6-4eea-4675-941f-1071bf88b127,PEN,PEN-2,24PENC05,program_code unmatched
a33138b6-4eea-4675-941f-1071bf88b127,a33138b6-4eea-4675-941f-1071bf88b127,PEN,PEN-3,24PENC08,program_code unmatched
a33138b6-4eea-4675-941f-1071bf88b127,a33138b6-4eea-4675-941f-1071bf88b127,PEN,PEN-4,24PENC12,program_code unmatched
a33138b6-4eea-4675-941f-1071bf88b127,a33138b6-4eea-4675-941f-1071bf88b127,PMA,PMA-1,24PMAC02,program_code unmatched
a33138b6-4eea-4675-941f-1071bf88b127,a33138b6-4eea-4675-941f-1071bf88b127,PMA,PMA-2,24PMAC05,program_code unmatched
a33138b6-4eea-4675-941f-1071bf88b127,a33138b6-4eea-4675-941f-1071bf88b127,PMA,PMA-3,24PMAC08,program_code unmatched
a33138b6-4eea-4675-941f-1071bf88b127,a33138b6-4eea-4675-941f-1071bf88b127,PMA,PMA-4,24PMAC12,program_code unmatched
a33138b6-4eea-4675-941f-1071bf88b127,a33138b6-4eea-4675-941f-1071bf88b127,UAD,UAD-1,24UGEN01,program_code unmatched
a33138b6-4eea-4675-941f-1071bf88b127,a33138b6-4eea-4675-941f-1071bf88b127,UAD,UAD-2,24UGEN02,program_code unmatched
a33138b6-4eea-4675-941f-1071bf88b127,a33138b6-4eea-4675-941f-1071bf88b127,UAD,UAD-3,24UGEN03,program_code unmatched
a33138b6-4eea-4675-941f-1071bf88b127,a33138b6-4eea-4675-941f-1071bf88b127,UAD,UAD-4,24UGEN04,program_code unmatched
a33138b6-4eea-4675-941f-1071bf88b127,a33138b6-4eea-4675-941f-1071bf88b127,UAD,UAD-5,24UADCP05,program_code unmatched
a33138b6-4eea-4675-941f-1071bf88b127,a33138b6-4eea-4675-941f-1071bf88b127,UAD,UAD-6,24UADC08,program_code unmatched
a33138b6-4eea-4675-941f-1071bf88b127,a33138b6-4eea-4675-941f-1071bf88b127,UBA,UBA-1,24UGEN01,program_code unmatched
a33138b6-4eea-4675-941f-1071bf88b127,a33138b6-4eea-4675-941f-1071bf88b127,UBA,UBA-2,24UGEN02,program_code unmatched
a33138b6-4eea-4675-941f-1071bf88b127,a33138b6-4eea-4675-941f-1071bf88b127,UBA,UBA-3,24UGEN03,program_code unmatched
a33138b6-4eea-4675-941f-1071bf88b127,a33138b6-4eea-4675-941f-1071bf88b127,UBA,UBA-4,24UGEN04,program_code unmatched
a33138b6-4eea-4675-941f-1071bf88b127,a33138b6-4eea-4675-941f-1071bf88b127,UBA,UBA-5,24UBAC10,program_code unmatched
a33138b6-4eea-4675-941f-1071bf88b127,a33138b6-4eea-4675-941f-1071bf88b127,UBA,UBA-6,24UBAC14,program_code unmatched
a33138b6-4eea-4675-941f-1071bf88b127,a33138b6-4eea-4675-941f-1071bf88b127,UCA,UCA-1,24UGEN01,program_code unmatched
a33138b6-4eea-4675-941f-1071bf88b127,a33138b6-4eea-4675-941f-1071bf88b127,UCA,UCA-2,24UGEN02,program_code unmatched
a33138b6-4eea-4675-941f-1071bf88b127,a33138b6-4eea-4675-941f-1071bf88b127,UCA,UCA-3,24UGEN03,program_code unmatched
a33138b6-4eea-4675-941f-1071bf88b127,a33138b6-4eea-4675-941f-1071bf88b127,UCA,UCA-4,24UGEN04,program_code unmatched
a33138b6-4eea-4675-941f-1071bf88b127,a33138b6-4eea-4675-941f-1071bf88b127,UCA,UCA-5,24UCAC06,program_code unmatched
a33138b6-4eea-4675-941f-1071bf88b127,a33138b6-4eea-4675-941f-1071bf88b127,UCA,UCA-6,24UCAC08,program_code unmatched
a33138b6-4eea-4675-941f-1071bf88b127,a33138b6-4eea-4675-941f-1071bf88b127,UCC,UCC-1,24UGEN01,program_code unmatched
a33138b6-4eea-4675-941f-1071bf88b127,a33138b6-4eea-4675-941f-1071bf88b127,UCC,UCC-2,24UGEN02,program_code unmatched
a33138b6-4eea-4675-941f-1071bf88b127,a33138b6-4eea-4675-941f-1071bf88b127,UCC,UCC-3,24UGEN03,program_code unmatched
a33138b6-4eea-4675-941f-1071bf88b127,a33138b6-4eea-4675-941f-1071bf88b127,UCC,UCC-4,24UGEN04,program_code unmatched
a33138b6-4eea-4675-941f-1071bf88b127,a33138b6-4eea-4675-941f-1071bf88b127,UCC,UCC-5,24UCCC10,program_code unmatched
a33138b6-4eea-4675-941f-1071bf88b127,a33138b6-4eea-4675-941f-1071bf88b127,UCC,UCC-6,24UCCC14,program_code unmatched
a33138b6-4eea-4675-941f-1071bf88b127,a33138b6-4eea-4675-941f-1071bf88b127,UCS,UCS-1,24UGEN01,program_code unmatched
a33138b6-4eea-4675-941f-1071bf88b127,a33138b6-4eea-4675-941f-1071bf88b127,UCS,UCS-2,24UGEN02,program_code unmatched
a33138b6-4eea-4675-941f-1071bf88b127,a33138b6-4eea-4675-941f-1071bf88b127,UCS,UCS-3,24UGEN03,program_code unmatched
a33138b6-4eea-4675-941f-1071bf88b127,a33138b6-4eea-4675-941f-1071bf88b127,UCS,UCS-4,24UGEN04,program_code unmatched
a33138b6-4eea-4675-941f-1071bf88b127,a33138b6-4eea-4675-941f-1071bf88b127,UCS,UCS-5,24UCSC05,program_code unmatched
a33138b6-4eea-4675-941f-1071bf88b127,a33138b6-4eea-4675-941f-1071bf88b127,UCS,UCS-6,24UCSC08,program_code unmatched
a33138b6-4eea-4675-941f-1071bf88b127,a33138b6-4eea-4675-941f-1071bf88b127,UCY,UCY-1,24UGEN01,program_code unmatched
a33138b6-4eea-4675-941f-1071bf88b127,a33138b6-4eea-4675-941f-1071bf88b127,UCY,UCY-2,24UGEN02,program_code unmatched
a33138b6-4eea-4675-941f-1071bf88b127,a33138b6-4eea-4675-941f-1071bf88b127,UCY,UCY-3,24UGEN03,program_code unmatched
a33138b6-4eea-4675-941f-1071bf88b127,a33138b6-4eea-4675-941f-1071bf88b127,UCY,UCY-4,24UGEN04,program_code unmatched
a33138b6-4eea-4675-941f-1071bf88b127,a33138b6-4eea-4675-941f-1071bf88b127,UCY,UCY-5,24UCYCP05,program_code unmatched
a33138b6-4eea-4675-941f-1071bf88b127,a33138b6-4eea-4675-941f-1071bf88b127,UCY,UCY-6,24UCYCP07,program_code unmatched
a33138b6-4eea-4675-941f-1071bf88b127,a33138b6-4eea-4675-941f-1071bf88b127,UMB,UMB-1,24UGEN01,program_code unmatched
a33138b6-4eea-4675-941f-1071bf88b127,a33138b6-4eea-4675-941f-1071bf88b127,UMB,UMB-2,24UGEN02,program_code unmatched
a33138b6-4eea-4675-941f-1071bf88b127,a33138b6-4eea-4675-941f-1071bf88b127,UMB,UMB-3,24UGEN03,program_code unmatched
a33138b6-4eea-4675-941f-1071bf88b127,a33138b6-4eea-4675-941f-1071bf88b127,UMB,UMB-4,24UGEN04,program_code unmatched
a33138b6-4eea-4675-941f-1071bf88b127,a33138b6-4eea-4675-941f-1071bf88b127,UMB,UMB-5,24UMBC06,program_code unmatched
a33138b6-4eea-4675-941f-1071bf88b127,a33138b6-4eea-4675-941f-1071bf88b127,UPH,UPH-1,24UGEN01,program_code unmatched
a33138b6-4eea-4675-941f-1071bf88b127,a33138b6-4eea-4675-941f-1071bf88b127,UPH,UPH-2,24UGEN02,program_code unmatched
a33138b6-4eea-4675-941f-1071bf88b127,a33138b6-4eea-4675-941f-1071bf88b127,UPH,UPH-3,24UGEN03,program_code unmatched
a33138b6-4eea-4675-941f-1071bf88b127,a33138b6-4eea-4675-941f-1071bf88b127,UPH,UPH-4,24UGEN04,program_code unmatched
a33138b6-4eea-4675-941f-1071bf88b127,a33138b6-4eea-4675-941f-1071bf88b127,UPH,UPH-5,24UPHC06,program_code unmatched
a33138b6-4eea-4675-941f-1071bf88b127,a33138b6-4eea-4675-941f-1071bf88b127,UPH,UPH-6,24UPHC09,program_code unmatched
a33138b6-4eea-4675-941f-1071bf88b127,a33138b6-4eea-4675-941f-1071bf88b127,UTF,UTF-1,24UGEN01,program_code unmatched
a33138b6-4eea-4675-941f-1071bf88b127,a33138b6-4eea-4675-941f-1071bf88b127,UTF,UTF-2,24UGEN02,program_code unmatched
a33138b6-4eea-4675-941f-1071bf88b127,a33138b6-4eea-4675-941f-1071bf88b127,UTF,UTF-3,24UGEN03,program_code unmatched
a33138b6-4eea-4675-941f-1071bf88b127,a33138b6-4eea-4675-941f-1071bf88b127,UTF,UTF-4,24UGEN04,program_code unmatched
a33138b6-4eea-4675-941f-1071bf88b127,a33138b6-4eea-4675-941f-1071bf88b127,UTF,UTF-5,24UTFC06,program_code unmatched
a33138b6-4eea-4675-941f-1071bf88b127,a33138b6-4eea-4675-941f-1071bf88b127,UTF,UTF-6,24UTFCP07,program_code unmatched
a33138b6-4eea-4675-941f-1071bf88b127,a33138b6-4eea-4675-941f-1071bf88b127,UVC,UVC-1,24UGEN01,program_code unmatched
a33138b6-4eea-4675-941f-1071bf88b127,a33138b6-4eea-4675-941f-1071bf88b127,UVC,UVC-2,24UGEN02,program_code unmatched
a33138b6-4eea-4675-941f-1071bf88b127,a33138b6-4eea-4675-941f-1071bf88b127,UVC,UVC-3,24UGEN03,program_code unmatched
a33138b6-4eea-4675-941f-1071bf88b127,a33138b6-4eea-4675-941f-1071bf88b127,UVC,UVC-4,24UGEN04,program_code unmatched
a33138b6-4eea-4675-941f-1071bf88b127,a33138b6-4eea-4675-941f-1071bf88b127,UZO,UZO-5,25UZOC08,course not mirrored
a33138b6-4eea-4675-941f-1071bf88b127,a33138b6-4eea-4675-941f-1071bf88b127,PCS,PCS-1,24PCSC03,program_code unmatched
a33138b6-4eea-4675-941f-1071bf88b127,a33138b6-4eea-4675-941f-1071bf88b127,PCS,PCS-2,24PCSCP03,program_code unmatched
a33138b6-4eea-4675-941f-1071bf88b127,a33138b6-4eea-4675-941f-1071bf88b127,PCS,PCS-3,24PCSC08,program_code unmatched
a33138b6-4eea-4675-941f-1071bf88b127,a33138b6-4eea-4675-941f-1071bf88b127,PCS,PCS-4,24PCSEP01,program_code unmatched
a33138b6-4eea-4675-941f-1071bf88b127,a33138b6-4eea-4675-941f-1071bf88b127,PDA,PDA-1,25PDAC03,program_code unmatched
a33138b6-4eea-4675-941f-1071bf88b127,a33138b6-4eea-4675-941f-1071bf88b127,PDA,PDA-2,25PDACP03,program_code unmatched
a33138b6-4eea-4675-941f-1071bf88b127,a33138b6-4eea-4675-941f-1071bf88b127,PDA,PDA-4,25PDAEP01,program_code unmatched
a33138b6-4eea-4675-941f-1071bf88b127,a33138b6-4eea-4675-941f-1071bf88b127,PEN,PEN-1,24PENC03,program_code unmatched
a33138b6-4eea-4675-941f-1071bf88b127,a33138b6-4eea-4675-941f-1071bf88b127,PEN,PEN-1,25PENC03,program_code unmatched
a33138b6-4eea-4675-941f-1071bf88b127,a33138b6-4eea-4675-941f-1071bf88b127,PEN,PEN-2,24PENC06,program_code unmatched
a33138b6-4eea-4675-941f-1071bf88b127,a33138b6-4eea-4675-941f-1071bf88b127,PEN,PEN-3,24PENC09,program_code unmatched
a33138b6-4eea-4675-941f-1071bf88b127,a33138b6-4eea-4675-941f-1071bf88b127,PEN,PEN-4,24PENC13,program_code unmatched
a33138b6-4eea-4675-941f-1071bf88b127,a33138b6-4eea-4675-941f-1071bf88b127,PMA,PMA-1,24PMAC03,program_code unmatched
a33138b6-4eea-4675-941f-1071bf88b127,a33138b6-4eea-4675-941f-1071bf88b127,PMA,PMA-2,24PMAC06,program_code unmatched
a33138b6-4eea-4675-941f-1071bf88b127,a33138b6-4eea-4675-941f-1071bf88b127,PMA,PMA-3,24PMAC09,program_code unmatched
a33138b6-4eea-4675-941f-1071bf88b127,a33138b6-4eea-4675-941f-1071bf88b127,PMA,PMA-4,24PMAE21,program_code unmatched
a33138b6-4eea-4675-941f-1071bf88b127,a33138b6-4eea-4675-941f-1071bf88b127,UAD,UAD-1,24UADC01,program_code unmatched
a33138b6-4eea-4675-941f-1071bf88b127,a33138b6-4eea-4675-941f-1071bf88b127,UAD,UAD-2,24UADC02,program_code unmatched
a33138b6-4eea-4675-941f-1071bf88b127,a33138b6-4eea-4675-941f-1071bf88b127,UAD,UAD-3,24UADC03,program_code unmatched
a33138b6-4eea-4675-941f-1071bf88b127,a33138b6-4eea-4675-941f-1071bf88b127,UAD,UAD-4,24UADC04,program_code unmatched
a33138b6-4eea-4675-941f-1071bf88b127,a33138b6-4eea-4675-941f-1071bf88b127,UAD,UAD-6,24UADCP06,program_code unmatched
a33138b6-4eea-4675-941f-1071bf88b127,a33138b6-4eea-4675-941f-1071bf88b127,UBA,UBA-1,24UBAC01,program_code unmatched
a33138b6-4eea-4675-941f-1071bf88b127,a33138b6-4eea-4675-941f-1071bf88b127,UBA,UBA-2,24UBAC03,program_code unmatched
a33138b6-4eea-4675-941f-1071bf88b127,a33138b6-4eea-4675-941f-1071bf88b127,UBA,UBA-3,24UBAC05,program_code unmatched
a33138b6-4eea-4675-941f-1071bf88b127,a33138b6-4eea-4675-941f-1071bf88b127,UBA,UBA-4,24UBAC07,program_code unmatched
a33138b6-4eea-4675-941f-1071bf88b127,a33138b6-4eea-4675-941f-1071bf88b127,UBA,UBA-5,24UBAC11,program_code unmatched
a33138b6-4eea-4675-941f-1071bf88b127,a33138b6-4eea-4675-941f-1071bf88b127,UBA,UBA-6,24UBAC15,program_code unmatched
a33138b6-4eea-4675-941f-1071bf88b127,a33138b6-4eea-4675-941f-1071bf88b127,UCA,UCA-1,24UCAC01,program_code unmatched
a33138b6-4eea-4675-941f-1071bf88b127,a33138b6-4eea-4675-941f-1071bf88b127,UCA,UCA-2,24UCAC02,program_code unmatched
a33138b6-4eea-4675-941f-1071bf88b127,a33138b6-4eea-4675-941f-1071bf88b127,UCA,UCA-3,24UCAC03,program_code unmatched
a33138b6-4eea-4675-941f-1071bf88b127,a33138b6-4eea-4675-941f-1071bf88b127,UCA,UCA-4,24UCAC04,program_code unmatched
a33138b6-4eea-4675-941f-1071bf88b127,a33138b6-4eea-4675-941f-1071bf88b127,UCA,UCA-5,24UCACP05,program_code unmatched
a33138b6-4eea-4675-941f-1071bf88b127,a33138b6-4eea-4675-941f-1071bf88b127,UCA,UCA-6,24UCACP06,program_code unmatched
a33138b6-4eea-4675-941f-1071bf88b127,a33138b6-4eea-4675-941f-1071bf88b127,UCC,UCC-1,24UCCC01,program_code unmatched
a33138b6-4eea-4675-941f-1071bf88b127,a33138b6-4eea-4675-941f-1071bf88b127,UCC,UCC-2,24UCCC03,program_code unmatched
a33138b6-4eea-4675-941f-1071bf88b127,a33138b6-4eea-4675-941f-1071bf88b127,UCC,UCC-3,24UCCC05,program_code unmatched
a33138b6-4eea-4675-941f-1071bf88b127,a33138b6-4eea-4675-941f-1071bf88b127,UCC,UCC-4,24UCCC07,program_code unmatched
a33138b6-4eea-4675-941f-1071bf88b127,a33138b6-4eea-4675-941f-1071bf88b127,UCC,UCC-5,24UCCC11,program_code unmatched
a33138b6-4eea-4675-941f-1071bf88b127,a33138b6-4eea-4675-941f-1071bf88b127,UCC,UCC-6,24UCCC15,program_code unmatched
a33138b6-4eea-4675-941f-1071bf88b127,a33138b6-4eea-4675-941f-1071bf88b127,UCS,UCS-1,24UCSC01,program_code unmatched
a33138b6-4eea-4675-941f-1071bf88b127,a33138b6-4eea-4675-941f-1071bf88b127,UCS,UCS-2,24UCSC02,program_code unmatched
a33138b6-4eea-4675-941f-1071bf88b127,a33138b6-4eea-4675-941f-1071bf88b127,UCS,UCS-3,24UCSC03,program_code unmatched
a33138b6-4eea-4675-941f-1071bf88b127,a33138b6-4eea-4675-941f-1071bf88b127,UCS,UCS-4,24UCSC04,program_code unmatched
a33138b6-4eea-4675-941f-1071bf88b127,a33138b6-4eea-4675-941f-1071bf88b127,UCS,UCS-5,24UCSC06,program_code unmatched
a33138b6-4eea-4675-941f-1071bf88b127,a33138b6-4eea-4675-941f-1071bf88b127,UCS,UCS-6,24UCSCP06,program_code unmatched
a33138b6-4eea-4675-941f-1071bf88b127,a33138b6-4eea-4675-941f-1071bf88b127,UCY,UCY-1,24UCYC01,program_code unmatched
a33138b6-4eea-4675-941f-1071bf88b127,a33138b6-4eea-4675-941f-1071bf88b127,UCY,UCY-2,24UCYC02,program_code unmatched
a33138b6-4eea-4675-941f-1071bf88b127,a33138b6-4eea-4675-941f-1071bf88b127,UCY,UCY-3,24UCYC03,program_code unmatched
a33138b6-4eea-4675-941f-1071bf88b127,a33138b6-4eea-4675-941f-1071bf88b127,UCY,UCY-4,24UCYC04,program_code unmatched
a33138b6-4eea-4675-941f-1071bf88b127,a33138b6-4eea-4675-941f-1071bf88b127,UCY,UCY-5,24UCYC06,program_code unmatched
a33138b6-4eea-4675-941f-1071bf88b127,a33138b6-4eea-4675-941f-1071bf88b127,UCY,UCY-6,24UCYC08,program_code unmatched
a33138b6-4eea-4675-941f-1071bf88b127,a33138b6-4eea-4675-941f-1071bf88b127,UMB,UMB-1,24UMBC01,program_code unmatched
a33138b6-4eea-4675-941f-1071bf88b127,a33138b6-4eea-4675-941f-1071bf88b127,UMB,UMB-2,24UMBC02,program_code unmatched
a33138b6-4eea-4675-941f-1071bf88b127,a33138b6-4eea-4675-941f-1071bf88b127,UMB,UMB-3,24UMBC03,program_code unmatched
a33138b6-4eea-4675-941f-1071bf88b127,a33138b6-4eea-4675-941f-1071bf88b127,UMB,UMB-4,24UMBC04,program_code unmatched
a33138b6-4eea-4675-941f-1071bf88b127,a33138b6-4eea-4675-941f-1071bf88b127,UMB,UMB-5,24UMBCP05,program_code unmatched
a33138b6-4eea-4675-941f-1071bf88b127,a33138b6-4eea-4675-941f-1071bf88b127,UPH,UPH-1,24UPHC01,program_code unmatched
a33138b6-4eea-4675-941f-1071bf88b127,a33138b6-4eea-4675-941f-1071bf88b127,UPH,UPH-2,24UPHC02,program_code unmatched
a33138b6-4eea-4675-941f-1071bf88b127,a33138b6-4eea-4675-941f-1071bf88b127,UPH,UPH-3,24UPHC03,program_code unmatched
a33138b6-4eea-4675-941f-1071bf88b127,a33138b6-4eea-4675-941f-1071bf88b127,UPH,UPH-4,24UPHC04,program_code unmatched
a33138b6-4eea-4675-941f-1071bf88b127,a33138b6-4eea-4675-941f-1071bf88b127,UPH,UPH-5,24UPHC07,program_code unmatched
a33138b6-4eea-4675-941f-1071bf88b127,a33138b6-4eea-4675-941f-1071bf88b127,UPH,UPH-6,24UPHC10,program_code unmatched
a33138b6-4eea-4675-941f-1071bf88b127,a33138b6-4eea-4675-941f-1071bf88b127,UTF,UTF-1,24UTFC01,program_code unmatched
a33138b6-4eea-4675-941f-1071bf88b127,a33138b6-4eea-4675-941f-1071bf88b127,UTF,UTF-2,24UTFC02,program_code unmatched
a33138b6-4eea-4675-941f-1071bf88b127,a33138b6-4eea-4675-941f-1071bf88b127,UTF,UTF-3,24UTFC03,program_code unmatched
a33138b6-4eea-4675-941f-1071bf88b127,a33138b6-4eea-4675-941f-1071bf88b127,UTF,UTF-4,24UTFC04,program_code unmatched
a33138b6-4eea-4675-941f-1071bf88b127,a33138b6-4eea-4675-941f-1071bf88b127,UTF,UTF-5,24UTFCP05,program_code unmatched
a33138b6-4eea-4675-941f-1071bf88b127,a33138b6-4eea-4675-941f-1071bf88b127,UTF,UTF-6,24UTFCP08,program_code unmatched
a33138b6-4eea-4675-941f-1071bf88b127,a33138b6-4eea-4675-941f-1071bf88b127,UVC,UVC-1,24UVCC01,program_code unmatched
a33138b6-4eea-4675-941f-1071bf88b127,a33138b6-4eea-4675-941f-1071bf88b127,UVC,UVC-2,24UVCC03,program_code unmatched
a33138b6-4eea-4675-941f-1071bf88b127,a33138b6-4eea-4675-941f-1071bf88b127,UVC,UVC-3,24UVCC04,program_code unmatched
a33138b6-4eea-4675-941f-1071bf88b127,a33138b6-4eea-4675-941f-1071bf88b127,UVC,UVC-4,24UVCC05,program_code unmatched
a33138b6-4eea-4675-941f-1071bf88b127,a33138b6-4eea-4675-941f-1071bf88b127,UZO,UZO-5,25UZOC09,course not mirrored
a33138b6-4eea-4675-941f-1071bf88b127,a33138b6-4eea-4675-941f-1071bf88b127,PCS,PCS-1,24PCSCP01,program_code unmatched
a33138b6-4eea-4675-941f-1071bf88b127,a33138b6-4eea-4675-941f-1071bf88b127,PCS,PCS-2,24PCSCP04,program_code unmatched
a33138b6-4eea-4675-941f-1071bf88b127,a33138b6-4eea-4675-941f-1071bf88b127,PCS,PCS-3,24PCSC09,program_code unmatched
a33138b6-4eea-4675-941f-1071bf88b127,a33138b6-4eea-4675-941f-1071bf88b127,PCS,PCS-4,24PCSPR01,program_code unmatched
a33138b6-4eea-4675-941f-1071bf88b127,a33138b6-4eea-4675-941f-1071bf88b127,PDA,PDA-1,25PDACP01,program_code unmatched
a33138b6-4eea-4675-941f-1071bf88b127,a33138b6-4eea-4675-941f-1071bf88b127,PDA,PDA-2,25PDACP04,program_code unmatched
a33138b6-4eea-4675-941f-1071bf88b127,a33138b6-4eea-4675-941f-1071bf88b127,PDA,PDA-4,25PDAEP02,program_code unmatched
a33138b6-4eea-4675-941f-1071bf88b127,a33138b6-4eea-4675-941f-1071bf88b127,PEN,PEN-1,24PENE01,program_code unmatched
a33138b6-4eea-4675-941f-1071bf88b127,a33138b6-4eea-4675-941f-1071bf88b127,PEN,PEN-2,24PENE03,program_code unmatched
a33138b6-4eea-4675-941f-1071bf88b127,a33138b6-4eea-4675-941f-1071bf88b127,PEN,PEN-3,24PENC10,program_code unmatched
a33138b6-4eea-4675-941f-1071bf88b127,a33138b6-4eea-4675-941f-1071bf88b127,PEN,PEN-4,24PENE06,program_code unmatched
a33138b6-4eea-4675-941f-1071bf88b127,a33138b6-4eea-4675-941f-1071bf88b127,PMA,PMA-1,24PMAE01,program_code unmatched
a33138b6-4eea-4675-941f-1071bf88b127,a33138b6-4eea-4675-941f-1071bf88b127,PMA,PMA-1,24PMAE02,program_code unmatched
a33138b6-4eea-4675-941f-1071bf88b127,a33138b6-4eea-4675-941f-1071bf88b127,PMA,PMA-1,24PMAE03,program_code unmatched
a33138b6-4eea-4675-941f-1071bf88b127,a33138b6-4eea-4675-941f-1071bf88b127,PMA,PMA-1,24PMAE04,program_code unmatched
a33138b6-4eea-4675-941f-1071bf88b127,a33138b6-4eea-4675-941f-1071bf88b127,PMA,PMA-2,24PMAE09,program_code unmatched
a33138b6-4eea-4675-941f-1071bf88b127,a33138b6-4eea-4675-941f-1071bf88b127,PMA,PMA-3,24PMAC10,program_code unmatched
a33138b6-4eea-4675-941f-1071bf88b127,a33138b6-4eea-4675-941f-1071bf88b127,PMA,PMA-4,24PMAE22,program_code unmatched
a33138b6-4eea-4675-941f-1071bf88b127,a33138b6-4eea-4675-941f-1071bf88b127,UAD,UAD-1,24UADCP01,program_code unmatched
a33138b6-4eea-4675-941f-1071bf88b127,a33138b6-4eea-4675-941f-1071bf88b127,UAD,UAD-2,24UADCP02,program_code unmatched
a33138b6-4eea-4675-941f-1071bf88b127,a33138b6-4eea-4675-941f-1071bf88b127,UAD,UAD-3,24UADCP03,program_code unmatched
a33138b6-4eea-4675-941f-1071bf88b127,a33138b6-4eea-4675-941f-1071bf88b127,UAD,UAD-4,24UADCP04,program_code unmatched
a33138b6-4eea-4675-941f-1071bf88b127,a33138b6-4eea-4675-941f-1071bf88b127,UAD,UAD-5,24UADCPR1,program_code unmatched
a33138b6-4eea-4675-941f-1071bf88b127,a33138b6-4eea-4675-941f-1071bf88b127,UAD,UAD-6,24UADCDSE11,program_code unmatched
a33138b6-4eea-4675-941f-1071bf88b127,a33138b6-4eea-4675-941f-1071bf88b127,UAD,UAD-6,24UADCDSE12,program_code unmatched
a33138b6-4eea-4675-941f-1071bf88b127,a33138b6-4eea-4675-941f-1071bf88b127,UAD,UAD-6,24UADCDSE13,program_code unmatched
a33138b6-4eea-4675-941f-1071bf88b127,a33138b6-4eea-4675-941f-1071bf88b127,UAD,UAD-6,24UADCDSE14,program_code unmatched
a33138b6-4eea-4675-941f-1071bf88b127,a33138b6-4eea-4675-941f-1071bf88b127,UAD,UAD-6,24UADCDSE15,program_code unmatched
a33138b6-4eea-4675-941f-1071bf88b127,a33138b6-4eea-4675-941f-1071bf88b127,UAD,UAD-6,24UADCDSE16,program_code unmatched
a33138b6-4eea-4675-941f-1071bf88b127,a33138b6-4eea-4675-941f-1071bf88b127,UAD,UAD-6,24UADCDSE18,program_code unmatched
a33138b6-4eea-4675-941f-1071bf88b127,a33138b6-4eea-4675-941f-1071bf88b127,UAD,UAD-6,24UADCDSE19,program_code unmatched
a33138b6-4eea-4675-941f-1071bf88b127,a33138b6-4eea-4675-941f-1071bf88b127,UAD,UAD-6,24UADCDSE20,program_code unmatched
a33138b6-4eea-4675-941f-1071bf88b127,a33138b6-4eea-4675-941f-1071bf88b127,UBA,UBA-1,24UBAC02,program_code unmatched
a33138b6-4eea-4675-941f-1071bf88b127,a33138b6-4eea-4675-941f-1071bf88b127,UBA,UBA-2,24UBAC04,program_code unmatched
a33138b6-4eea-4675-941f-1071bf88b127,a33138b6-4eea-4675-941f-1071bf88b127,UBA,UBA-3,24UBAC06,program_code unmatched
a33138b6-4eea-4675-941f-1071bf88b127,a33138b6-4eea-4675-941f-1071bf88b127,UBA,UBA-4,24UBAC08,program_code unmatched
a33138b6-4eea-4675-941f-1071bf88b127,a33138b6-4eea-4675-941f-1071bf88b127,UBA,UBA-5,24UBAC12,program_code unmatched
a33138b6-4eea-4675-941f-1071bf88b127,a33138b6-4eea-4675-941f-1071bf88b127,UCA,UCA-1,24UCACP01,program_code unmatched
a33138b6-4eea-4675-941f-1071bf88b127,a33138b6-4eea-4675-941f-1071bf88b127,UCA,UCA-2,24UCACP02,program_code unmatched
a33138b6-4eea-4675-941f-1071bf88b127,a33138b6-4eea-4675-941f-1071bf88b127,UCA,UCA-3,24UCACP03,program_code unmatched
a33138b6-4eea-4675-941f-1071bf88b127,a33138b6-4eea-4675-941f-1071bf88b127,UCA,UCA-4,24UCACP04,program_code unmatched
a33138b6-4eea-4675-941f-1071bf88b127,a33138b6-4eea-4675-941f-1071bf88b127,UCA,UCA-5,24UCADSE1,program_code unmatched
a33138b6-4eea-4675-941f-1071bf88b127,a33138b6-4eea-4675-941f-1071bf88b127,UCA,UCA-5,24UCADSE2,program_code unmatched
a33138b6-4eea-4675-941f-1071bf88b127,a33138b6-4eea-4675-941f-1071bf88b127,UCA,UCA-5,24UCADSE3,program_code unmatched
a33138b6-4eea-4675-941f-1071bf88b127,a33138b6-4eea-4675-941f-1071bf88b127,UCA,UCA-5,24UCADSE5,program_code unmatched
a33138b6-4eea-4675-941f-1071bf88b127,a33138b6-4eea-4675-941f-1071bf88b127,UCA,UCA-6,24UCADSE11,program_code unmatched
a33138b6-4eea-4675-941f-1071bf88b127,a33138b6-4eea-4675-941f-1071bf88b127,UCA,UCA-6,24UCADSE12,program_code unmatched
a33138b6-4eea-4675-941f-1071bf88b127,a33138b6-4eea-4675-941f-1071bf88b127,UCA,UCA-6,24UCADSE13,program_code unmatched
a33138b6-4eea-4675-941f-1071bf88b127,a33138b6-4eea-4675-941f-1071bf88b127,UCA,UCA-6,24UCADSE14,program_code unmatched
a33138b6-4eea-4675-941f-1071bf88b127,a33138b6-4eea-4675-941f-1071bf88b127,UCA,UCA-6,24UCADSE15,program_code unmatched
a33138b6-4eea-4675-941f-1071bf88b127,a33138b6-4eea-4675-941f-1071bf88b127,UCA,UCA-6,24UCADSE18,program_code unmatched
a33138b6-4eea-4675-941f-1071bf88b127,a33138b6-4eea-4675-941f-1071bf88b127,UCC,UCC-1,24UCCC02,program_code unmatched
a33138b6-4eea-4675-941f-1071bf88b127,a33138b6-4eea-4675-941f-1071bf88b127,UCC,UCC-2,24UCCC04,program_code unmatched
a33138b6-4eea-4675-941f-1071bf88b127,a33138b6-4eea-4675-941f-1071bf88b127,UCC,UCC-3,24UCCC06,program_code unmatched
a33138b6-4eea-4675-941f-1071bf88b127,a33138b6-4eea-4675-941f-1071bf88b127,UCC,UCC-4,24UCCC08,program_code unmatched
a33138b6-4eea-4675-941f-1071bf88b127,a33138b6-4eea-4675-941f-1071bf88b127,UCC,UCC-5,24UCCCPR1,program_code unmatched
a33138b6-4eea-4675-941f-1071bf88b127,a33138b6-4eea-4675-941f-1071bf88b127,UCC,UCC-6,24UCCDSE3,program_code unmatched
a33138b6-4eea-4675-941f-1071bf88b127,a33138b6-4eea-4675-941f-1071bf88b127,UCM,UCM-5,24UCMC12,course not mirrored
a33138b6-4eea-4675-941f-1071bf88b127,a33138b6-4eea-4675-941f-1071bf88b127,UCS,UCS-1,24UCSCP01,program_code unmatched
a33138b6-4eea-4675-941f-1071bf88b127,a33138b6-4eea-4675-941f-1071bf88b127,UCS,UCS-2,24UCSCP02,program_code unmatched
a33138b6-4eea-4675-941f-1071bf88b127,a33138b6-4eea-4675-941f-1071bf88b127,UCS,UCS-3,24UCSCP03,program_code unmatched
a33138b6-4eea-4675-941f-1071bf88b127,a33138b6-4eea-4675-941f-1071bf88b127,UCS,UCS-4,24UCSCP04,program_code unmatched
a33138b6-4eea-4675-941f-1071bf88b127,a33138b6-4eea-4675-941f-1071bf88b127,UCS,UCS-5,24UCSCP05,program_code unmatched
a33138b6-4eea-4675-941f-1071bf88b127,a33138b6-4eea-4675-941f-1071bf88b127,UCS,UCS-6,24UCSDSE11,program_code unmatched
a33138b6-4eea-4675-941f-1071bf88b127,a33138b6-4eea-4675-941f-1071bf88b127,UCS,UCS-6,24UCSDSE13,program_code unmatched
a33138b6-4eea-4675-941f-1071bf88b127,a33138b6-4eea-4675-941f-1071bf88b127,UCS,UCS-6,24UCSDSE14,program_code unmatched
a33138b6-4eea-4675-941f-1071bf88b127,a33138b6-4eea-4675-941f-1071bf88b127,UCY,UCY-1,24UCYCP01,program_code unmatched
a33138b6-4eea-4675-941f-1071bf88b127,a33138b6-4eea-4675-941f-1071bf88b127,UCY,UCY-2,24UCYCP02,program_code unmatched
a33138b6-4eea-4675-941f-1071bf88b127,a33138b6-4eea-4675-941f-1071bf88b127,UCY,UCY-3,24UCYCP03,program_code unmatched
a33138b6-4eea-4675-941f-1071bf88b127,a33138b6-4eea-4675-941f-1071bf88b127,UCY,UCY-4,24UCYCP04,program_code unmatched
a33138b6-4eea-4675-941f-1071bf88b127,a33138b6-4eea-4675-941f-1071bf88b127,UCY,UCY-5,24UCYCPR1,program_code unmatched
a33138b6-4eea-4675-941f-1071bf88b127,a33138b6-4eea-4675-941f-1071bf88b127,UMB,UMB-1,24UMBCP01,program_code unmatched
a33138b6-4eea-4675-941f-1071bf88b127,a33138b6-4eea-4675-941f-1071bf88b127,UMB,UMB-2,24UMBCP02,program_code unmatched
a33138b6-4eea-4675-941f-1071bf88b127,a33138b6-4eea-4675-941f-1071bf88b127,UMB,UMB-3,24UMBCP03,program_code unmatched
a33138b6-4eea-4675-941f-1071bf88b127,a33138b6-4eea-4675-941f-1071bf88b127,UMB,UMB-4,24UMBCP04,program_code unmatched
a33138b6-4eea-4675-941f-1071bf88b127,a33138b6-4eea-4675-941f-1071bf88b127,UMB,UMB-5,24UMBCPR01,program_code unmatched
a33138b6-4eea-4675-941f-1071bf88b127,a33138b6-4eea-4675-941f-1071bf88b127,UPH,UPH-1,24UPHCP01,program_code unmatched
a33138b6-4eea-4675-941f-1071bf88b127,a33138b6-4eea-4675-941f-1071bf88b127,UPH,UPH-2,24UPHCP02,program_code unmatched
a33138b6-4eea-4675-941f-1071bf88b127,a33138b6-4eea-4675-941f-1071bf88b127,UPH,UPH-3,24UPHCP03,program_code unmatched
a33138b6-4eea-4675-941f-1071bf88b127,a33138b6-4eea-4675-941f-1071bf88b127,UPH,UPH-4,24UPHCP04,program_code unmatched
a33138b6-4eea-4675-941f-1071bf88b127,a33138b6-4eea-4675-941f-1071bf88b127,UPH,UPH-5,24UPHDSE01,program_code unmatched
a33138b6-4eea-4675-941f-1071bf88b127,a33138b6-4eea-4675-941f-1071bf88b127,UPH,UPH-6,24UPHDSE03,program_code unmatched
a33138b6-4eea-4675-941f-1071bf88b127,a33138b6-4eea-4675-941f-1071bf88b127,UTF,UTF-1,24UTFCP01,program_code unmatched
a33138b6-4eea-4675-941f-1071bf88b127,a33138b6-4eea-4675-941f-1071bf88b127,UTF,UTF-2,24UTFCP02,program_code unmatched
a33138b6-4eea-4675-941f-1071bf88b127,a33138b6-4eea-4675-941f-1071bf88b127,UTF,UTF-3,24UTFCP03,program_code unmatched
a33138b6-4eea-4675-941f-1071bf88b127,a33138b6-4eea-4675-941f-1071bf88b127,UTF,UTF-4,24UTFCP04,program_code unmatched
a33138b6-4eea-4675-941f-1071bf88b127,a33138b6-4eea-4675-941f-1071bf88b127,UTF,UTF-5,24UTFCP06,program_code unmatched
a33138b6-4eea-4675-941f-1071bf88b127,a33138b6-4eea-4675-941f-1071bf88b127,UTF,UTF-6,24UTFDE16,program_code unmatched
a33138b6-4eea-4675-941f-1071bf88b127,a33138b6-4eea-4675-941f-1071bf88b127,UVC,UVC-1,24UVCC02,program_code unmatched
a33138b6-4eea-4675-941f-1071bf88b127,a33138b6-4eea-4675-941f-1071bf88b127,UVC,UVC-2,24UVCCP01,program_code unmatched
a33138b6-4eea-4675-941f-1071bf88b127,a33138b6-4eea-4675-941f-1071bf88b127,UVC,UVC-3,24UVCCP02,program_code unmatched
a33138b6-4eea-4675-941f-1071bf88b127,a33138b6-4eea-4675-941f-1071bf88b127,UVC,UVC-4,24UVCCP03,program_code unmatched
a33138b6-4eea-4675-941f-1071bf88b127,a33138b6-4eea-4675-941f-1071bf88b127,UZO,UZO-5,25UZOCP05,course not mirrored
a33138b6-4eea-4675-941f-1071bf88b127,a33138b6-4eea-4675-941f-1071bf88b127,PCS,PCS-1,24PCSCP02,program_code unmatched
a33138b6-4eea-4675-941f-1071bf88b127,a33138b6-4eea-4675-941f-1071bf88b127,PCS,PCS-3,24PCSCP05,program_code unmatched
a33138b6-4eea-4675-941f-1071bf88b127,a33138b6-4eea-4675-941f-1071bf88b127,PCS,PCS-4,24PCSSECP01,program_code unmatched
a33138b6-4eea-4675-941f-1071bf88b127,a33138b6-4eea-4675-941f-1071bf88b127,PDA,PDA-1,25PDACP02,program_code unmatched
a33138b6-4eea-4675-941f-1071bf88b127,a33138b6-4eea-4675-941f-1071bf88b127,PDA,PDA-3,25PDAE09,program_code unmatched
a33138b6-4eea-4675-941f-1071bf88b127,a33138b6-4eea-4675-941f-1071bf88b127,PEN,PEN-1,24PENE02,program_code unmatched
a33138b6-4eea-4675-941f-1071bf88b127,a33138b6-4eea-4675-941f-1071bf88b127,PEN,PEN-2,24PENE04,program_code unmatched
a33138b6-4eea-4675-941f-1071bf88b127,a33138b6-4eea-4675-941f-1071bf88b127,PEN,PEN-3,24PENE05,program_code unmatched
a33138b6-4eea-4675-941f-1071bf88b127,a33138b6-4eea-4675-941f-1071bf88b127,PEN,PEN-4,24PENPR1,program_code unmatched
a33138b6-4eea-4675-941f-1071bf88b127,a33138b6-4eea-4675-941f-1071bf88b127,PMA,PMA-1,24PMAE05,program_code unmatched
a33138b6-4eea-4675-941f-1071bf88b127,a33138b6-4eea-4675-941f-1071bf88b127,PMA,PMA-1,24PMAE06,program_code unmatched
a33138b6-4eea-4675-941f-1071bf88b127,a33138b6-4eea-4675-941f-1071bf88b127,PMA,PMA-1,24PMAE07,program_code unmatched
a33138b6-4eea-4675-941f-1071bf88b127,a33138b6-4eea-4675-941f-1071bf88b127,PMA,PMA-1,24PMAE08,program_code unmatched
a33138b6-4eea-4675-941f-1071bf88b127,a33138b6-4eea-4675-941f-1071bf88b127,PMA,PMA-2,24PMAE10,program_code unmatched
a33138b6-4eea-4675-941f-1071bf88b127,a33138b6-4eea-4675-941f-1071bf88b127,PMA,PMA-3,24PMAE17,program_code unmatched
a33138b6-4eea-4675-941f-1071bf88b127,a33138b6-4eea-4675-941f-1071bf88b127,PMA,PMA-4,24PMAE23,program_code unmatched
a33138b6-4eea-4675-941f-1071bf88b127,a33138b6-4eea-4675-941f-1071bf88b127,UAD,UAD-1,24UMAGE5,program_code unmatched
a33138b6-4eea-4675-941f-1071bf88b127,a33138b6-4eea-4675-941f-1071bf88b127,UAD,UAD-2,24UMAGE6,program_code unmatched
a33138b6-4eea-4675-941f-1071bf88b127,a33138b6-4eea-4675-941f-1071bf88b127,UAD,UAD-3,24USTAGE1,program_code unmatched
a33138b6-4eea-4675-941f-1071bf88b127,a33138b6-4eea-4675-941f-1071bf88b127,UAD,UAD-4,24USTAGE2,program_code unmatched
a33138b6-4eea-4675-941f-1071bf88b127,a33138b6-4eea-4675-941f-1071bf88b127,UAD,UAD-5,24UADCDSE01,program_code unmatched
a33138b6-4eea-4675-941f-1071bf88b127,a33138b6-4eea-4675-941f-1071bf88b127,UBA,UBA-1,24UECGE3,program_code unmatched
a33138b6-4eea-4675-941f-1071bf88b127,a33138b6-4eea-4675-941f-1071bf88b127,UBA,UBA-2,24UECGE5,program_code unmatched
a33138b6-4eea-4675-941f-1071bf88b127,a33138b6-4eea-4675-941f-1071bf88b127,UBA,UBA-3,24UBADE1,program_code unmatched
a33138b6-4eea-4675-941f-1071bf88b127,a33138b6-4eea-4675-941f-1071bf88b127,UBA,UBA-4,24UBADE2,program_code unmatched
a33138b6-4eea-4675-941f-1071bf88b127,a33138b6-4eea-4675-941f-1071bf88b127,UBA,UBA-5,24UBADE3,program_code unmatched
a33138b6-4eea-4675-941f-1071bf88b127,a33138b6-4eea-4675-941f-1071bf88b127,UBA,UBA-5,24UBADE4,program_code unmatched
a33138b6-4eea-4675-941f-1071bf88b127,a33138b6-4eea-4675-941f-1071bf88b127,UBA,UBA-5,24UBADE5,program_code unmatched
a33138b6-4eea-4675-941f-1071bf88b127,a33138b6-4eea-4675-941f-1071bf88b127,UBA,UBA-5,24UBAPR1,program_code unmatched
a33138b6-4eea-4675-941f-1071bf88b127,a33138b6-4eea-4675-941f-1071bf88b127,UCA,UCA-2,24UMAGE6,program_code unmatched
a33138b6-4eea-4675-941f-1071bf88b127,a33138b6-4eea-4675-941f-1071bf88b127,UCA,UCA-3,24USTAGE1,program_code unmatched
a33138b6-4eea-4675-941f-1071bf88b127,a33138b6-4eea-4675-941f-1071bf88b127,UCA,UCA-4,24USTAGE2,program_code unmatched
a33138b6-4eea-4675-941f-1071bf88b127,a33138b6-4eea-4675-941f-1071bf88b127,UCA,UCA-5,24UCADSE10,program_code unmatched
a33138b6-4eea-4675-941f-1071bf88b127,a33138b6-4eea-4675-941f-1071bf88b127,UCA,UCA-5,24UCADSE6,program_code unmatched
a33138b6-4eea-4675-941f-1071bf88b127,a33138b6-4eea-4675-941f-1071bf88b127,UCA,UCA-5,24UCADSE7,program_code unmatched
a33138b6-4eea-4675-941f-1071bf88b127,a33138b6-4eea-4675-941f-1071bf88b127,UCA,UCA-5,24UCADSE8,program_code unmatched
a33138b6-4eea-4675-941f-1071bf88b127,a33138b6-4eea-4675-941f-1071bf88b127,UCA,UCA-5,24UCADSE9,program_code unmatched
a33138b6-4eea-4675-941f-1071bf88b127,a33138b6-4eea-4675-941f-1071bf88b127,UCA,UCA-6,24UCADSE16,program_code unmatched
a33138b6-4eea-4675-941f-1071bf88b127,a33138b6-4eea-4675-941f-1071bf88b127,UCA,UCA-6,24UCADSE17,program_code unmatched
a33138b6-4eea-4675-941f-1071bf88b127,a33138b6-4eea-4675-941f-1071bf88b127,UCA,UCA-6,24UCADSE19,program_code unmatched
a33138b6-4eea-4675-941f-1071bf88b127,a33138b6-4eea-4675-941f-1071bf88b127,UCC,UCC-1,24UCSGEP04,program_code unmatched
a33138b6-4eea-4675-941f-1071bf88b127,a33138b6-4eea-4675-941f-1071bf88b127,UCC,UCC-2,24UCSGEP05,program_code unmatched
a33138b6-4eea-4675-941f-1071bf88b127,a33138b6-4eea-4675-941f-1071bf88b127,UCC,UCC-3,24UCSGEP08,program_code unmatched
a33138b6-4eea-4675-941f-1071bf88b127,a33138b6-4eea-4675-941f-1071bf88b127,UCC,UCC-4,24UCSGE09,program_code unmatched
a33138b6-4eea-4675-941f-1071bf88b127,a33138b6-4eea-4675-941f-1071bf88b127,UCC,UCC-5,24UCCC12,program_code unmatched
a33138b6-4eea-4675-941f-1071bf88b127,a33138b6-4eea-4675-941f-1071bf88b127,UCC,UCC-6,24UCCDSE4,program_code unmatched
a33138b6-4eea-4675-941f-1071bf88b127,a33138b6-4eea-4675-941f-1071bf88b127,UCS,UCS-3,24USTAGE1,program_code unmatched
a33138b6-4eea-4675-941f-1071bf88b127,a33138b6-4eea-4675-941f-1071bf88b127,UCS,UCS-4,24USTAGE2,program_code unmatched
a33138b6-4eea-4675-941f-1071bf88b127,a33138b6-4eea-4675-941f-1071bf88b127,UCS,UCS-5,24UCSDSE02,program_code unmatched
a33138b6-4eea-4675-941f-1071bf88b127,a33138b6-4eea-4675-941f-1071bf88b127,UCS,UCS-6,24UCSDSE15,program_code unmatched
a33138b6-4eea-4675-941f-1071bf88b127,a33138b6-4eea-4675-941f-1071bf88b127,UCS,UCS-6,24UCSDSE16,program_code unmatched
a33138b6-4eea-4675-941f-1071bf88b127,a33138b6-4eea-4675-941f-1071bf88b127,UCS,UCS-6,24UCSDSE17,program_code unmatched
a33138b6-4eea-4675-941f-1071bf88b127,a33138b6-4eea-4675-941f-1071bf88b127,UCS,UCS-6,24UCSDSE18,program_code unmatched
a33138b6-4eea-4675-941f-1071bf88b127,a33138b6-4eea-4675-941f-1071bf88b127,UCY,UCY-1,24UMAGE5,program_code unmatched
a33138b6-4eea-4675-941f-1071bf88b127,a33138b6-4eea-4675-941f-1071bf88b127,UCY,UCY-2,24UMAGE6,program_code unmatched
a33138b6-4eea-4675-941f-1071bf88b127,a33138b6-4eea-4675-941f-1071bf88b127,UCY,UCY-3,24USTAGE1,program_code unmatched
a33138b6-4eea-4675-941f-1071bf88b127,a33138b6-4eea-4675-941f-1071bf88b127,UCY,UCY-4,24USTAGE2,program_code unmatched
a33138b6-4eea-4675-941f-1071bf88b127,a33138b6-4eea-4675-941f-1071bf88b127,UCY,UCY-5,24UCYCDSE01,program_code unmatched
a33138b6-4eea-4675-941f-1071bf88b127,a33138b6-4eea-4675-941f-1071bf88b127,UCY,UCY-6,24UCYCDSE07,program_code unmatched
a33138b6-4eea-4675-941f-1071bf88b127,a33138b6-4eea-4675-941f-1071bf88b127,UMB,UMB-1,24UMBGE01,program_code unmatched
a33138b6-4eea-4675-941f-1071bf88b127,a33138b6-4eea-4675-941f-1071bf88b127,UMB,UMB-2,24UMBDE01,program_code unmatched
a33138b6-4eea-4675-941f-1071bf88b127,a33138b6-4eea-4675-941f-1071bf88b127,UMB,UMB-3,24UMBDE02,program_code unmatched
a33138b6-4eea-4675-941f-1071bf88b127,a33138b6-4eea-4675-941f-1071bf88b127,UMB,UMB-4,24UMBDE03,program_code unmatched
a33138b6-4eea-4675-941f-1071bf88b127,a33138b6-4eea-4675-941f-1071bf88b127,UMB,UMB-5,24UMBDE05,program_code unmatched
a33138b6-4eea-4675-941f-1071bf88b127,a33138b6-4eea-4675-941f-1071bf88b127,UPH,UPH-1,24UMAGE1,program_code unmatched
a33138b6-4eea-4675-941f-1071bf88b127,a33138b6-4eea-4675-941f-1071bf88b127,UPH,UPH-2,24UMAGE2,program_code unmatched
a33138b6-4eea-4675-941f-1071bf88b127,a33138b6-4eea-4675-941f-1071bf88b127,UPH,UPH-3,24UCHGE1,program_code unmatched
a33138b6-4eea-4675-941f-1071bf88b127,a33138b6-4eea-4675-941f-1071bf88b127,UPH,UPH-4,24UCHGE2,program_code unmatched
a33138b6-4eea-4675-941f-1071bf88b127,a33138b6-4eea-4675-941f-1071bf88b127,UPH,UPH-5,24UPHDSE02,program_code unmatched
a33138b6-4eea-4675-941f-1071bf88b127,a33138b6-4eea-4675-941f-1071bf88b127,UTF,UTF-1,24UTFDE01,program_code unmatched
a33138b6-4eea-4675-941f-1071bf88b127,a33138b6-4eea-4675-941f-1071bf88b127,UTF,UTF-2,24UTFDE04,program_code unmatched
a33138b6-4eea-4675-941f-1071bf88b127,a33138b6-4eea-4675-941f-1071bf88b127,UTF,UTF-3,24UTFDEP01,program_code unmatched
a33138b6-4eea-4675-941f-1071bf88b127,a33138b6-4eea-4675-941f-1071bf88b127,UTF,UTF-4,24UTFDEP02,program_code unmatched
a33138b6-4eea-4675-941f-1071bf88b127,a33138b6-4eea-4675-941f-1071bf88b127,UTF,UTF-5,24UTFDEP03,program_code unmatched
a33138b6-4eea-4675-941f-1071bf88b127,a33138b6-4eea-4675-941f-1071bf88b127,UTF,UTF-6,24UTFDE17,program_code unmatched
a33138b6-4eea-4675-941f-1071bf88b127,a33138b6-4eea-4675-941f-1071bf88b127,UVC,UVC-1,24UVCDEP01,program_code unmatched
a33138b6-4eea-4675-941f-1071bf88b127,a33138b6-4eea-4675-941f-1071bf88b127,UVC,UVC-2,24UVCDEP02,program_code unmatched
a33138b6-4eea-4675-941f-1071bf88b127,a33138b6-4eea-4675-941f-1071bf88b127,UVC,UVC-3,24UVCDEP03,program_code unmatched
a33138b6-4eea-4675-941f-1071bf88b127,a33138b6-4eea-4675-941f-1071bf88b127,UVC,UVC-4,24UVCDEP04,program_code unmatched
a33138b6-4eea-4675-941f-1071bf88b127,a33138b6-4eea-4675-941f-1071bf88b127,PCS,PCS-2,24PCSE08,program_code unmatched
a33138b6-4eea-4675-941f-1071bf88b127,a33138b6-4eea-4675-941f-1071bf88b127,PCS,PCS-3,24PCSCP06,program_code unmatched
a33138b6-4eea-4675-941f-1071bf88b127,a33138b6-4eea-4675-941f-1071bf88b127,PCS,PCS-4,24PEXA01,program_code unmatched
a33138b6-4eea-4675-941f-1071bf88b127,a33138b6-4eea-4675-941f-1071bf88b127,PDA,PDA-1,25PDAE01,program_code unmatched
a33138b6-4eea-4675-941f-1071bf88b127,a33138b6-4eea-4675-941f-1071bf88b127,PDA,PDA-2,25PDAE06,program_code unmatched
a33138b6-4eea-4675-941f-1071bf88b127,a33138b6-4eea-4675-941f-1071bf88b127,PDA,PDA-4,25PDASECP01,program_code unmatched
a33138b6-4eea-4675-941f-1071bf88b127,a33138b6-4eea-4675-941f-1071bf88b127,PEN,PEN-2,24PCMED1,program_code unmatched
a33138b6-4eea-4675-941f-1071bf88b127,a33138b6-4eea-4675-941f-1071bf88b127,PEN,PEN-3,24PCMED2,program_code unmatched
a33138b6-4eea-4675-941f-1071bf88b127,a33138b6-4eea-4675-941f-1071bf88b127,PEN,PEN-4,24PENS01,program_code unmatched
a33138b6-4eea-4675-941f-1071bf88b127,a33138b6-4eea-4675-941f-1071bf88b127,PMA,PMA-2,24PMAE11,program_code unmatched
a33138b6-4eea-4675-941f-1071bf88b127,a33138b6-4eea-4675-941f-1071bf88b127,PMA,PMA-3,24PMAE18,program_code unmatched
a33138b6-4eea-4675-941f-1071bf88b127,a33138b6-4eea-4675-941f-1071bf88b127,PMA,PMA-4,24PMAE24,program_code unmatched
a33138b6-4eea-4675-941f-1071bf88b127,a33138b6-4eea-4675-941f-1071bf88b127,UAD,UAD-1,24UPHNM1,program_code unmatched
a33138b6-4eea-4675-941f-1071bf88b127,a33138b6-4eea-4675-941f-1071bf88b127,UAD,UAD-2,24UMAGEP03,program_code unmatched
a33138b6-4eea-4675-941f-1071bf88b127,a33138b6-4eea-4675-941f-1071bf88b127,UAD,UAD-3,24UCSS03,program_code unmatched
a33138b6-4eea-4675-941f-1071bf88b127,a33138b6-4eea-4675-941f-1071bf88b127,UAD,UAD-4,24USTAGEP01,program_code unmatched
a33138b6-4eea-4675-941f-1071bf88b127,a33138b6-4eea-4675-941f-1071bf88b127,UAD,UAD-5,24UADCDSE02,program_code unmatched
a33138b6-4eea-4675-941f-1071bf88b127,a33138b6-4eea-4675-941f-1071bf88b127,UBA,UBA-1,24UBAS01,program_code unmatched
a33138b6-4eea-4675-941f-1071bf88b127,a33138b6-4eea-4675-941f-1071bf88b127,UBA,UBA-2,24UBAS02,program_code unmatched
a33138b6-4eea-4675-941f-1071bf88b127,a33138b6-4eea-4675-941f-1071bf88b127,UBA,UBA-3,24UBASP01,program_code unmatched
a33138b6-4eea-4675-941f-1071bf88b127,a33138b6-4eea-4675-941f-1071bf88b127,UBA,UBA-4,24UBASP02,program_code unmatched
a33138b6-4eea-4675-941f-1071bf88b127,a33138b6-4eea-4675-941f-1071bf88b127,UBA,UBA-6,24UBADE6,program_code unmatched
a33138b6-4eea-4675-941f-1071bf88b127,a33138b6-4eea-4675-941f-1071bf88b127,UBA,UBA-6,24UBADE8,program_code unmatched
a33138b6-4eea-4675-941f-1071bf88b127,a33138b6-4eea-4675-941f-1071bf88b127,UCA,UCA-1,24UMAGE5,program_code unmatched
a33138b6-4eea-4675-941f-1071bf88b127,a33138b6-4eea-4675-941f-1071bf88b127,UCA,UCA-2,24UMAGEP03,program_code unmatched
a33138b6-4eea-4675-941f-1071bf88b127,a33138b6-4eea-4675-941f-1071bf88b127,UCA,UCA-3,24UCSS03,program_code unmatched
a33138b6-4eea-4675-941f-1071bf88b127,a33138b6-4eea-4675-941f-1071bf88b127,UCA,UCA-4,24USTAGEP01,program_code unmatched
a33138b6-4eea-4675-941f-1071bf88b127,a33138b6-4eea-4675-941f-1071bf88b127,UCA,UCA-6,24UCAE010,program_code unmatched
a33138b6-4eea-4675-941f-1071bf88b127,a33138b6-4eea-4675-941f-1071bf88b127,UCA,UCA-6,24UCASE01,program_code unmatched
a33138b6-4eea-4675-941f-1071bf88b127,a33138b6-4eea-4675-941f-1071bf88b127,UCA,UCA-6,24UCASE011,program_code unmatched
a33138b6-4eea-4675-941f-1071bf88b127,a33138b6-4eea-4675-941f-1071bf88b127,UCA,UCA-6,24UCASE012,program_code unmatched
a33138b6-4eea-4675-941f-1071bf88b127,a33138b6-4eea-4675-941f-1071bf88b127,UCA,UCA-6,24UCASE013,program_code unmatched
a33138b6-4eea-4675-941f-1071bf88b127,a33138b6-4eea-4675-941f-1071bf88b127,UCA,UCA-6,24UCASE014,program_code unmatched
a33138b6-4eea-4675-941f-1071bf88b127,a33138b6-4eea-4675-941f-1071bf88b127,UCA,UCA-6,24UCASE015,program_code unmatched
a33138b6-4eea-4675-941f-1071bf88b127,a33138b6-4eea-4675-941f-1071bf88b127,UCA,UCA-6,24UCASE016,program_code unmatched
a33138b6-4eea-4675-941f-1071bf88b127,a33138b6-4eea-4675-941f-1071bf88b127,UCA,UCA-6,24UCASE02,program_code unmatched
a33138b6-4eea-4675-941f-1071bf88b127,a33138b6-4eea-4675-941f-1071bf88b127,UCA,UCA-6,24UCASE03,program_code unmatched
a33138b6-4eea-4675-941f-1071bf88b127,a33138b6-4eea-4675-941f-1071bf88b127,UCA,UCA-6,24UCASE04,program_code unmatched
a33138b6-4eea-4675-941f-1071bf88b127,a33138b6-4eea-4675-941f-1071bf88b127,UCA,UCA-6,24UCASE05,program_code unmatched
a33138b6-4eea-4675-941f-1071bf88b127,a33138b6-4eea-4675-941f-1071bf88b127,UCA,UCA-6,24UCASE06,program_code unmatched
a33138b6-4eea-4675-941f-1071bf88b127,a33138b6-4eea-4675-941f-1071bf88b127,UCA,UCA-6,24UCASE07,program_code unmatched
a33138b6-4eea-4675-941f-1071bf88b127,a33138b6-4eea-4675-941f-1071bf88b127,UCA,UCA-6,24UCASE08,program_code unmatched
a33138b6-4eea-4675-941f-1071bf88b127,a33138b6-4eea-4675-941f-1071bf88b127,UCA,UCA-6,24UCASE09,program_code unmatched
a33138b6-4eea-4675-941f-1071bf88b127,a33138b6-4eea-4675-941f-1071bf88b127,UCC,UCC-1,24UBANM1,program_code unmatched
a33138b6-4eea-4675-941f-1071bf88b127,a33138b6-4eea-4675-941f-1071bf88b127,UCC,UCC-2,24UBANM2,program_code unmatched
a33138b6-4eea-4675-941f-1071bf88b127,a33138b6-4eea-4675-941f-1071bf88b127,UCC,UCC-3,24UCCS03,program_code unmatched
a33138b6-4eea-4675-941f-1071bf88b127,a33138b6-4eea-4675-941f-1071bf88b127,UCC,UCC-4,24UCCS05,program_code unmatched
a33138b6-4eea-4675-941f-1071bf88b127,a33138b6-4eea-4675-941f-1071bf88b127,UCC,UCC-5,24UCCDSE1,program_code unmatched
a33138b6-4eea-4675-941f-1071bf88b127,a33138b6-4eea-4675-941f-1071bf88b127,UCC,UCC-6,24UCCDSEP3,program_code unmatched
a33138b6-4eea-4675-941f-1071bf88b127,a33138b6-4eea-4675-941f-1071bf88b127,UCS,UCS-1,24UMAGE5,program_code unmatched
a33138b6-4eea-4675-941f-1071bf88b127,a33138b6-4eea-4675-941f-1071bf88b127,UCS,UCS-2,24UMAGE6,program_code unmatched
a33138b6-4eea-4675-941f-1071bf88b127,a33138b6-4eea-4675-941f-1071bf88b127,UCS,UCS-3,24UCSS03,program_code unmatched
a33138b6-4eea-4675-941f-1071bf88b127,a33138b6-4eea-4675-941f-1071bf88b127,UCS,UCS-4,24USTAGEP01,program_code unmatched
a33138b6-4eea-4675-941f-1071bf88b127,a33138b6-4eea-4675-941f-1071bf88b127,UCS,UCS-5,24UCSDSE03,program_code unmatched
a33138b6-4eea-4675-941f-1071bf88b127,a33138b6-4eea-4675-941f-1071bf88b127,UCY,UCY-1,24UPHNM1,program_code unmatched
a33138b6-4eea-4675-941f-1071bf88b127,a33138b6-4eea-4675-941f-1071bf88b127,UCY,UCY-2,24UMAGEP03,program_code unmatched
a33138b6-4eea-4675-941f-1071bf88b127,a33138b6-4eea-4675-941f-1071bf88b127,UCY,UCY-3,24UCSS03,program_code unmatched
a33138b6-4eea-4675-941f-1071bf88b127,a33138b6-4eea-4675-941f-1071bf88b127,UCY,UCY-4,24USTAGEP01,program_code unmatched
a33138b6-4eea-4675-941f-1071bf88b127,a33138b6-4eea-4675-941f-1071bf88b127,UCY,UCY-5,24UCYCDSE02,program_code unmatched
a33138b6-4eea-4675-941f-1071bf88b127,a33138b6-4eea-4675-941f-1071bf88b127,UCY,UCY-5,24UCYCDSE03,program_code unmatched
a33138b6-4eea-4675-941f-1071bf88b127,a33138b6-4eea-4675-941f-1071bf88b127,UMB,UMB-2,24UMBSE01,program_code unmatched
a33138b6-4eea-4675-941f-1071bf88b127,a33138b6-4eea-4675-941f-1071bf88b127,UMB,UMB-3,24UMBSE02,program_code unmatched
a33138b6-4eea-4675-941f-1071bf88b127,a33138b6-4eea-4675-941f-1071bf88b127,UMB,UMB-4,24UMBSE04,program_code unmatched
a33138b6-4eea-4675-941f-1071bf88b127,a33138b6-4eea-4675-941f-1071bf88b127,UPH,UPH-1,24UPHF01,program_code unmatched
a33138b6-4eea-4675-941f-1071bf88b127,a33138b6-4eea-4675-941f-1071bf88b127,UPH,UPH-2,24UMAGEP01,program_code unmatched
a33138b6-4eea-4675-941f-1071bf88b127,a33138b6-4eea-4675-941f-1071bf88b127,UPH,UPH-3,24UCHGEP01,program_code unmatched
a33138b6-4eea-4675-941f-1071bf88b127,a33138b6-4eea-4675-941f-1071bf88b127,UPH,UPH-4,24UCHGEP02,program_code unmatched
a33138b6-4eea-4675-941f-1071bf88b127,a33138b6-4eea-4675-941f-1071bf88b127,UPH,UPH-5,24UPHCP05,program_code unmatched
a33138b6-4eea-4675-941f-1071bf88b127,a33138b6-4eea-4675-941f-1071bf88b127,UPH,UPH-6,24UPHCP06,program_code unmatched
a33138b6-4eea-4675-941f-1071bf88b127,a33138b6-4eea-4675-941f-1071bf88b127,UTF,UTF-1,24UTFFP01,program_code unmatched
a33138b6-4eea-4675-941f-1071bf88b127,a33138b6-4eea-4675-941f-1071bf88b127,UTF,UTF-2,24UTFSP01,program_code unmatched
a33138b6-4eea-4675-941f-1071bf88b127,a33138b6-4eea-4675-941f-1071bf88b127,UTF,UTF-3,24UTFSP02,program_code unmatched
a33138b6-4eea-4675-941f-1071bf88b127,a33138b6-4eea-4675-941f-1071bf88b127,UTF,UTF-5,24UTFDE11,program_code unmatched
a33138b6-4eea-4675-941f-1071bf88b127,a33138b6-4eea-4675-941f-1071bf88b127,UTF,UTF-6,24UTFDE18,program_code unmatched
a33138b6-4eea-4675-941f-1071bf88b127,a33138b6-4eea-4675-941f-1071bf88b127,UVC,UVC-1,24UVCFP01,program_code unmatched
a33138b6-4eea-4675-941f-1071bf88b127,a33138b6-4eea-4675-941f-1071bf88b127,UVC,UVC-3,24UVCS04,program_code unmatched
a33138b6-4eea-4675-941f-1071bf88b127,a33138b6-4eea-4675-941f-1071bf88b127,UVC,UVC-4,24UVCSP03,program_code unmatched
a33138b6-4eea-4675-941f-1071bf88b127,a33138b6-4eea-4675-941f-1071bf88b127,PCS,PCS-3,24PCSE15,program_code unmatched
a33138b6-4eea-4675-941f-1071bf88b127,a33138b6-4eea-4675-941f-1071bf88b127,PDA,PDA-1,25PDAE03,program_code unmatched
a33138b6-4eea-4675-941f-1071bf88b127,a33138b6-4eea-4675-941f-1071bf88b127,PDA,PDA-2,25PDAE07,program_code unmatched
a33138b6-4eea-4675-941f-1071bf88b127,a33138b6-4eea-4675-941f-1071bf88b127,PDA,PDA-4,25PDASECP02,program_code unmatched
a33138b6-4eea-4675-941f-1071bf88b127,a33138b6-4eea-4675-941f-1071bf88b127,PEN,PEN-2,24PHR001,program_code unmatched
a33138b6-4eea-4675-941f-1071bf88b127,a33138b6-4eea-4675-941f-1071bf88b127,PEN,PEN-3,24PENIN01,program_code unmatched
a33138b6-4eea-4675-941f-1071bf88b127,a33138b6-4eea-4675-941f-1071bf88b127,PEN,PEN-4,24PEXA01,program_code unmatched
a33138b6-4eea-4675-941f-1071bf88b127,a33138b6-4eea-4675-941f-1071bf88b127,PMA,PMA-2,24PMAE12,program_code unmatched
a33138b6-4eea-4675-941f-1071bf88b127,a33138b6-4eea-4675-941f-1071bf88b127,PMA,PMA-3,24PMAE19,program_code unmatched
a33138b6-4eea-4675-941f-1071bf88b127,a33138b6-4eea-4675-941f-1071bf88b127,PMA,PMA-4,24PMAPR1,program_code unmatched
a33138b6-4eea-4675-941f-1071bf88b127,a33138b6-4eea-4675-941f-1071bf88b127,UAD,UAD-1,24UADS01,program_code unmatched
a33138b6-4eea-4675-941f-1071bf88b127,a33138b6-4eea-4675-941f-1071bf88b127,UAD,UAD-2,24UPHNM2,program_code unmatched
a33138b6-4eea-4675-941f-1071bf88b127,a33138b6-4eea-4675-941f-1071bf88b127,UAD,UAD-3,24UCSS04,program_code unmatched
a33138b6-4eea-4675-941f-1071bf88b127,a33138b6-4eea-4675-941f-1071bf88b127,UAD,UAD-4,24UCSS05,program_code unmatched
a33138b6-4eea-4675-941f-1071bf88b127,a33138b6-4eea-4675-941f-1071bf88b127,UAD,UAD-5,24UADCDSE03,program_code unmatched
a33138b6-4eea-4675-941f-1071bf88b127,a33138b6-4eea-4675-941f-1071bf88b127,UBA,UBA-1,24UCCNM1,program_code unmatched
a33138b6-4eea-4675-941f-1071bf88b127,a33138b6-4eea-4675-941f-1071bf88b127,UBA,UBA-2,24UCCNM2,program_code unmatched
a33138b6-4eea-4675-941f-1071bf88b127,a33138b6-4eea-4675-941f-1071bf88b127,UBA,UBA-3,24UBAS03,program_code unmatched
a33138b6-4eea-4675-941f-1071bf88b127,a33138b6-4eea-4675-941f-1071bf88b127,UBA,UBA-4,24UBAS04,program_code unmatched
a33138b6-4eea-4675-941f-1071bf88b127,a33138b6-4eea-4675-941f-1071bf88b127,UBA,UBA-6,24UBADE10,program_code unmatched
a33138b6-4eea-4675-941f-1071bf88b127,a33138b6-4eea-4675-941f-1071bf88b127,UBA,UBA-6,24UBADE11,program_code unmatched
a33138b6-4eea-4675-941f-1071bf88b127,a33138b6-4eea-4675-941f-1071bf88b127,UBA,UBA-6,24UBADE7,program_code unmatched
a33138b6-4eea-4675-941f-1071bf88b127,a33138b6-4eea-4675-941f-1071bf88b127,UBA,UBA-6,24UBADE9,program_code unmatched
a33138b6-4eea-4675-941f-1071bf88b127,a33138b6-4eea-4675-941f-1071bf88b127,UCA,UCA-1,24UPHNM1,program_code unmatched
a33138b6-4eea-4675-941f-1071bf88b127,a33138b6-4eea-4675-941f-1071bf88b127,UCA,UCA-2,24UPHNM2,program_code unmatched
a33138b6-4eea-4675-941f-1071bf88b127,a33138b6-4eea-4675-941f-1071bf88b127,UCA,UCA-3,24UCSS04,program_code unmatched
a33138b6-4eea-4675-941f-1071bf88b127,a33138b6-4eea-4675-941f-1071bf88b127,UCA,UCA-4,24UCSS05,program_code unmatched
a33138b6-4eea-4675-941f-1071bf88b127,a33138b6-4eea-4675-941f-1071bf88b127,UCC,UCC-1,24UCCS01,program_code unmatched
a33138b6-4eea-4675-941f-1071bf88b127,a33138b6-4eea-4675-941f-1071bf88b127,UCC,UCC-2,24UCCS02,program_code unmatched
a33138b6-4eea-4675-941f-1071bf88b127,a33138b6-4eea-4675-941f-1071bf88b127,UCC,UCC-3,24UCCS04,program_code unmatched
a33138b6-4eea-4675-941f-1071bf88b127,a33138b6-4eea-4675-941f-1071bf88b127,UCC,UCC-4,24UCCSP01,program_code unmatched
a33138b6-4eea-4675-941f-1071bf88b127,a33138b6-4eea-4675-941f-1071bf88b127,UCC,UCC-5,24UCCDSE2,program_code unmatched
a33138b6-4eea-4675-941f-1071bf88b127,a33138b6-4eea-4675-941f-1071bf88b127,UCC,UCC-6,24UCCDSEP4,program_code unmatched
a33138b6-4eea-4675-941f-1071bf88b127,a33138b6-4eea-4675-941f-1071bf88b127,UCS,UCS-1,24UPHNM1,program_code unmatched
a33138b6-4eea-4675-941f-1071bf88b127,a33138b6-4eea-4675-941f-1071bf88b127,UCS,UCS-2,24UMAGEP03,program_code unmatched
a33138b6-4eea-4675-941f-1071bf88b127,a33138b6-4eea-4675-941f-1071bf88b127,UCS,UCS-3,24UCSS04,program_code unmatched
a33138b6-4eea-4675-941f-1071bf88b127,a33138b6-4eea-4675-941f-1071bf88b127,UCS,UCS-4,24UCSS05,program_code unmatched
a33138b6-4eea-4675-941f-1071bf88b127,a33138b6-4eea-4675-941f-1071bf88b127,UCS,UCS-5,24UCSDSE04,program_code unmatched
a33138b6-4eea-4675-941f-1071bf88b127,a33138b6-4eea-4675-941f-1071bf88b127,UCY,UCY-1,24UCSS01,program_code unmatched
a33138b6-4eea-4675-941f-1071bf88b127,a33138b6-4eea-4675-941f-1071bf88b127,UCY,UCY-2,24UPHNM2,program_code unmatched
a33138b6-4eea-4675-941f-1071bf88b127,a33138b6-4eea-4675-941f-1071bf88b127,UCY,UCY-3,24UCSS04,program_code unmatched
a33138b6-4eea-4675-941f-1071bf88b127,a33138b6-4eea-4675-941f-1071bf88b127,UCY,UCY-4,24UCSS05,program_code unmatched
a33138b6-4eea-4675-941f-1071bf88b127,a33138b6-4eea-4675-941f-1071bf88b127,UCY,UCY-6,24UCYCDSE08,program_code unmatched
a33138b6-4eea-4675-941f-1071bf88b127,a33138b6-4eea-4675-941f-1071bf88b127,UMB,UMB-1,24UMBFC1,program_code unmatched
a33138b6-4eea-4675-941f-1071bf88b127,a33138b6-4eea-4675-941f-1071bf88b127,UMB,UMB-2,25UMBSE01,program_code unmatched
a33138b6-4eea-4675-941f-1071bf88b127,a33138b6-4eea-4675-941f-1071bf88b127,UMB,UMB-3,24UMBSE03,program_code unmatched
a33138b6-4eea-4675-941f-1071bf88b127,a33138b6-4eea-4675-941f-1071bf88b127,UMB,UMB-4,24UMBSE05,program_code unmatched
a33138b6-4eea-4675-941f-1071bf88b127,a33138b6-4eea-4675-941f-1071bf88b127,UPH,UPH-1,24UCCNM1,program_code unmatched
a33138b6-4eea-4675-941f-1071bf88b127,a33138b6-4eea-4675-941f-1071bf88b127,UPH,UPH-2,24UPHS01,program_code unmatched
a33138b6-4eea-4675-941f-1071bf88b127,a33138b6-4eea-4675-941f-1071bf88b127,UPH,UPH-3,24UPHS02,program_code unmatched
a33138b6-4eea-4675-941f-1071bf88b127,a33138b6-4eea-4675-941f-1071bf88b127,UPH,UPH-4,24UPHS04,program_code unmatched
a33138b6-4eea-4675-941f-1071bf88b127,a33138b6-4eea-4675-941f-1071bf88b127,UTF,UTF-1,24UBANM1,program_code unmatched
a33138b6-4eea-4675-941f-1071bf88b127,a33138b6-4eea-4675-941f-1071bf88b127,UTF,UTF-2,25UTFSP01,program_code unmatched
a33138b6-4eea-4675-941f-1071bf88b127,a33138b6-4eea-4675-941f-1071bf88b127,UTF,UTF-3,24UTFSP03,program_code unmatched
a33138b6-4eea-4675-941f-1071bf88b127,a33138b6-4eea-4675-941f-1071bf88b127,UTF,UTF-5,24UTFDE12,program_code unmatched
a33138b6-4eea-4675-941f-1071bf88b127,a33138b6-4eea-4675-941f-1071bf88b127,UTF,UTF-6,24UTFDE19,program_code unmatched
a33138b6-4eea-4675-941f-1071bf88b127,a33138b6-4eea-4675-941f-1071bf88b127,UVC,UVC-1,24UTFNMP01,program_code unmatched
a33138b6-4eea-4675-941f-1071bf88b127,a33138b6-4eea-4675-941f-1071bf88b127,UVC,UVC-2,25UVCSP01,program_code unmatched
a33138b6-4eea-4675-941f-1071bf88b127,a33138b6-4eea-4675-941f-1071bf88b127,UVC,UVC-3,24UVCSP02,program_code unmatched
a33138b6-4eea-4675-941f-1071bf88b127,a33138b6-4eea-4675-941f-1071bf88b127,UVC,UVC-4,24UVCSP04,program_code unmatched
a33138b6-4eea-4675-941f-1071bf88b127,a33138b6-4eea-4675-941f-1071bf88b127,PCS,PCS-2,24PCSE10,program_code unmatched
a33138b6-4eea-4675-941f-1071bf88b127,a33138b6-4eea-4675-941f-1071bf88b127,PCS,PCS-3,24PCMED2,program_code unmatched
a33138b6-4eea-4675-941f-1071bf88b127,a33138b6-4eea-4675-941f-1071bf88b127,PDA,PDA-2,24PHR001,program_code unmatched
a33138b6-4eea-4675-941f-1071bf88b127,a33138b6-4eea-4675-941f-1071bf88b127,PMA,PMA-2,24PMAE13,program_code unmatched
a33138b6-4eea-4675-941f-1071bf88b127,a33138b6-4eea-4675-941f-1071bf88b127,PMA,PMA-3,24PMAE20,program_code unmatched
a33138b6-4eea-4675-941f-1071bf88b127,a33138b6-4eea-4675-941f-1071bf88b127,PMA,PMA-4,24PMAS02,program_code unmatched
a33138b6-4eea-4675-941f-1071bf88b127,a33138b6-4eea-4675-941f-1071bf88b127,UAD,UAD-2,24UCSS02,program_code unmatched
a33138b6-4eea-4675-941f-1071bf88b127,a33138b6-4eea-4675-941f-1071bf88b127,UAD,UAD-4,24UCSS06,program_code unmatched
a33138b6-4eea-4675-941f-1071bf88b127,a33138b6-4eea-4675-941f-1071bf88b127,UAD,UAD-5,24UADCDSE04,program_code unmatched
a33138b6-4eea-4675-941f-1071bf88b127,a33138b6-4eea-4675-941f-1071bf88b127,UBA,UBA-2,25UBAS02,program_code unmatched
a33138b6-4eea-4675-941f-1071bf88b127,a33138b6-4eea-4675-941f-1071bf88b127,UBA,UBA-3,24UEVS01E,program_code unmatched
a33138b6-4eea-4675-941f-1071bf88b127,a33138b6-4eea-4675-941f-1071bf88b127,UBA,UBA-4,24UEVS01,program_code unmatched
a33138b6-4eea-4675-941f-1071bf88b127,a33138b6-4eea-4675-941f-1071bf88b127,UCA,UCA-2,24UCSS02,program_code unmatched
a33138b6-4eea-4675-941f-1071bf88b127,a33138b6-4eea-4675-941f-1071bf88b127,UCA,UCA-3,24UEVS01,program_code unmatched
a33138b6-4eea-4675-941f-1071bf88b127,a33138b6-4eea-4675-941f-1071bf88b127,UCA,UCA-4,24UCSS06,program_code unmatched
a33138b6-4eea-4675-941f-1071bf88b127,a33138b6-4eea-4675-941f-1071bf88b127,UCC,UCC-2,25UCCS02,program_code unmatched
a33138b6-4eea-4675-941f-1071bf88b127,a33138b6-4eea-4675-941f-1071bf88b127,UCC,UCC-3,24UHAWP01,program_code unmatched
a33138b6-4eea-4675-941f-1071bf88b127,a33138b6-4eea-4675-941f-1071bf88b127,UCC,UCC-4,24UEVS01,program_code unmatched
a33138b6-4eea-4675-941f-1071bf88b127,a33138b6-4eea-4675-941f-1071bf88b127,UCC,UCC-5,24UCCDSEP1,program_code unmatched
a33138b6-4eea-4675-941f-1071bf88b127,a33138b6-4eea-4675-941f-1071bf88b127,UCC,UCC-6,24UCCDSEP5,program_code unmatched
a33138b6-4eea-4675-941f-1071bf88b127,a33138b6-4eea-4675-941f-1071bf88b127,UCS,UCS-1,24UCSS01,program_code unmatched
a33138b6-4eea-4675-941f-1071bf88b127,a33138b6-4eea-4675-941f-1071bf88b127,UCS,UCS-2,24UPHNM2,program_code unmatched
a33138b6-4eea-4675-941f-1071bf88b127,a33138b6-4eea-4675-941f-1071bf88b127,UCS,UCS-3,24UHAWP01,program_code unmatched
a33138b6-4eea-4675-941f-1071bf88b127,a33138b6-4eea-4675-941f-1071bf88b127,UCS,UCS-4,24UCSS06,program_code unmatched
a33138b6-4eea-4675-941f-1071bf88b127,a33138b6-4eea-4675-941f-1071bf88b127,UCS,UCS-5,24UCSDSE05,program_code unmatched
a33138b6-4eea-4675-941f-1071bf88b127,a33138b6-4eea-4675-941f-1071bf88b127,UCY,UCY-2,24UCSS02,program_code unmatched
a33138b6-4eea-4675-941f-1071bf88b127,a33138b6-4eea-4675-941f-1071bf88b127,UCY,UCY-4,24UCSS06,program_code unmatched
a33138b6-4eea-4675-941f-1071bf88b127,a33138b6-4eea-4675-941f-1071bf88b127,UCY,UCY-6,24UCYCDSE09,program_code unmatched
a33138b6-4eea-4675-941f-1071bf88b127,a33138b6-4eea-4675-941f-1071bf88b127,UMB,UMB-1,24UPHNM1,program_code unmatched
a33138b6-4eea-4675-941f-1071bf88b127,a33138b6-4eea-4675-941f-1071bf88b127,UMB,UMB-2,24UPHNM2,program_code unmatched
a33138b6-4eea-4675-941f-1071bf88b127,a33138b6-4eea-4675-941f-1071bf88b127,UMB,UMB-3,24UEVS01A,program_code unmatched
a33138b6-4eea-4675-941f-1071bf88b127,a33138b6-4eea-4675-941f-1071bf88b127,UMB,UMB-4,24UEVS01,program_code unmatched
a33138b6-4eea-4675-941f-1071bf88b127,a33138b6-4eea-4675-941f-1071bf88b127,UPH,UPH-2,25UPHS01,program_code unmatched
a33138b6-4eea-4675-941f-1071bf88b127,a33138b6-4eea-4675-941f-1071bf88b127,UPH,UPH-3,24UPHS03,program_code unmatched
a33138b6-4eea-4675-941f-1071bf88b127,a33138b6-4eea-4675-941f-1071bf88b127,UPH,UPH-4,24UPHS05,program_code unmatched
a33138b6-4eea-4675-941f-1071bf88b127,a33138b6-4eea-4675-941f-1071bf88b127,UTF,UTF-2,24UBANM2,program_code unmatched
a33138b6-4eea-4675-941f-1071bf88b127,a33138b6-4eea-4675-941f-1071bf88b127,UTF,UTF-3,24UHAWP01,program_code unmatched
a33138b6-4eea-4675-941f-1071bf88b127,a33138b6-4eea-4675-941f-1071bf88b127,UTF,UTF-4,24UTFS01,program_code unmatched
a33138b6-4eea-4675-941f-1071bf88b127,a33138b6-4eea-4675-941f-1071bf88b127,UTF,UTF-5,24UTFDE13,program_code unmatched
a33138b6-4eea-4675-941f-1071bf88b127,a33138b6-4eea-4675-941f-1071bf88b127,UTF,UTF-6,24UTFDE20,program_code unmatched
a33138b6-4eea-4675-941f-1071bf88b127,a33138b6-4eea-4675-941f-1071bf88b127,UVC,UVC-2,24UTFNMP02,program_code unmatched
a33138b6-4eea-4675-941f-1071bf88b127,a33138b6-4eea-4675-941f-1071bf88b127,UVC,UVC-3,24UEVS01A,program_code unmatched
a33138b6-4eea-4675-941f-1071bf88b127,a33138b6-4eea-4675-941f-1071bf88b127,UVC,UVC-4,24UEVS01,program_code unmatched
a33138b6-4eea-4675-941f-1071bf88b127,a33138b6-4eea-4675-941f-1071bf88b127,PCS,PCS-2,24PCMED1,program_code unmatched
a33138b6-4eea-4675-941f-1071bf88b127,a33138b6-4eea-4675-941f-1071bf88b127,PCS,PCS-3,24PCSIN01,program_code unmatched
a33138b6-4eea-4675-941f-1071bf88b127,a33138b6-4eea-4675-941f-1071bf88b127,PDA,PDA-2,24PCMED1,program_code unmatched
a33138b6-4eea-4675-941f-1071bf88b127,a33138b6-4eea-4675-941f-1071bf88b127,PMA,PMA-2,24PMAE14,program_code unmatched
a33138b6-4eea-4675-941f-1071bf88b127,a33138b6-4eea-4675-941f-1071bf88b127,PMA,PMA-3,24PMAIN01,program_code unmatched
a33138b6-4eea-4675-941f-1071bf88b127,a33138b6-4eea-4675-941f-1071bf88b127,PMA,PMA-4,24PEXA01,program_code unmatched
a33138b6-4eea-4675-941f-1071bf88b127,a33138b6-4eea-4675-941f-1071bf88b127,UAD,UAD-2,25UCSS02,program_code unmatched
a33138b6-4eea-4675-941f-1071bf88b127,a33138b6-4eea-4675-941f-1071bf88b127,UAD,UAD-3,24UEVS01A,program_code unmatched
a33138b6-4eea-4675-941f-1071bf88b127,a33138b6-4eea-4675-941f-1071bf88b127,UAD,UAD-3,24UHAWP01,program_code unmatched
a33138b6-4eea-4675-941f-1071bf88b127,a33138b6-4eea-4675-941f-1071bf88b127,UAD,UAD-4,24UEVS01,program_code unmatched
a33138b6-4eea-4675-941f-1071bf88b127,a33138b6-4eea-4675-941f-1071bf88b127,UAD,UAD-5,24UADCDSE05,program_code unmatched
a33138b6-4eea-4675-941f-1071bf88b127,a33138b6-4eea-4675-941f-1071bf88b127,UBA,UBA-2,25UDIM01,program_code unmatched
a33138b6-4eea-4675-941f-1071bf88b127,a33138b6-4eea-4675-941f-1071bf88b127,UBA,UBA-3,24UHAWP01,program_code unmatched
a33138b6-4eea-4675-941f-1071bf88b127,a33138b6-4eea-4675-941f-1071bf88b127,UCA,UCA-2,25UCSS02,program_code unmatched
a33138b6-4eea-4675-941f-1071bf88b127,a33138b6-4eea-4675-941f-1071bf88b127,UCA,UCA-3,24UHAWP01,program_code unmatched
a33138b6-4eea-4675-941f-1071bf88b127,a33138b6-4eea-4675-941f-1071bf88b127,UCA,UCA-4,24UEVS01,program_code unmatched
a33138b6-4eea-4675-941f-1071bf88b127,a33138b6-4eea-4675-941f-1071bf88b127,UCC,UCC-2,25UDIM01,program_code unmatched
a33138b6-4eea-4675-941f-1071bf88b127,a33138b6-4eea-4675-941f-1071bf88b127,UCC,UCC-3,24UEVS01A,program_code unmatched
a33138b6-4eea-4675-941f-1071bf88b127,a33138b6-4eea-4675-941f-1071bf88b127,UCC,UCC-5,24UCCDSEP2,program_code unmatched
a33138b6-4eea-4675-941f-1071bf88b127,a33138b6-4eea-4675-941f-1071bf88b127,UCC,UCC-6,24UCCPCE01,program_code unmatched
a33138b6-4eea-4675-941f-1071bf88b127,a33138b6-4eea-4675-941f-1071bf88b127,UCS,UCS-2,24UCSS02,program_code unmatched
a33138b6-4eea-4675-941f-1071bf88b127,a33138b6-4eea-4675-941f-1071bf88b127,UCS,UCS-3,24UEVS01A,program_code unmatched
a33138b6-4eea-4675-941f-1071bf88b127,a33138b6-4eea-4675-941f-1071bf88b127,UCS,UCS-4,24UEVS01,program_code unmatched
a33138b6-4eea-4675-941f-1071bf88b127,a33138b6-4eea-4675-941f-1071bf88b127,UCS,UCS-5,24UCSDSE06,program_code unmatched
a33138b6-4eea-4675-941f-1071bf88b127,a33138b6-4eea-4675-941f-1071bf88b127,UCY,UCY-2,25UCSS02,program_code unmatched
a33138b6-4eea-4675-941f-1071bf88b127,a33138b6-4eea-4675-941f-1071bf88b127,UCY,UCY-3,24UEVS01A,program_code unmatched
a33138b6-4eea-4675-941f-1071bf88b127,a33138b6-4eea-4675-941f-1071bf88b127,UCY,UCY-3,24UHAWP01,program_code unmatched
a33138b6-4eea-4675-941f-1071bf88b127,a33138b6-4eea-4675-941f-1071bf88b127,UCY,UCY-4,24UEVS01,program_code unmatched
a33138b6-4eea-4675-941f-1071bf88b127,a33138b6-4eea-4675-941f-1071bf88b127,UCY,UCY-5,24UCYCDSE05,program_code unmatched
a33138b6-4eea-4675-941f-1071bf88b127,a33138b6-4eea-4675-941f-1071bf88b127,UCY,UCY-6,24UCYCDSE10,program_code unmatched
a33138b6-4eea-4675-941f-1071bf88b127,a33138b6-4eea-4675-941f-1071bf88b127,UCY,UCY-6,24UCYCDSE12,program_code unmatched
a33138b6-4eea-4675-941f-1071bf88b127,a33138b6-4eea-4675-941f-1071bf88b127,UMB,UMB-2,25UDIM01,program_code unmatched
a33138b6-4eea-4675-941f-1071bf88b127,a33138b6-4eea-4675-941f-1071bf88b127,UMB,UMB-3,24UHAWP01,program_code unmatched
a33138b6-4eea-4675-941f-1071bf88b127,a33138b6-4eea-4675-941f-1071bf88b127,UPH,UPH-2,24UCCNM2,program_code unmatched
a33138b6-4eea-4675-941f-1071bf88b127,a33138b6-4eea-4675-941f-1071bf88b127,UPH,UPH-3,24UEVS01A,program_code unmatched
a33138b6-4eea-4675-941f-1071bf88b127,a33138b6-4eea-4675-941f-1071bf88b127,UPH,UPH-4,24UEVS01,program_code unmatched
a33138b6-4eea-4675-941f-1071bf88b127,a33138b6-4eea-4675-941f-1071bf88b127,UTF,UTF-2,25UDIM01,program_code unmatched
a33138b6-4eea-4675-941f-1071bf88b127,a33138b6-4eea-4675-941f-1071bf88b127,UTF,UTF-3,24UEVS01A,program_code unmatched
a33138b6-4eea-4675-941f-1071bf88b127,a33138b6-4eea-4675-941f-1071bf88b127,UTF,UTF-4,24UTFS02,program_code unmatched
a33138b6-4eea-4675-941f-1071bf88b127,a33138b6-4eea-4675-941f-1071bf88b127,UTF,UTF-5,24UTFDE14,program_code unmatched
a33138b6-4eea-4675-941f-1071bf88b127,a33138b6-4eea-4675-941f-1071bf88b127,UTF,UTF-6,24UTFDE21,program_code unmatched
a33138b6-4eea-4675-941f-1071bf88b127,a33138b6-4eea-4675-941f-1071bf88b127,UVC,UVC-2,25UDIM01,program_code unmatched
a33138b6-4eea-4675-941f-1071bf88b127,a33138b6-4eea-4675-941f-1071bf88b127,UVC,UVC-3,24UHAWP01,program_code unmatched
a33138b6-4eea-4675-941f-1071bf88b127,a33138b6-4eea-4675-941f-1071bf88b127,UVC,UVC-4,24UVCS04,program_code unmatched
a33138b6-4eea-4675-941f-1071bf88b127,a33138b6-4eea-4675-941f-1071bf88b127,PCS,PCS-2,24PHR001,program_code unmatched
a33138b6-4eea-4675-941f-1071bf88b127,a33138b6-4eea-4675-941f-1071bf88b127,PMA,PMA-2,24PMAE15,program_code unmatched
a33138b6-4eea-4675-941f-1071bf88b127,a33138b6-4eea-4675-941f-1071bf88b127,UAD,UAD-2,25UDIM01,program_code unmatched
a33138b6-4eea-4675-941f-1071bf88b127,a33138b6-4eea-4675-941f-1071bf88b127,UAD,UAD-5,24UADCDSE06,program_code unmatched
a33138b6-4eea-4675-941f-1071bf88b127,a33138b6-4eea-4675-941f-1071bf88b127,UBA,UBA-6,24UBADSEP1,program_code unmatched
a33138b6-4eea-4675-941f-1071bf88b127,a33138b6-4eea-4675-941f-1071bf88b127,UCA,UCA-1,24UCAS01,program_code unmatched
a33138b6-4eea-4675-941f-1071bf88b127,a33138b6-4eea-4675-941f-1071bf88b127,UCA,UCA-2,25UDIM01,program_code unmatched
a33138b6-4eea-4675-941f-1071bf88b127,a33138b6-4eea-4675-941f-1071bf88b127,UCS,UCS-2,25UCSS02,program_code unmatched
a33138b6-4eea-4675-941f-1071bf88b127,a33138b6-4eea-4675-941f-1071bf88b127,UCS,UCS-5,24UCSDSE07,program_code unmatched
b0b8a724-7c65-4f07-8047-2a38e8100ad5,b0b8a724-7c65-4f07-8047-2a38e8100ad5,PCA,PCA-1,24PCAC01,program_code unmatched
b0b8a724-7c65-4f07-8047-2a38e8100ad5,b0b8a724-7c65-4f07-8047-2a38e8100ad5,PCA,PCA-2,24PCAC04,program_code unmatched
b0b8a724-7c65-4f07-8047-2a38e8100ad5,b0b8a724-7c65-4f07-8047-2a38e8100ad5,PCA,PCA-3,24PCAC06,program_code unmatched
b0b8a724-7c65-4f07-8047-2a38e8100ad5,b0b8a724-7c65-4f07-8047-2a38e8100ad5,PCA,PCA-4,24PCAC09,program_code unmatched
b0b8a724-7c65-4f07-8047-2a38e8100ad5,b0b8a724-7c65-4f07-8047-2a38e8100ad5,PCH,PCH-1,24PCHC01,program_code unmatched
b0b8a724-7c65-4f07-8047-2a38e8100ad5,b0b8a724-7c65-4f07-8047-2a38e8100ad5,PCH,PCH-2,24PCHC03,program_code unmatched
b0b8a724-7c65-4f07-8047-2a38e8100ad5,b0b8a724-7c65-4f07-8047-2a38e8100ad5,PCH,PCH-3,24PCHC05,program_code unmatched
b0b8a724-7c65-4f07-8047-2a38e8100ad5,b0b8a724-7c65-4f07-8047-2a38e8100ad5,PCH,PCH-4,24PCHC07,program_code unmatched
b0b8a724-7c65-4f07-8047-2a38e8100ad5,b0b8a724-7c65-4f07-8047-2a38e8100ad5,PHI,PHI-1,24PHIC01,program_code unmatched
b0b8a724-7c65-4f07-8047-2a38e8100ad5,b0b8a724-7c65-4f07-8047-2a38e8100ad5,PHI,PHI-2,24PHIC04,program_code unmatched
b0b8a724-7c65-4f07-8047-2a38e8100ad5,b0b8a724-7c65-4f07-8047-2a38e8100ad5,PHI,PHI-3,24PHIC07,program_code unmatched
b0b8a724-7c65-4f07-8047-2a38e8100ad5,b0b8a724-7c65-4f07-8047-2a38e8100ad5,PHI,PHI-4,24PHIC11,program_code unmatched
b0b8a724-7c65-4f07-8047-2a38e8100ad5,b0b8a724-7c65-4f07-8047-2a38e8100ad5,PZO,PZO-1,24PZOC01,program_code unmatched
b0b8a724-7c65-4f07-8047-2a38e8100ad5,b0b8a724-7c65-4f07-8047-2a38e8100ad5,PZO,PZO-2,24PZOC03,program_code unmatched
b0b8a724-7c65-4f07-8047-2a38e8100ad5,b0b8a724-7c65-4f07-8047-2a38e8100ad5,PZO,PZO-3,24PZOC05,program_code unmatched
b0b8a724-7c65-4f07-8047-2a38e8100ad5,b0b8a724-7c65-4f07-8047-2a38e8100ad5,PZO,PZO-4,24PZOC08,program_code unmatched
b0b8a724-7c65-4f07-8047-2a38e8100ad5,b0b8a724-7c65-4f07-8047-2a38e8100ad5,UCH,UCH-1,24UGTA01,program_code unmatched
b0b8a724-7c65-4f07-8047-2a38e8100ad5,b0b8a724-7c65-4f07-8047-2a38e8100ad5,UCH,UCH-2,24UGTA02,program_code unmatched
b0b8a724-7c65-4f07-8047-2a38e8100ad5,b0b8a724-7c65-4f07-8047-2a38e8100ad5,UCH,UCH-3,24UGTA03,program_code unmatched
b0b8a724-7c65-4f07-8047-2a38e8100ad5,b0b8a724-7c65-4f07-8047-2a38e8100ad5,UCH,UCH-4,24UGTA04,program_code unmatched
b0b8a724-7c65-4f07-8047-2a38e8100ad5,b0b8a724-7c65-4f07-8047-2a38e8100ad5,UCM,UCM-1,24UGTA01,program_code unmatched
b0b8a724-7c65-4f07-8047-2a38e8100ad5,b0b8a724-7c65-4f07-8047-2a38e8100ad5,UCM,UCM-2,24UGTA02,program_code unmatched
b0b8a724-7c65-4f07-8047-2a38e8100ad5,b0b8a724-7c65-4f07-8047-2a38e8100ad5,UCM,UCM-3,24UGTA03,program_code unmatched
b0b8a724-7c65-4f07-8047-2a38e8100ad5,b0b8a724-7c65-4f07-8047-2a38e8100ad5,UCM,UCM-4,24UGTA04,program_code unmatched
b0b8a724-7c65-4f07-8047-2a38e8100ad5,b0b8a724-7c65-4f07-8047-2a38e8100ad5,UHI,UHI-1,24UGTA01,program_code unmatched
b0b8a724-7c65-4f07-8047-2a38e8100ad5,b0b8a724-7c65-4f07-8047-2a38e8100ad5,UHI,UHI-2,24UGTA02,program_code unmatched
b0b8a724-7c65-4f07-8047-2a38e8100ad5,b0b8a724-7c65-4f07-8047-2a38e8100ad5,UHI,UHI-3,24UGTA03,program_code unmatched
b0b8a724-7c65-4f07-8047-2a38e8100ad5,b0b8a724-7c65-4f07-8047-2a38e8100ad5,UHI,UHI-4,24UGTA04,program_code unmatched
b0b8a724-7c65-4f07-8047-2a38e8100ad5,b0b8a724-7c65-4f07-8047-2a38e8100ad5,UZO,UZO-1,24UGTA01,program_code unmatched
b0b8a724-7c65-4f07-8047-2a38e8100ad5,b0b8a724-7c65-4f07-8047-2a38e8100ad5,UZO,UZO-2,24UGTA02,program_code unmatched
b0b8a724-7c65-4f07-8047-2a38e8100ad5,b0b8a724-7c65-4f07-8047-2a38e8100ad5,UZO,UZO-3,24UGTA03,program_code unmatched
b0b8a724-7c65-4f07-8047-2a38e8100ad5,b0b8a724-7c65-4f07-8047-2a38e8100ad5,UZO,UZO-4,24UGTA04,program_code unmatched
b0b8a724-7c65-4f07-8047-2a38e8100ad5,b0b8a724-7c65-4f07-8047-2a38e8100ad5,PCA,PCA-1,24PCAC02,program_code unmatched
b0b8a724-7c65-4f07-8047-2a38e8100ad5,b0b8a724-7c65-4f07-8047-2a38e8100ad5,PCA,PCA-2,24PCAC05,program_code unmatched
b0b8a724-7c65-4f07-8047-2a38e8100ad5,b0b8a724-7c65-4f07-8047-2a38e8100ad5,PCA,PCA-3,24PCAC07,program_code unmatched
b0b8a724-7c65-4f07-8047-2a38e8100ad5,b0b8a724-7c65-4f07-8047-2a38e8100ad5,PCA,PCA-4,24PCAC10,program_code unmatched
b0b8a724-7c65-4f07-8047-2a38e8100ad5,b0b8a724-7c65-4f07-8047-2a38e8100ad5,PCH,PCH-1,24PCHC02,program_code unmatched
b0b8a724-7c65-4f07-8047-2a38e8100ad5,b0b8a724-7c65-4f07-8047-2a38e8100ad5,PCH,PCH-2,24PCHC04,program_code unmatched
b0b8a724-7c65-4f07-8047-2a38e8100ad5,b0b8a724-7c65-4f07-8047-2a38e8100ad5,PCH,PCH-2,26PCHC04,program_code unmatched
b0b8a724-7c65-4f07-8047-2a38e8100ad5,b0b8a724-7c65-4f07-8047-2a38e8100ad5,PCH,PCH-3,24PCHC06,program_code unmatched
b0b8a724-7c65-4f07-8047-2a38e8100ad5,b0b8a724-7c65-4f07-8047-2a38e8100ad5,PCH,PCH-4,24PCHC08,program_code unmatched
b0b8a724-7c65-4f07-8047-2a38e8100ad5,b0b8a724-7c65-4f07-8047-2a38e8100ad5,PHI,PHI-1,24PHIC02,program_code unmatched
b0b8a724-7c65-4f07-8047-2a38e8100ad5,b0b8a724-7c65-4f07-8047-2a38e8100ad5,PHI,PHI-2,24PHIC05,program_code unmatched
b0b8a724-7c65-4f07-8047-2a38e8100ad5,b0b8a724-7c65-4f07-8047-2a38e8100ad5,PHI,PHI-3,24PHIC08,program_code unmatched
b0b8a724-7c65-4f07-8047-2a38e8100ad5,b0b8a724-7c65-4f07-8047-2a38e8100ad5,PHI,PHI-4,24PHIC12,program_code unmatched
b0b8a724-7c65-4f07-8047-2a38e8100ad5,b0b8a724-7c65-4f07-8047-2a38e8100ad5,PZO,PZO-1,24PZOC02,program_code unmatched
b0b8a724-7c65-4f07-8047-2a38e8100ad5,b0b8a724-7c65-4f07-8047-2a38e8100ad5,PZO,PZO-2,24PZOC04,program_code unmatched
b0b8a724-7c65-4f07-8047-2a38e8100ad5,b0b8a724-7c65-4f07-8047-2a38e8100ad5,PZO,PZO-3,24PZOC06,program_code unmatched
b0b8a724-7c65-4f07-8047-2a38e8100ad5,b0b8a724-7c65-4f07-8047-2a38e8100ad5,PZO,PZO-4,24PZOC09,program_code unmatched
b0b8a724-7c65-4f07-8047-2a38e8100ad5,b0b8a724-7c65-4f07-8047-2a38e8100ad5,UCH,UCH-1,24UGEN01,program_code unmatched
b0b8a724-7c65-4f07-8047-2a38e8100ad5,b0b8a724-7c65-4f07-8047-2a38e8100ad5,UCH,UCH-2,24UGEN02,program_code unmatched
b0b8a724-7c65-4f07-8047-2a38e8100ad5,b0b8a724-7c65-4f07-8047-2a38e8100ad5,UCH,UCH-2,24UZOGE02,program_code unmatched
b0b8a724-7c65-4f07-8047-2a38e8100ad5,b0b8a724-7c65-4f07-8047-2a38e8100ad5,UCH,UCH-3,24UGEN03,program_code unmatched
b0b8a724-7c65-4f07-8047-2a38e8100ad5,b0b8a724-7c65-4f07-8047-2a38e8100ad5,UCH,UCH-4,24UGEN04,program_code unmatched
b0b8a724-7c65-4f07-8047-2a38e8100ad5,b0b8a724-7c65-4f07-8047-2a38e8100ad5,UCM,UCM-1,24UGEN01,program_code unmatched
b0b8a724-7c65-4f07-8047-2a38e8100ad5,b0b8a724-7c65-4f07-8047-2a38e8100ad5,UCM,UCM-2,24UGEN02,program_code unmatched
b0b8a724-7c65-4f07-8047-2a38e8100ad5,b0b8a724-7c65-4f07-8047-2a38e8100ad5,UCM,UCM-3,24UGEN03,program_code unmatched
b0b8a724-7c65-4f07-8047-2a38e8100ad5,b0b8a724-7c65-4f07-8047-2a38e8100ad5,UCM,UCM-4,24UGEN04,program_code unmatched
b0b8a724-7c65-4f07-8047-2a38e8100ad5,b0b8a724-7c65-4f07-8047-2a38e8100ad5,UCM,UCM-5,24UCMC10,program_code unmatched
b0b8a724-7c65-4f07-8047-2a38e8100ad5,b0b8a724-7c65-4f07-8047-2a38e8100ad5,UHI,UHI-1,24UGEN01,program_code unmatched
b0b8a724-7c65-4f07-8047-2a38e8100ad5,b0b8a724-7c65-4f07-8047-2a38e8100ad5,UHI,UHI-2,24UGEN02,program_code unmatched
b0b8a724-7c65-4f07-8047-2a38e8100ad5,b0b8a724-7c65-4f07-8047-2a38e8100ad5,UHI,UHI-3,24UGEN03,program_code unmatched
b0b8a724-7c65-4f07-8047-2a38e8100ad5,b0b8a724-7c65-4f07-8047-2a38e8100ad5,UHI,UHI-4,24UGEN04,program_code unmatched
b0b8a724-7c65-4f07-8047-2a38e8100ad5,b0b8a724-7c65-4f07-8047-2a38e8100ad5,UZO,UZO-1,24UGEN01,program_code unmatched
b0b8a724-7c65-4f07-8047-2a38e8100ad5,b0b8a724-7c65-4f07-8047-2a38e8100ad5,UZO,UZO-2,24UGEN02,program_code unmatched
b0b8a724-7c65-4f07-8047-2a38e8100ad5,b0b8a724-7c65-4f07-8047-2a38e8100ad5,UZO,UZO-3,24UGEN03,program_code unmatched
b0b8a724-7c65-4f07-8047-2a38e8100ad5,b0b8a724-7c65-4f07-8047-2a38e8100ad5,UZO,UZO-4,24UGEN04,program_code unmatched
b0b8a724-7c65-4f07-8047-2a38e8100ad5,b0b8a724-7c65-4f07-8047-2a38e8100ad5,UZO,UZO-5,25UZOC08,program_code unmatched
b0b8a724-7c65-4f07-8047-2a38e8100ad5,b0b8a724-7c65-4f07-8047-2a38e8100ad5,PCA,PCA-1,24PCAC03,program_code unmatched
b0b8a724-7c65-4f07-8047-2a38e8100ad5,b0b8a724-7c65-4f07-8047-2a38e8100ad5,PCA,PCA-2,24PCACP03,program_code unmatched
b0b8a724-7c65-4f07-8047-2a38e8100ad5,b0b8a724-7c65-4f07-8047-2a38e8100ad5,PCA,PCA-3,24PCAC08,program_code unmatched
b0b8a724-7c65-4f07-8047-2a38e8100ad5,b0b8a724-7c65-4f07-8047-2a38e8100ad5,PCA,PCA-4,24PCAPR1,program_code unmatched
b0b8a724-7c65-4f07-8047-2a38e8100ad5,b0b8a724-7c65-4f07-8047-2a38e8100ad5,PCH,PCH-1,24PCHCP01,program_code unmatched
b0b8a724-7c65-4f07-8047-2a38e8100ad5,b0b8a724-7c65-4f07-8047-2a38e8100ad5,PCH,PCH-2,24PCHCP02,program_code unmatched
b0b8a724-7c65-4f07-8047-2a38e8100ad5,b0b8a724-7c65-4f07-8047-2a38e8100ad5,PCH,PCH-3,24PCHCP03,program_code unmatched
b0b8a724-7c65-4f07-8047-2a38e8100ad5,b0b8a724-7c65-4f07-8047-2a38e8100ad5,PCH,PCH-4,24PCHCP04,program_code unmatched
b0b8a724-7c65-4f07-8047-2a38e8100ad5,b0b8a724-7c65-4f07-8047-2a38e8100ad5,PHI,PHI-1,24PHIC03,program_code unmatched
b0b8a724-7c65-4f07-8047-2a38e8100ad5,b0b8a724-7c65-4f07-8047-2a38e8100ad5,PHI,PHI-2,24PHIC06,program_code unmatched
b0b8a724-7c65-4f07-8047-2a38e8100ad5,b0b8a724-7c65-4f07-8047-2a38e8100ad5,PHI,PHI-3,24PHIC09,program_code unmatched
b0b8a724-7c65-4f07-8047-2a38e8100ad5,b0b8a724-7c65-4f07-8047-2a38e8100ad5,PHI,PHI-4,24PHIPR1,program_code unmatched
b0b8a724-7c65-4f07-8047-2a38e8100ad5,b0b8a724-7c65-4f07-8047-2a38e8100ad5,PZO,PZO-1,24PZOCP01,program_code unmatched
b0b8a724-7c65-4f07-8047-2a38e8100ad5,b0b8a724-7c65-4f07-8047-2a38e8100ad5,PZO,PZO-2,24PZOCP02,program_code unmatched
b0b8a724-7c65-4f07-8047-2a38e8100ad5,b0b8a724-7c65-4f07-8047-2a38e8100ad5,PZO,PZO-3,24PZOC07,program_code unmatched
b0b8a724-7c65-4f07-8047-2a38e8100ad5,b0b8a724-7c65-4f07-8047-2a38e8100ad5,PZO,PZO-4,24PZOCP04,program_code unmatched
b0b8a724-7c65-4f07-8047-2a38e8100ad5,b0b8a724-7c65-4f07-8047-2a38e8100ad5,UAD,UAD-6,24UADCP06,course not mirrored
b0b8a724-7c65-4f07-8047-2a38e8100ad5,b0b8a724-7c65-4f07-8047-2a38e8100ad5,UCH,UCH-1,24UCHC01,program_code unmatched
b0b8a724-7c65-4f07-8047-2a38e8100ad5,b0b8a724-7c65-4f07-8047-2a38e8100ad5,UCH,UCH-2,24UCHC02,program_code unmatched
b0b8a724-7c65-4f07-8047-2a38e8100ad5,b0b8a724-7c65-4f07-8047-2a38e8100ad5,UCH,UCH-3,24UCHC03,program_code unmatched
b0b8a724-7c65-4f07-8047-2a38e8100ad5,b0b8a724-7c65-4f07-8047-2a38e8100ad5,UCH,UCH-4,24UCHC04,program_code unmatched
b0b8a724-7c65-4f07-8047-2a38e8100ad5,b0b8a724-7c65-4f07-8047-2a38e8100ad5,UCM,UCM-1,24UCMC01,program_code unmatched
b0b8a724-7c65-4f07-8047-2a38e8100ad5,b0b8a724-7c65-4f07-8047-2a38e8100ad5,UCM,UCM-2,24UCMC03,program_code unmatched
b0b8a724-7c65-4f07-8047-2a38e8100ad5,b0b8a724-7c65-4f07-8047-2a38e8100ad5,UCM,UCM-3,24UCMC05,program_code unmatched
b0b8a724-7c65-4f07-8047-2a38e8100ad5,b0b8a724-7c65-4f07-8047-2a38e8100ad5,UCM,UCM-4,24UCMC07,program_code unmatched
b0b8a724-7c65-4f07-8047-2a38e8100ad5,b0b8a724-7c65-4f07-8047-2a38e8100ad5,UCM,UCM-5,24UCMC11,program_code unmatched
b0b8a724-7c65-4f07-8047-2a38e8100ad5,b0b8a724-7c65-4f07-8047-2a38e8100ad5,UCM,UCM-6,24UCMC15,program_code unmatched
b0b8a724-7c65-4f07-8047-2a38e8100ad5,b0b8a724-7c65-4f07-8047-2a38e8100ad5,UHI,UHI-1,24UHIC01,program_code unmatched
b0b8a724-7c65-4f07-8047-2a38e8100ad5,b0b8a724-7c65-4f07-8047-2a38e8100ad5,UHI,UHI-2,24UHIC03,program_code unmatched
b0b8a724-7c65-4f07-8047-2a38e8100ad5,b0b8a724-7c65-4f07-8047-2a38e8100ad5,UHI,UHI-3,24UHIC05,program_code unmatched
b0b8a724-7c65-4f07-8047-2a38e8100ad5,b0b8a724-7c65-4f07-8047-2a38e8100ad5,UHI,UHI-4,24UHIC07,program_code unmatched
b0b8a724-7c65-4f07-8047-2a38e8100ad5,b0b8a724-7c65-4f07-8047-2a38e8100ad5,UZO,UZO-1,24UZOC01,program_code unmatched
b0b8a724-7c65-4f07-8047-2a38e8100ad5,b0b8a724-7c65-4f07-8047-2a38e8100ad5,UZO,UZO-2,24UZOC03,program_code unmatched
b0b8a724-7c65-4f07-8047-2a38e8100ad5,b0b8a724-7c65-4f07-8047-2a38e8100ad5,UZO,UZO-3,24UZOC04,program_code unmatched
b0b8a724-7c65-4f07-8047-2a38e8100ad5,b0b8a724-7c65-4f07-8047-2a38e8100ad5,UZO,UZO-4,24UZOC06,program_code unmatched
b0b8a724-7c65-4f07-8047-2a38e8100ad5,b0b8a724-7c65-4f07-8047-2a38e8100ad5,UZO,UZO-5,25UZOC09,program_code unmatched
b0b8a724-7c65-4f07-8047-2a38e8100ad5,b0b8a724-7c65-4f07-8047-2a38e8100ad5,PCA,PCA-1,24PCACP01,program_code unmatched
b0b8a724-7c65-4f07-8047-2a38e8100ad5,b0b8a724-7c65-4f07-8047-2a38e8100ad5,PCA,PCA-2,24PCACP04,program_code unmatched
b0b8a724-7c65-4f07-8047-2a38e8100ad5,b0b8a724-7c65-4f07-8047-2a38e8100ad5,PCA,PCA-3,24PCACP05,program_code unmatched
b0b8a724-7c65-4f07-8047-2a38e8100ad5,b0b8a724-7c65-4f07-8047-2a38e8100ad5,PCA,PCA-4,24PCAEP12,program_code unmatched
b0b8a724-7c65-4f07-8047-2a38e8100ad5,b0b8a724-7c65-4f07-8047-2a38e8100ad5,PCH,PCH-1,24PCHE01,program_code unmatched
b0b8a724-7c65-4f07-8047-2a38e8100ad5,b0b8a724-7c65-4f07-8047-2a38e8100ad5,PCH,PCH-2,24PCHE05,program_code unmatched
b0b8a724-7c65-4f07-8047-2a38e8100ad5,b0b8a724-7c65-4f07-8047-2a38e8100ad5,PCH,PCH-3,24PCHE09,program_code unmatched
b0b8a724-7c65-4f07-8047-2a38e8100ad5,b0b8a724-7c65-4f07-8047-2a38e8100ad5,PCH,PCH-4,24PCHS02,program_code unmatched
b0b8a724-7c65-4f07-8047-2a38e8100ad5,b0b8a724-7c65-4f07-8047-2a38e8100ad5,PHI,PHI-1,24PHIE01,program_code unmatched
b0b8a724-7c65-4f07-8047-2a38e8100ad5,b0b8a724-7c65-4f07-8047-2a38e8100ad5,PHI,PHI-2,24PHIE05,program_code unmatched
b0b8a724-7c65-4f07-8047-2a38e8100ad5,b0b8a724-7c65-4f07-8047-2a38e8100ad5,PHI,PHI-3,24PHIC10,program_code unmatched
b0b8a724-7c65-4f07-8047-2a38e8100ad5,b0b8a724-7c65-4f07-8047-2a38e8100ad5,PHI,PHI-4,24PHIE11,program_code unmatched
b0b8a724-7c65-4f07-8047-2a38e8100ad5,b0b8a724-7c65-4f07-8047-2a38e8100ad5,PZO,PZO-1,24PZOE01,program_code unmatched
b0b8a724-7c65-4f07-8047-2a38e8100ad5,b0b8a724-7c65-4f07-8047-2a38e8100ad5,PZO,PZO-3,24PZOCP03,program_code unmatched
b0b8a724-7c65-4f07-8047-2a38e8100ad5,b0b8a724-7c65-4f07-8047-2a38e8100ad5,PZO,PZO-4,24PZOPR1,program_code unmatched
b0b8a724-7c65-4f07-8047-2a38e8100ad5,b0b8a724-7c65-4f07-8047-2a38e8100ad5,UCA,UCA-5,24UCADSE1,course not mirrored
b0b8a724-7c65-4f07-8047-2a38e8100ad5,b0b8a724-7c65-4f07-8047-2a38e8100ad5,UCA,UCA-5,24UCADSE2,course not mirrored
b0b8a724-7c65-4f07-8047-2a38e8100ad5,b0b8a724-7c65-4f07-8047-2a38e8100ad5,UCH,UCH-1,24UCHCP01,program_code unmatched
b0b8a724-7c65-4f07-8047-2a38e8100ad5,b0b8a724-7c65-4f07-8047-2a38e8100ad5,UCH,UCH-2,24UCHCP02,program_code unmatched
b0b8a724-7c65-4f07-8047-2a38e8100ad5,b0b8a724-7c65-4f07-8047-2a38e8100ad5,UCH,UCH-3,24UCHCP03,program_code unmatched
b0b8a724-7c65-4f07-8047-2a38e8100ad5,b0b8a724-7c65-4f07-8047-2a38e8100ad5,UCH,UCH-4,24UCHCP04,program_code unmatched
b0b8a724-7c65-4f07-8047-2a38e8100ad5,b0b8a724-7c65-4f07-8047-2a38e8100ad5,UCM,UCM-1,24UCMC02,program_code unmatched
b0b8a724-7c65-4f07-8047-2a38e8100ad5,b0b8a724-7c65-4f07-8047-2a38e8100ad5,UCM,UCM-2,24UCMC04,program_code unmatched
b0b8a724-7c65-4f07-8047-2a38e8100ad5,b0b8a724-7c65-4f07-8047-2a38e8100ad5,UCM,UCM-3,24UCMC06,program_code unmatched
b0b8a724-7c65-4f07-8047-2a38e8100ad5,b0b8a724-7c65-4f07-8047-2a38e8100ad5,UCM,UCM-4,24UCMC08,program_code unmatched
b0b8a724-7c65-4f07-8047-2a38e8100ad5,b0b8a724-7c65-4f07-8047-2a38e8100ad5,UCM,UCM-5,24UCMC12,program_code unmatched
b0b8a724-7c65-4f07-8047-2a38e8100ad5,b0b8a724-7c65-4f07-8047-2a38e8100ad5,UCM,UCM-6,24UCMDE12,program_code unmatched
b0b8a724-7c65-4f07-8047-2a38e8100ad5,b0b8a724-7c65-4f07-8047-2a38e8100ad5,UHI,UHI-1,24UHIC02,program_code unmatched
b0b8a724-7c65-4f07-8047-2a38e8100ad5,b0b8a724-7c65-4f07-8047-2a38e8100ad5,UHI,UHI-2,24UHIC04,program_code unmatched
b0b8a724-7c65-4f07-8047-2a38e8100ad5,b0b8a724-7c65-4f07-8047-2a38e8100ad5,UHI,UHI-3,24UHIC06,program_code unmatched
b0b8a724-7c65-4f07-8047-2a38e8100ad5,b0b8a724-7c65-4f07-8047-2a38e8100ad5,UHI,UHI-4,24UHIC08,program_code unmatched
b0b8a724-7c65-4f07-8047-2a38e8100ad5,b0b8a724-7c65-4f07-8047-2a38e8100ad5,UZO,UZO-1,24UZOC02,program_code unmatched
b0b8a724-7c65-4f07-8047-2a38e8100ad5,b0b8a724-7c65-4f07-8047-2a38e8100ad5,UZO,UZO-2,24UZOCP01,program_code unmatched
b0b8a724-7c65-4f07-8047-2a38e8100ad5,b0b8a724-7c65-4f07-8047-2a38e8100ad5,UZO,UZO-3,24UZOC05,program_code unmatched
b0b8a724-7c65-4f07-8047-2a38e8100ad5,b0b8a724-7c65-4f07-8047-2a38e8100ad5,UZO,UZO-4,24UZOCP02,program_code unmatched
b0b8a724-7c65-4f07-8047-2a38e8100ad5,b0b8a724-7c65-4f07-8047-2a38e8100ad5,UZO,UZO-5,25UZOCP05,program_code unmatched
b0b8a724-7c65-4f07-8047-2a38e8100ad5,b0b8a724-7c65-4f07-8047-2a38e8100ad5,PCA,PCA-1,24PCACP02,program_code unmatched
b0b8a724-7c65-4f07-8047-2a38e8100ad5,b0b8a724-7c65-4f07-8047-2a38e8100ad5,PCA,PCA-2,24PCAE07,program_code unmatched
b0b8a724-7c65-4f07-8047-2a38e8100ad5,b0b8a724-7c65-4f07-8047-2a38e8100ad5,PCA,PCA-3,24PCACP06,program_code unmatched
b0b8a724-7c65-4f07-8047-2a38e8100ad5,b0b8a724-7c65-4f07-8047-2a38e8100ad5,PCA,PCA-4,24PCASP01,program_code unmatched
b0b8a724-7c65-4f07-8047-2a38e8100ad5,b0b8a724-7c65-4f07-8047-2a38e8100ad5,PCH,PCH-1,24PCHE02,program_code unmatched
b0b8a724-7c65-4f07-8047-2a38e8100ad5,b0b8a724-7c65-4f07-8047-2a38e8100ad5,PCH,PCH-2,24PCHE06,program_code unmatched
b0b8a724-7c65-4f07-8047-2a38e8100ad5,b0b8a724-7c65-4f07-8047-2a38e8100ad5,PCH,PCH-3,24PCHE10,program_code unmatched
b0b8a724-7c65-4f07-8047-2a38e8100ad5,b0b8a724-7c65-4f07-8047-2a38e8100ad5,PCH,PCH-4,24PCHPR1,program_code unmatched
b0b8a724-7c65-4f07-8047-2a38e8100ad5,b0b8a724-7c65-4f07-8047-2a38e8100ad5,PHI,PHI-2,24PHIE07,program_code unmatched
b0b8a724-7c65-4f07-8047-2a38e8100ad5,b0b8a724-7c65-4f07-8047-2a38e8100ad5,PHI,PHI-3,24PHIE09,program_code unmatched
b0b8a724-7c65-4f07-8047-2a38e8100ad5,b0b8a724-7c65-4f07-8047-2a38e8100ad5,PZO,PZO-1,24PZOE02,program_code unmatched
b0b8a724-7c65-4f07-8047-2a38e8100ad5,b0b8a724-7c65-4f07-8047-2a38e8100ad5,PZO,PZO-2,24PZOE06,program_code unmatched
b0b8a724-7c65-4f07-8047-2a38e8100ad5,b0b8a724-7c65-4f07-8047-2a38e8100ad5,PZO,PZO-3,24PZOE09,program_code unmatched
b0b8a724-7c65-4f07-8047-2a38e8100ad5,b0b8a724-7c65-4f07-8047-2a38e8100ad5,PZO,PZO-4,24PZOE10,program_code unmatched
b0b8a724-7c65-4f07-8047-2a38e8100ad5,b0b8a724-7c65-4f07-8047-2a38e8100ad5,UCH,UCH-1,24UMAGE1,program_code unmatched
b0b8a724-7c65-4f07-8047-2a38e8100ad5,b0b8a724-7c65-4f07-8047-2a38e8100ad5,UCH,UCH-2,24UMAGE2,program_code unmatched
b0b8a724-7c65-4f07-8047-2a38e8100ad5,b0b8a724-7c65-4f07-8047-2a38e8100ad5,UCH,UCH-3,24UPHGE1,program_code unmatched
b0b8a724-7c65-4f07-8047-2a38e8100ad5,b0b8a724-7c65-4f07-8047-2a38e8100ad5,UCH,UCH-4,24UPHGE2,program_code unmatched
b0b8a724-7c65-4f07-8047-2a38e8100ad5,b0b8a724-7c65-4f07-8047-2a38e8100ad5,UCM,UCM-1,24UECGE1,program_code unmatched
b0b8a724-7c65-4f07-8047-2a38e8100ad5,b0b8a724-7c65-4f07-8047-2a38e8100ad5,UCM,UCM-2,24UECGE4,program_code unmatched
b0b8a724-7c65-4f07-8047-2a38e8100ad5,b0b8a724-7c65-4f07-8047-2a38e8100ad5,UCM,UCM-3,24UMAGE11,program_code unmatched
b0b8a724-7c65-4f07-8047-2a38e8100ad5,b0b8a724-7c65-4f07-8047-2a38e8100ad5,UCM,UCM-4,24UMAGE12,program_code unmatched
b0b8a724-7c65-4f07-8047-2a38e8100ad5,b0b8a724-7c65-4f07-8047-2a38e8100ad5,UCM,UCM-5,24PCME04,program_code unmatched
b0b8a724-7c65-4f07-8047-2a38e8100ad5,b0b8a724-7c65-4f07-8047-2a38e8100ad5,UCM,UCM-5,24UCMDE10,program_code unmatched
b0b8a724-7c65-4f07-8047-2a38e8100ad5,b0b8a724-7c65-4f07-8047-2a38e8100ad5,UCM,UCM-5,24UCMDE9,program_code unmatched
b0b8a724-7c65-4f07-8047-2a38e8100ad5,b0b8a724-7c65-4f07-8047-2a38e8100ad5,UCM,UCM-6,24UCMDE13,program_code unmatched
b0b8a724-7c65-4f07-8047-2a38e8100ad5,b0b8a724-7c65-4f07-8047-2a38e8100ad5,UHI,UHI-1,24UGEGE1,program_code unmatched
b0b8a724-7c65-4f07-8047-2a38e8100ad5,b0b8a724-7c65-4f07-8047-2a38e8100ad5,UHI,UHI-2,24UGEGE2,program_code unmatched
b0b8a724-7c65-4f07-8047-2a38e8100ad5,b0b8a724-7c65-4f07-8047-2a38e8100ad5,UHI,UHI-3,24UECGE6,program_code unmatched
b0b8a724-7c65-4f07-8047-2a38e8100ad5,b0b8a724-7c65-4f07-8047-2a38e8100ad5,UHI,UHI-4,24UECGE7,program_code unmatched
b0b8a724-7c65-4f07-8047-2a38e8100ad5,b0b8a724-7c65-4f07-8047-2a38e8100ad5,UZO,UZO-1,24UZOCP01A,program_code unmatched
b0b8a724-7c65-4f07-8047-2a38e8100ad5,b0b8a724-7c65-4f07-8047-2a38e8100ad5,UZO,UZO-1,25UZOCP01,program_code unmatched
b0b8a724-7c65-4f07-8047-2a38e8100ad5,b0b8a724-7c65-4f07-8047-2a38e8100ad5,UZO,UZO-2,25UZOCP02,program_code unmatched
b0b8a724-7c65-4f07-8047-2a38e8100ad5,b0b8a724-7c65-4f07-8047-2a38e8100ad5,UZO,UZO-3,24UCHGE3,program_code unmatched
b0b8a724-7c65-4f07-8047-2a38e8100ad5,b0b8a724-7c65-4f07-8047-2a38e8100ad5,UZO,UZO-3,24UZOCP02A,program_code unmatched
b0b8a724-7c65-4f07-8047-2a38e8100ad5,b0b8a724-7c65-4f07-8047-2a38e8100ad5,UZO,UZO-4,24UCHGE4,program_code unmatched
b0b8a724-7c65-4f07-8047-2a38e8100ad5,b0b8a724-7c65-4f07-8047-2a38e8100ad5,UZO,UZO-5,24UZOE01,program_code unmatched
b0b8a724-7c65-4f07-8047-2a38e8100ad5,b0b8a724-7c65-4f07-8047-2a38e8100ad5,PCA,PCA-1,24PCAE04,program_code unmatched
b0b8a724-7c65-4f07-8047-2a38e8100ad5,b0b8a724-7c65-4f07-8047-2a38e8100ad5,PCA,PCA-2,24PCAEP07,program_code unmatched
b0b8a724-7c65-4f07-8047-2a38e8100ad5,b0b8a724-7c65-4f07-8047-2a38e8100ad5,PCA,PCA-3,24PCAE11,program_code unmatched
b0b8a724-7c65-4f07-8047-2a38e8100ad5,b0b8a724-7c65-4f07-8047-2a38e8100ad5,PCA,PCA-4,24PEXA01,program_code unmatched
b0b8a724-7c65-4f07-8047-2a38e8100ad5,b0b8a724-7c65-4f07-8047-2a38e8100ad5,PCH,PCH-1,24PCHE03,program_code unmatched
b0b8a724-7c65-4f07-8047-2a38e8100ad5,b0b8a724-7c65-4f07-8047-2a38e8100ad5,PCH,PCH-2,24PCHE07,program_code unmatched
b0b8a724-7c65-4f07-8047-2a38e8100ad5,b0b8a724-7c65-4f07-8047-2a38e8100ad5,PCH,PCH-3,24PCHS01,program_code unmatched
b0b8a724-7c65-4f07-8047-2a38e8100ad5,b0b8a724-7c65-4f07-8047-2a38e8100ad5,PCH,PCH-4,24PEXA01,program_code unmatched
b0b8a724-7c65-4f07-8047-2a38e8100ad5,b0b8a724-7c65-4f07-8047-2a38e8100ad5,PHI,PHI-1,24PHIE03,program_code unmatched
b0b8a724-7c65-4f07-8047-2a38e8100ad5,b0b8a724-7c65-4f07-8047-2a38e8100ad5,PHI,PHI-2,24PHR001,program_code unmatched
b0b8a724-7c65-4f07-8047-2a38e8100ad5,b0b8a724-7c65-4f07-8047-2a38e8100ad5,PHI,PHI-3,24PCMED2,program_code unmatched
b0b8a724-7c65-4f07-8047-2a38e8100ad5,b0b8a724-7c65-4f07-8047-2a38e8100ad5,PHI,PHI-4,24PHIPC1,program_code unmatched
b0b8a724-7c65-4f07-8047-2a38e8100ad5,b0b8a724-7c65-4f07-8047-2a38e8100ad5,PZO,PZO-1,24PZOE03,program_code unmatched
b0b8a724-7c65-4f07-8047-2a38e8100ad5,b0b8a724-7c65-4f07-8047-2a38e8100ad5,PZO,PZO-2,24PZOE07,program_code unmatched
b0b8a724-7c65-4f07-8047-2a38e8100ad5,b0b8a724-7c65-4f07-8047-2a38e8100ad5,PZO,PZO-4,24PZOSEC1,program_code unmatched
b0b8a724-7c65-4f07-8047-2a38e8100ad5,b0b8a724-7c65-4f07-8047-2a38e8100ad5,UCA,UCA-6,24UCAE010,course not mirrored
b0b8a724-7c65-4f07-8047-2a38e8100ad5,b0b8a724-7c65-4f07-8047-2a38e8100ad5,UCA,UCA-6,24UCASE01,course not mirrored
b0b8a724-7c65-4f07-8047-2a38e8100ad5,b0b8a724-7c65-4f07-8047-2a38e8100ad5,UCA,UCA-6,24UCASE02,course not mirrored
b0b8a724-7c65-4f07-8047-2a38e8100ad5,b0b8a724-7c65-4f07-8047-2a38e8100ad5,UCH,UCH-1,24UCMNM1,program_code unmatched
b0b8a724-7c65-4f07-8047-2a38e8100ad5,b0b8a724-7c65-4f07-8047-2a38e8100ad5,UCH,UCH-1,24UMAGEP01A,program_code unmatched
b0b8a724-7c65-4f07-8047-2a38e8100ad5,b0b8a724-7c65-4f07-8047-2a38e8100ad5,UCH,UCH-2,24UMAGEP01,program_code unmatched
b0b8a724-7c65-4f07-8047-2a38e8100ad5,b0b8a724-7c65-4f07-8047-2a38e8100ad5,UCH,UCH-3,24UPHGEP01,program_code unmatched
b0b8a724-7c65-4f07-8047-2a38e8100ad5,b0b8a724-7c65-4f07-8047-2a38e8100ad5,UCH,UCH-4,24UPHGEP02,program_code unmatched
b0b8a724-7c65-4f07-8047-2a38e8100ad5,b0b8a724-7c65-4f07-8047-2a38e8100ad5,UCM,UCM-1,24UCHNM1,program_code unmatched
b0b8a724-7c65-4f07-8047-2a38e8100ad5,b0b8a724-7c65-4f07-8047-2a38e8100ad5,UCM,UCM-1,24UHINM1,program_code unmatched
b0b8a724-7c65-4f07-8047-2a38e8100ad5,b0b8a724-7c65-4f07-8047-2a38e8100ad5,UCM,UCM-1,24UMANM1,program_code unmatched
b0b8a724-7c65-4f07-8047-2a38e8100ad5,b0b8a724-7c65-4f07-8047-2a38e8100ad5,UCM,UCM-2,24UCHNM2,program_code unmatched
b0b8a724-7c65-4f07-8047-2a38e8100ad5,b0b8a724-7c65-4f07-8047-2a38e8100ad5,UCM,UCM-2,24UHINM2,program_code unmatched
b0b8a724-7c65-4f07-8047-2a38e8100ad5,b0b8a724-7c65-4f07-8047-2a38e8100ad5,UCM,UCM-2,24UMANM2,program_code unmatched
b0b8a724-7c65-4f07-8047-2a38e8100ad5,b0b8a724-7c65-4f07-8047-2a38e8100ad5,UCM,UCM-3,24UCMSP01,program_code unmatched
b0b8a724-7c65-4f07-8047-2a38e8100ad5,b0b8a724-7c65-4f07-8047-2a38e8100ad5,UCM,UCM-4,24UCMS05,program_code unmatched
b0b8a724-7c65-4f07-8047-2a38e8100ad5,b0b8a724-7c65-4f07-8047-2a38e8100ad5,UCM,UCM-6,24UCMPC1,program_code unmatched
b0b8a724-7c65-4f07-8047-2a38e8100ad5,b0b8a724-7c65-4f07-8047-2a38e8100ad5,UHI,UHI-1,24UCMNM1,program_code unmatched
b0b8a724-7c65-4f07-8047-2a38e8100ad5,b0b8a724-7c65-4f07-8047-2a38e8100ad5,UHI,UHI-1,24UENNM1,program_code unmatched
b0b8a724-7c65-4f07-8047-2a38e8100ad5,b0b8a724-7c65-4f07-8047-2a38e8100ad5,UHI,UHI-1,24UMANM1,program_code unmatched
b0b8a724-7c65-4f07-8047-2a38e8100ad5,b0b8a724-7c65-4f07-8047-2a38e8100ad5,UHI,UHI-1,24UZONM2,program_code unmatched
b0b8a724-7c65-4f07-8047-2a38e8100ad5,b0b8a724-7c65-4f07-8047-2a38e8100ad5,UHI,UHI-2,24UCMNM2,program_code unmatched
b0b8a724-7c65-4f07-8047-2a38e8100ad5,b0b8a724-7c65-4f07-8047-2a38e8100ad5,UHI,UHI-3,24UHIS03,program_code unmatched
b0b8a724-7c65-4f07-8047-2a38e8100ad5,b0b8a724-7c65-4f07-8047-2a38e8100ad5,UHI,UHI-4,24UHIS06,program_code unmatched
b0b8a724-7c65-4f07-8047-2a38e8100ad5,b0b8a724-7c65-4f07-8047-2a38e8100ad5,UZO,UZO-1,24UBOGE01,program_code unmatched
b0b8a724-7c65-4f07-8047-2a38e8100ad5,b0b8a724-7c65-4f07-8047-2a38e8100ad5,UZO,UZO-2,24UBOGE02,program_code unmatched
b0b8a724-7c65-4f07-8047-2a38e8100ad5,b0b8a724-7c65-4f07-8047-2a38e8100ad5,UZO,UZO-4,24UCHGEP02,program_code unmatched
b0b8a724-7c65-4f07-8047-2a38e8100ad5,b0b8a724-7c65-4f07-8047-2a38e8100ad5,PCA,PCA-1,24PCAEP04,program_code unmatched
b0b8a724-7c65-4f07-8047-2a38e8100ad5,b0b8a724-7c65-4f07-8047-2a38e8100ad5,PCA,PCA-2,24PCMED1,program_code unmatched
b0b8a724-7c65-4f07-8047-2a38e8100ad5,b0b8a724-7c65-4f07-8047-2a38e8100ad5,PCA,PCA-3,24PCMED2,program_code unmatched
b0b8a724-7c65-4f07-8047-2a38e8100ad5,b0b8a724-7c65-4f07-8047-2a38e8100ad5,PCH,PCH-1,24PCHE04,program_code unmatched
b0b8a724-7c65-4f07-8047-2a38e8100ad5,b0b8a724-7c65-4f07-8047-2a38e8100ad5,PCH,PCH-2,24PCHE08,program_code unmatched
b0b8a724-7c65-4f07-8047-2a38e8100ad5,b0b8a724-7c65-4f07-8047-2a38e8100ad5,PCH,PCH-3,24PCAED4,program_code unmatched
b0b8a724-7c65-4f07-8047-2a38e8100ad5,b0b8a724-7c65-4f07-8047-2a38e8100ad5,PCH,PCH-3,24PZOED4,program_code unmatched
b0b8a724-7c65-4f07-8047-2a38e8100ad5,b0b8a724-7c65-4f07-8047-2a38e8100ad5,PHI,PHI-2,24PCMED1,program_code unmatched
b0b8a724-7c65-4f07-8047-2a38e8100ad5,b0b8a724-7c65-4f07-8047-2a38e8100ad5,PHI,PHI-3,24PHIIN01,program_code unmatched
b0b8a724-7c65-4f07-8047-2a38e8100ad5,b0b8a724-7c65-4f07-8047-2a38e8100ad5,PHI,PHI-4,24PEXA01,program_code unmatched
b0b8a724-7c65-4f07-8047-2a38e8100ad5,b0b8a724-7c65-4f07-8047-2a38e8100ad5,PZO,PZO-3,24PCHED2,program_code unmatched
b0b8a724-7c65-4f07-8047-2a38e8100ad5,b0b8a724-7c65-4f07-8047-2a38e8100ad5,PZO,PZO-4,24PEXA01,program_code unmatched
b0b8a724-7c65-4f07-8047-2a38e8100ad5,b0b8a724-7c65-4f07-8047-2a38e8100ad5,UCH,UCH-1,24UZOGE1,program_code unmatched
b0b8a724-7c65-4f07-8047-2a38e8100ad5,b0b8a724-7c65-4f07-8047-2a38e8100ad5,UCH,UCH-2,24UZOGE2,program_code unmatched
b0b8a724-7c65-4f07-8047-2a38e8100ad5,b0b8a724-7c65-4f07-8047-2a38e8100ad5,UCH,UCH-3,24UCHS03,program_code unmatched
b0b8a724-7c65-4f07-8047-2a38e8100ad5,b0b8a724-7c65-4f07-8047-2a38e8100ad5,UCH,UCH-4,24UCHS05,program_code unmatched
b0b8a724-7c65-4f07-8047-2a38e8100ad5,b0b8a724-7c65-4f07-8047-2a38e8100ad5,UCM,UCM-1,24UCMS01,program_code unmatched
b0b8a724-7c65-4f07-8047-2a38e8100ad5,b0b8a724-7c65-4f07-8047-2a38e8100ad5,UCM,UCM-2,24UCMS02,program_code unmatched
b0b8a724-7c65-4f07-8047-2a38e8100ad5,b0b8a724-7c65-4f07-8047-2a38e8100ad5,UCM,UCM-3,24UCMS04,program_code unmatched
b0b8a724-7c65-4f07-8047-2a38e8100ad5,b0b8a724-7c65-4f07-8047-2a38e8100ad5,UCM,UCM-4,24UCMSP02,program_code unmatched
b0b8a724-7c65-4f07-8047-2a38e8100ad5,b0b8a724-7c65-4f07-8047-2a38e8100ad5,UHI,UHI-1,24UHIS01,program_code unmatched
b0b8a724-7c65-4f07-8047-2a38e8100ad5,b0b8a724-7c65-4f07-8047-2a38e8100ad5,UHI,UHI-2,24UHIS02,program_code unmatched
b0b8a724-7c65-4f07-8047-2a38e8100ad5,b0b8a724-7c65-4f07-8047-2a38e8100ad5,UHI,UHI-3,24UHIS04,program_code unmatched
b0b8a724-7c65-4f07-8047-2a38e8100ad5,b0b8a724-7c65-4f07-8047-2a38e8100ad5,UHI,UHI-4,24UHIS07,program_code unmatched
b0b8a724-7c65-4f07-8047-2a38e8100ad5,b0b8a724-7c65-4f07-8047-2a38e8100ad5,UZO,UZO-1,24UBOGEP01A,program_code unmatched
b0b8a724-7c65-4f07-8047-2a38e8100ad5,b0b8a724-7c65-4f07-8047-2a38e8100ad5,UZO,UZO-2,24UBOGEP01,program_code unmatched
b0b8a724-7c65-4f07-8047-2a38e8100ad5,b0b8a724-7c65-4f07-8047-2a38e8100ad5,UZO,UZO-3,24UCHGEP01,program_code unmatched
b0b8a724-7c65-4f07-8047-2a38e8100ad5,b0b8a724-7c65-4f07-8047-2a38e8100ad5,UZO,UZO-4,24UZOS05,program_code unmatched
b0b8a724-7c65-4f07-8047-2a38e8100ad5,b0b8a724-7c65-4f07-8047-2a38e8100ad5,PCA,PCA-2,24PHR001,program_code unmatched
b0b8a724-7c65-4f07-8047-2a38e8100ad5,b0b8a724-7c65-4f07-8047-2a38e8100ad5,PCA,PCA-3,24PCAIN01,program_code unmatched
b0b8a724-7c65-4f07-8047-2a38e8100ad5,b0b8a724-7c65-4f07-8047-2a38e8100ad5,PCH,PCH-2,24PCAED1,program_code unmatched
b0b8a724-7c65-4f07-8047-2a38e8100ad5,b0b8a724-7c65-4f07-8047-2a38e8100ad5,PCH,PCH-2,24PCAED5,program_code unmatched
b0b8a724-7c65-4f07-8047-2a38e8100ad5,b0b8a724-7c65-4f07-8047-2a38e8100ad5,PCH,PCH-2,24PCMED1,program_code unmatched
b0b8a724-7c65-4f07-8047-2a38e8100ad5,b0b8a724-7c65-4f07-8047-2a38e8100ad5,PCH,PCH-2,24PHIED1,program_code unmatched
b0b8a724-7c65-4f07-8047-2a38e8100ad5,b0b8a724-7c65-4f07-8047-2a38e8100ad5,PCH,PCH-2,24PZOED2,program_code unmatched
b0b8a724-7c65-4f07-8047-2a38e8100ad5,b0b8a724-7c65-4f07-8047-2a38e8100ad5,PCH,PCH-3,24PCHIN01,program_code unmatched
b0b8a724-7c65-4f07-8047-2a38e8100ad5,b0b8a724-7c65-4f07-8047-2a38e8100ad5,PHI,PHI-2,24PCAED5,program_code unmatched
b0b8a724-7c65-4f07-8047-2a38e8100ad5,b0b8a724-7c65-4f07-8047-2a38e8100ad5,PZO,PZO-2,24PZOED1,program_code unmatched
b0b8a724-7c65-4f07-8047-2a38e8100ad5,b0b8a724-7c65-4f07-8047-2a38e8100ad5,PZO,PZO-3,24PZOIN01,program_code unmatched
b0b8a724-7c65-4f07-8047-2a38e8100ad5,b0b8a724-7c65-4f07-8047-2a38e8100ad5,UBA,UBA-3,24UEVS01E,course not mirrored
b0b8a724-7c65-4f07-8047-2a38e8100ad5,b0b8a724-7c65-4f07-8047-2a38e8100ad5,UCH,UCH-1,24UZOGEP01A,program_code unmatched
b0b8a724-7c65-4f07-8047-2a38e8100ad5,b0b8a724-7c65-4f07-8047-2a38e8100ad5,UCH,UCH-2,24UZOGEP01,program_code unmatched
b0b8a724-7c65-4f07-8047-2a38e8100ad5,b0b8a724-7c65-4f07-8047-2a38e8100ad5,UCH,UCH-3,24UCHS04,program_code unmatched
b0b8a724-7c65-4f07-8047-2a38e8100ad5,b0b8a724-7c65-4f07-8047-2a38e8100ad5,UCH,UCH-4,24UCHS06,program_code unmatched
b0b8a724-7c65-4f07-8047-2a38e8100ad5,b0b8a724-7c65-4f07-8047-2a38e8100ad5,UCM,UCM-2,25UCMS02,program_code unmatched
b0b8a724-7c65-4f07-8047-2a38e8100ad5,b0b8a724-7c65-4f07-8047-2a38e8100ad5,UCM,UCM-3,24UHAWP01,program_code unmatched
b0b8a724-7c65-4f07-8047-2a38e8100ad5,b0b8a724-7c65-4f07-8047-2a38e8100ad5,UCM,UCM-4,24UEVS01,program_code unmatched
b0b8a724-7c65-4f07-8047-2a38e8100ad5,b0b8a724-7c65-4f07-8047-2a38e8100ad5,UHI,UHI-3,24UHAWP01,program_code unmatched
b0b8a724-7c65-4f07-8047-2a38e8100ad5,b0b8a724-7c65-4f07-8047-2a38e8100ad5,UHI,UHI-4,24UEVS01,program_code unmatched
b0b8a724-7c65-4f07-8047-2a38e8100ad5,b0b8a724-7c65-4f07-8047-2a38e8100ad5,UZO,UZO-1,24UCHNM1,program_code unmatched
b0b8a724-7c65-4f07-8047-2a38e8100ad5,b0b8a724-7c65-4f07-8047-2a38e8100ad5,UZO,UZO-1,24UHINM1,program_code unmatched
b0b8a724-7c65-4f07-8047-2a38e8100ad5,b0b8a724-7c65-4f07-8047-2a38e8100ad5,UZO,UZO-2,24UHINM2,program_code unmatched
b0b8a724-7c65-4f07-8047-2a38e8100ad5,b0b8a724-7c65-4f07-8047-2a38e8100ad5,UZO,UZO-3,24UZOS02,program_code unmatched
b0b8a724-7c65-4f07-8047-2a38e8100ad5,b0b8a724-7c65-4f07-8047-2a38e8100ad5,UZO,UZO-4,24UZOS06,program_code unmatched
b0b8a724-7c65-4f07-8047-2a38e8100ad5,b0b8a724-7c65-4f07-8047-2a38e8100ad5,PCH,PCH-2,24PHR001,program_code unmatched
b0b8a724-7c65-4f07-8047-2a38e8100ad5,b0b8a724-7c65-4f07-8047-2a38e8100ad5,UCH,UCH-1,24UZONM2,program_code unmatched
b0b8a724-7c65-4f07-8047-2a38e8100ad5,b0b8a724-7c65-4f07-8047-2a38e8100ad5,UCH,UCH-2,24UENNM2,program_code unmatched
b0b8a724-7c65-4f07-8047-2a38e8100ad5,b0b8a724-7c65-4f07-8047-2a38e8100ad5,UCH,UCH-2,24UHINM2,program_code unmatched
b0b8a724-7c65-4f07-8047-2a38e8100ad5,b0b8a724-7c65-4f07-8047-2a38e8100ad5,UCH,UCH-2,24UZONM4,program_code unmatched
b0b8a724-7c65-4f07-8047-2a38e8100ad5,b0b8a724-7c65-4f07-8047-2a38e8100ad5,UCH,UCH-3,24UHAWP01,program_code unmatched
b0b8a724-7c65-4f07-8047-2a38e8100ad5,b0b8a724-7c65-4f07-8047-2a38e8100ad5,UCH,UCH-4,24UEVS01,program_code unmatched
b0b8a724-7c65-4f07-8047-2a38e8100ad5,b0b8a724-7c65-4f07-8047-2a38e8100ad5,UCM,UCM-2,25UDIM01,program_code unmatched
b0b8a724-7c65-4f07-8047-2a38e8100ad5,b0b8a724-7c65-4f07-8047-2a38e8100ad5,UCM,UCM-3,24UEVS01A,program_code unmatched
b0b8a724-7c65-4f07-8047-2a38e8100ad5,b0b8a724-7c65-4f07-8047-2a38e8100ad5,UHI,UHI-2,25UDIM01,program_code unmatched
b0b8a724-7c65-4f07-8047-2a38e8100ad5,b0b8a724-7c65-4f07-8047-2a38e8100ad5,UHI,UHI-2,25UHIS02,program_code unmatched
b0b8a724-7c65-4f07-8047-2a38e8100ad5,b0b8a724-7c65-4f07-8047-2a38e8100ad5,UHI,UHI-4,24UHIIN01,program_code unmatched
b0b8a724-7c65-4f07-8047-2a38e8100ad5,b0b8a724-7c65-4f07-8047-2a38e8100ad5,UZO,UZO-1,24UZOFC1,program_code unmatched
b0b8a724-7c65-4f07-8047-2a38e8100ad5,b0b8a724-7c65-4f07-8047-2a38e8100ad5,UZO,UZO-2,24UCHNM2,program_code unmatched
b0b8a724-7c65-4f07-8047-2a38e8100ad5,b0b8a724-7c65-4f07-8047-2a38e8100ad5,UZO,UZO-3,24UZOS03,program_code unmatched
b0b8a724-7c65-4f07-8047-2a38e8100ad5,b0b8a724-7c65-4f07-8047-2a38e8100ad5,UZO,UZO-4,24UEVS01,program_code unmatched
b0b8a724-7c65-4f07-8047-2a38e8100ad5,b0b8a724-7c65-4f07-8047-2a38e8100ad5,PZO,PZO-2,24PCHED1,program_code unmatched
b0b8a724-7c65-4f07-8047-2a38e8100ad5,b0b8a724-7c65-4f07-8047-2a38e8100ad5,PZO,PZO-2,24PHR001,program_code unmatched
b0b8a724-7c65-4f07-8047-2a38e8100ad5,b0b8a724-7c65-4f07-8047-2a38e8100ad5,UCH,UCH-1,24UCHS01,program_code unmatched
b0b8a724-7c65-4f07-8047-2a38e8100ad5,b0b8a724-7c65-4f07-8047-2a38e8100ad5,UCH,UCH-2,24UCHS02,program_code unmatched
b0b8a724-7c65-4f07-8047-2a38e8100ad5,b0b8a724-7c65-4f07-8047-2a38e8100ad5,UCH,UCH-3,24UEVS01A,program_code unmatched