institution_id,myjkkn_institution_id,course_code,course_name,coe_course_id,action
a33138b6-4eea-4675-941f-1071bf88b127,a33138b6-4eea-4675-941f-1071bf88b127,24PCAC01,CORE-I-DISCRETE MATHEMATICS,7723eb40-f1a7-4f0c-8b9f-76450f4d0ba5,create
a33138b6-4eea-4675-941f-1071bf88b127,a33138b6-4eea-4675-941f-1071bf88b127,24PCAC02,CORE-II-LINUX & SHELL PROGRAMMING,fb6a4092-0aa8-40c5-b7fb-69a406e799eb,create
a33138b6-4eea-4675-941f-1071bf88b127,a33138b6-4eea-4675-941f-1071bf88b127,24PCAC03,CORE-III-PYTHON PROGRAMMING,12c439a4-cced-499d-90d1-3a71e430e32b,create
a33138b6-4eea-4675-941f-1071bf88b127,a33138b6-4eea-4675-941f-1071bf88b127,24PCAC04,CORE-VI-DATA STRUCTURES AND ALGORITHMS,186506d6-3699-49a5-8db8-e39e5c430e1a,create
a33138b6-4eea-4675-941f-1071bf88b127,a33138b6-4eea-4675-941f-1071bf88b127,24PCAC05,CORE-VII-DATA MINING AND WAREHOUSING,9ed310c2-a87d-4c56-942c-94b7c66465dd,create
a33138b6-4eea-4675-941f-1071bf88b127,a33138b6-4eea-4675-941f-1071bf88b127,24PCAC06,CORE-X-ADVANCED JAVA PROGRAMMING,0180255a-c45e-49eb-9994-a9f1d77bafd9,create
a33138b6-4eea-4675-941f-1071bf88b127,a33138b6-4eea-4675-941f-1071bf88b127,24PCAC07,CORE-XI-WEB TECHNOLOGY,bd94f92a-2c0d-400c-878a-8183b379a20c,create
a33138b6-4eea-4675-941f-1071bf88b127,a33138b6-4eea-4675-941f-1071bf88b127,24PCAC08,CORE-XII-ADVANCED MACHINE LEARNING,afa221fe-28e0-4ced-90cf-d3d7aef23036,create
a33138b6-4eea-4675-941f-1071bf88b127,a33138b6-4eea-4675-941f-1071bf88b127,24PCAC09,CORE-XV-DOT NET PROGRAMMING,97e3b41b-a5e5-48a2-a103-4e2ccbe484bb,create
a33138b6-4eea-4675-941f-1071bf88b127,a33138b6-4eea-4675-941f-1071bf88b127,24PCAC10,CORE-XVI-BIG DATA ANALYTICS,0c9e4535-6bdb-459d-8887-9deddcd826ec,create
a33138b6-4eea-4675-941f-1071bf88b127,a33138b6-4eea-4675-941f-1071bf88b127,24PCACP01,CORE-IV-LAB-I-LINUX & SHELL PROGRAMMING LAB,856292d9-f060-484f-9e1d-7fd6c17601cb,create
a33138b6-4eea-4675-941f-1071bf88b127,a33138b6-4eea-4675-941f-1071bf88b127,24PCACP02,CORE-V-LAB-II-PYTHON PROGRAMMING LAB,f33fcfa1-ba34-4a23-a092-83234ec0cc31,create
a33138b6-4eea-4675-941f-1071bf88b127,a33138b6-4eea-4675-941f-1071bf88b127,24PCACP03,CORE-VIII-LAB III-DATA STRUCTURES AND ALGORITHMS LAB,eb90a91d-e5d3-4d9d-840f-6d6e63d12721,create
a33138b6-4eea-4675-941f-1071bf88b127,a33138b6-4eea-4675-941f-1071bf88b127,24PCACP04,CORE-IX-INDUSTRY DYNAMICS TECHNOLOGY-DATA VISUALISATION LAB (SELF-STUDY COURSE),4765a0df-c6fb-4c13-907e-471ebaf08077,create
a33138b6-4eea-4675-941f-1071bf88b127,a33138b6-4eea-4675-941f-1071bf88b127,24PCACP05,CORE-XIII-LAB-IV ADVANCED JAVA PROGRAMMING LAB,5a4f9d83-cab5-4a4c-a319-ddfc86ab896d,create
a33138b6-4eea-4675-941f-1071bf88b127,a33138b6-4eea-4675-941f-1071bf88b127,24PCACP06,CORE-XIV-LAB-V WEB TECHNOLOGY LAB,8a51917f-3921-4f58-9648-22d29adcf5cb,create
a33138b6-4eea-4675-941f-1071bf88b127,a33138b6-4eea-4675-941f-1071bf88b127,24PCAE01,ELECTIVE-I-DATA ENGINEERING AND MANAGEMENT,ac1bf8d7-520c-4cce-a0f7-b9f92725d344,create
a33138b6-4eea-4675-941f-1071bf88b127,a33138b6-4eea-4675-941f-1071bf88b127,24PCAE02,ELECTIVE-I-ARCHITECTURE AND FRAME WORKS,fe71c01e-dc87-4c7c-9d66-4518e5145dcf,create
a33138b6-4eea-4675-941f-1071bf88b127,a33138b6-4eea-4675-941f-1071bf88b127,24PCAE03,ELECTIVE-I-SOFTWARE DEVELOPMENT TECHNOLOGIES,55803026-0533-43d0-8a2e-d870cbff78bc,create
a33138b6-4eea-4675-941f-1071bf88b127,a33138b6-4eea-4675-941f-1071bf88b127,24PCAE04,ELECTIVE-I-SOFT COMPUTING,be8bedc2-e451-4766-99bb-c94ff4e588de,create
a33138b6-4eea-4675-941f-1071bf88b127,a33138b6-4eea-4675-941f-1071bf88b127,24PCAE05,ELECTIVE-III-INTERNET OF THINGS,4ec57624-8d35-4bd3-a499-845a6fb70068,create
a33138b6-4eea-4675-941f-1071bf88b127,a33138b6-4eea-4675-941f-1071bf88b127,24PCAE06,ELECTIVE-III-COMPUTER VISION,4b695b6b-97a4-4471-bae6-7dd8168b9446,create
a33138b6-4eea-4675-941f-1071bf88b127,a33138b6-4eea-4675-941f-1071bf88b127,24PCAE07,ELECTIVE-III-CYBER SECURITY,95cbad27-2199-483f-83a1-287f64b5dc5a,create
a33138b6-4eea-4675-941f-1071bf88b127,a33138b6-4eea-4675-941f-1071bf88b127,24PCAE08,ELECTIVE-III-BLOCK CHAIN TECHNOLOGIES,cad5e346-18a6-4960-ba30-dd02cd7bae7d,create
a33138b6-4eea-4675-941f-1071bf88b127,a33138b6-4eea-4675-941f-1071bf88b127,24PCAE09,ELECTIVE-V-SOCIAL NETWORKS,e11d7ead-3d00-4900-ad02-e1a475e55886,create
a33138b6-4eea-4675-941f-1071bf88b127,a33138b6-4eea-4675-941f-1071bf88b127,24PCAE10,ELECTIVE-V-HIGH PERFORMANCE COMPUTING,4fd68e49-0744-4a03-8847-116d35aa7067,create
a33138b6-4eea-4675-941f-1071bf88b127,a33138b6-4eea-4675-941f-1071bf88b127,24PCAE11,ELECTIVE-V-DIGITAL MARKETING,cfa5a9ac-81ab-4e0e-9f7b-f938b5e2d414,create
a33138b6-4eea-4675-941f-1071bf88b127,a33138b6-4eea-4675-941f-1071bf88b127,24PCAE12,ELECTIVE-V-AGILE METHODOLOGIES,77afed20-8cf4-4fe0-9cce-290adc7cd5be,create
a33138b6-4eea-4675-941f-1071bf88b127,a33138b6-4eea-4675-941f-1071bf88b127,24PCAED1,EDC-I-PRINCIPLES OF INFORMATION TECHNOLOGY,acc84119-1adf-4f45-9cbc-1a36721ef666,create
a33138b6-4eea-4675-941f-1071bf88b127,a33138b6-4eea-4675-941f-1071bf88b127,24PCAED4,EDC-II-WEB DESIGNING,dcce50e2-65cb-4eac-81ec-fa2b2b794ccd,create
a33138b6-4eea-4675-941f-1071bf88b127,a33138b6-4eea-4675-941f-1071bf88b127,24PCAED5,"EDC-I, MULTIMEDIA AND ITS APPLICATIONS",8bc8210b-e01c-4b6f-8159-bdd909bce946,create
a33138b6-4eea-4675-941f-1071bf88b127,a33138b6-4eea-4675-941f-1071bf88b127,24PCAEP01,ELECTIVE-II-DATA ENGINEERING AND MANAGEMENT LAB,94a44c33-f2f4-4338-aea1-eb48f3794b62,create
a33138b6-4eea-4675-941f-1071bf88b127,a33138b6-4eea-4675-941f-1071bf88b127,24PCAEP02,ELECTIVE-II-ARCHITECTURE AND FRAME WORKS LAB,ea07acfa-cc73-47c2-8123-2530b5abec1d,create
a33138b6-4eea-4675-941f-1071bf88b127,a33138b6-4eea-4675-941f-1071bf88b127,24PCAEP03,ELECTIVE-II-SOFTWARE DEVELOPMENT TECHNOLOGIES LAB,a9900630-5bdf-4837-b800-c8f0811d7a40,create
a33138b6-4eea-4675-941f-1071bf88b127,a33138b6-4eea-4675-941f-1071bf88b127,24PCAEP04,ELECTIVE-II-SOFT COMPUTING LAB,9af2b521-6489-43af-9111-3d61161d3874,create
a33138b6-4eea-4675-941f-1071bf88b127,a33138b6-4eea-4675-941f-1071bf88b127,24PCAEP05,ELECTIVE-IV-INTERNET OF THINGS LAB,e0b3b28e-bf48-4e41-ab17-7bf14108d856,create
a33138b6-4eea-4675-941f-1071bf88b127,a33138b6-4eea-4675-941f-1071bf88b127,24PCAEP06,ELECTIVE-IV-COMPUTER VISION LAB,ae42c819-4da2-43d5-a732-10decdd8725b,create
a33138b6-4eea-4675-941f-1071bf88b127,a33138b6-4eea-4675-941f-1071bf88b127,24PCAEP07,ELECTIVE-IV-CYBER SECURITY LAB,dc3d71d3-2220-4781-a3d6-13f3ddececaf,create
a33138b6-4eea-4675-941f-1071bf88b127,a33138b6-4eea-4675-941f-1071bf88b127,24PCAEP08,ELECTIVE-IV-BLOCK CHAIN TECHNOLOGIES LAB,a4448254-939f-4d3f-aa3e-004db7ec3594,create
a33138b6-4eea-4675-941f-1071bf88b127,a33138b6-4eea-4675-941f-1071bf88b127,24PCAEP09,ELECTIVE-VI-SOCIAL NETWORKS LAB,dea961a3-a09c-4d00-9f58-7b53037b1739,create
a33138b6-4eea-4675-941f-1071bf88b127,a33138b6-4eea-4675-941f-1071bf88b127,24PCAEP10,ELECTIVE-VI-HIGH PERFORMANCE COMPUTING LAB,b4e9596b-c974-41da-b46e-21a10e90f804,create
a33138b6-4eea-4675-941f-1071bf88b127,a33138b6-4eea-4675-941f-1071bf88b127,24PCAEP11,ELECTIVE-VI-ADVANCED MACHINE LEARNING LAB,f0bfce2a-5a07-4845-973a-4546b46e7110,create
a33138b6-4eea-4675-941f-1071bf88b127,a33138b6-4eea-4675-941f-1071bf88b127,24PCAEP12,ELECTIVE-VI-DOT NET PROGRAMMING LAB,5c1eada3-df87-4523-b566-1f88e222c547,create
a33138b6-4eea-4675-941f-1071bf88b127,a33138b6-4eea-4675-941f-1071bf88b127,24PCAIN01,INTERNSHIP/INDUSTRIAL ACTIVITY,9848ceeb-d4aa-4150-b575-e0b94d29e083,create
a33138b6-4eea-4675-941f-1071bf88b127,a33138b6-4eea-4675-941f-1071bf88b127,24PCAPR1,PROJECT WORK AND VIVA-VOCE,524a2b36-d83e-49cc-b8f1-7b54e252cd68,create
a33138b6-4eea-4675-941f-1071bf88b127,a33138b6-4eea-4675-941f-1071bf88b127,24PCASP01,SKILL ENHANCEMENT COURSE-LAB: GENERATIVE AI TOOLS,386a4453-a283-4791-9eb5-e7c4e79ec7e8,create
a33138b6-4eea-4675-941f-1071bf88b127,a33138b6-4eea-4675-941f-1071bf88b127,24PCHC01,CORE-I-ORGANIC REACTION MECHANISM-I,c67f9a69-2308-4510-ba48-4bf67c0a57e0,create
a33138b6-4eea-4675-941f-1071bf88b127,a33138b6-4eea-4675-941f-1071bf88b127,24PCHC02,CORE-II-STRUCTURE AND BONDING IN INORGANIC COMPOUNDS,2ffbcab3-b7ad-44e9-9017-1e584e61bc69,create
a33138b6-4eea-4675-941f-1071bf88b127,a33138b6-4eea-4675-941f-1071bf88b127,24PCHC03,CORE-III-ORGANIC REACTION MECHANISM-II,d1288982-ba09-4e65-b201-92c371dcdb41,create
a33138b6-4eea-4675-941f-1071bf88b127,a33138b6-4eea-4675-941f-1071bf88b127,24PCHC04,CORE-IV-PHYSICAL CHEMISTRY-I,b634dec5-8b0c-429f-9169-ab17e099f497,create
a33138b6-4eea-4675-941f-1071bf88b127,a33138b6-4eea-4675-941f-1071bf88b127,24PCHC05,CORE-V-ORGANIC SYNTHESIS AND PHOTOCHEMISTRY,35970f23-98a8-4bec-900c-96773e83ccfe,create
a33138b6-4eea-4675-941f-1071bf88b127,a33138b6-4eea-4675-941f-1071bf88b127,24PCHC06,CORE-VI-COORDINATION CHEMISTRY-I,0554c908-82a3-4f07-bd8c-baf4a37215da,create
a33138b6-4eea-4675-941f-1071bf88b127,a33138b6-4eea-4675-941f-1071bf88b127,24PCHC07,CORE-VII-COORDINATION CHEMISTRY-II,f5d74edd-0dce-4153-aee2-b01b8e3247a8,create
a33138b6-4eea-4675-941f-1071bf88b127,a33138b6-4eea-4675-941f-1071bf88b127,24PCHC08,CORE-VIII-PHYSICAL CHEMISTRY-II,04c4da64-0843-46e2-93ef-d5f651b8dca5,create
a33138b6-4eea-4675-941f-1071bf88b127,a33138b6-4eea-4675-941f-1071bf88b127,24PCHCP01,CORE PRACTICAL-I-ORGANIC CHEMISTRY PRACTICAL,1cce4052-44cf-440f-87e5-2edee2916017,create
a33138b6-4eea-4675-941f-1071bf88b127,a33138b6-4eea-4675-941f-1071bf88b127,24PCHCP02,CORE PRACTICAL-II-INORGANIC CHEMISTRY PRACTICAL,15e3a57e-5f90-4c83-a9df-c2293c8bd5be,create
a33138b6-4eea-4675-941f-1071bf88b127,a33138b6-4eea-4675-941f-1071bf88b127,24PCHCP03,CORE PRACTICAL-III-PHYSICAL CHEMISTRY PRACTICAL,1e112e64-0f91-4904-90a0-227f62175bda,create
a33138b6-4eea-4675-941f-1071bf88b127,a33138b6-4eea-4675-941f-1071bf88b127,24PCHCP04,CORE PRACTICAL-IV-ANALYTICAL INSTRUMENTATION TECHNIQUE PRACTICAL(INDUSTRY ENTERPRENEURSHIP),7b98416a-0a54-4cef-9d72-989961851f23,create
a33138b6-4eea-4675-941f-1071bf88b127,a33138b6-4eea-4675-941f-1071bf88b127,24PCHDE03,ELECTIVE-II-ELECTROCHEMISTRY,1a05a739-c53a-4c3a-8a65-330c02985f9d,create
a33138b6-4eea-4675-941f-1071bf88b127,a33138b6-4eea-4675-941f-1071bf88b127,24PCHE01,ELECTIVE-I-PHARMACEUTICAL CHEMISTRY,429af5e6-1b92-4bd4-b7da-5ff09e5392c4,create
a33138b6-4eea-4675-941f-1071bf88b127,a33138b6-4eea-4675-941f-1071bf88b127,24PCHE02,ELECTIVE-I-NANOMATERIALS AND NANOTECHNOLOGY,78cf7856-9033-4d30-81bd-aff2e980d097,create
a33138b6-4eea-4675-941f-1071bf88b127,a33138b6-4eea-4675-941f-1071bf88b127,24PCHE03,ELECTIVE-II: ELECTROCHEMISTRY,7ce1d2d6-f5a3-406f-9555-7b6275d9dca8,create
a33138b6-4eea-4675-941f-1071bf88b127,a33138b6-4eea-4675-941f-1071bf88b127,24PCHE04,ELECTIVE-II-MOLECULAR SPECTROSCOPY ,9d559485-77a7-4157-9318-a6248243e424,create
a33138b6-4eea-4675-941f-1071bf88b127,a33138b6-4eea-4675-941f-1071bf88b127,24PCHE05,ELECTIVE-III-MEDICINAL CHEMISTRY,585a9da4-c667-4275-9a8d-294aee3a6ce8,create
a33138b6-4eea-4675-941f-1071bf88b127,a33138b6-4eea-4675-941f-1071bf88b127,24PCHE06,ELECTIVE-III-GREEN CHEMISTRY,65117e8e-cdb6-43e0-bc28-16f45e52c4c5,create
a33138b6-4eea-4675-941f-1071bf88b127,a33138b6-4eea-4675-941f-1071bf88b127,24PCHE07,ELECTIVE-IV-BIO INORGANIC CHEMISTRY,f713088f-98b4-4b00-a448-b760e4807085,create
a33138b6-4eea-4675-941f-1071bf88b127,a33138b6-4eea-4675-941f-1071bf88b127,24PCHE08,ELECTIVE-IV-MATERIAL SCIENCE,69911aef-c192-432e-970f-c18d4e46e537,create
a33138b6-4eea-4675-941f-1071bf88b127,a33138b6-4eea-4675-941f-1071bf88b127,24PCHE09,ELECTIVE-V-PHARMACOGNOSY AND PHYTOCHEMISTRY,64429dd2-71c9-411d-8525-049034fe1865,create
a33138b6-4eea-4675-941f-1071bf88b127,a33138b6-4eea-4675-941f-1071bf88b127,24PCHE10,ELECTIVE-V-BIOMOLECULES AND HETEROCYCLIC COMPOUNDS5,447018b9-e85e-4bf4-a584-c310d86a15c7,create
a33138b6-4eea-4675-941f-1071bf88b127,a33138b6-4eea-4675-941f-1071bf88b127,24PCHED1,EDC-I-CHEMISTRY FOR FOOD PRESERVATION,cf70ca28-3d69-4178-87fe-89c759d935b1,create
a33138b6-4eea-4675-941f-1071bf88b127,a33138b6-4eea-4675-941f-1071bf88b127,24PCHED2,EDC-II-CHEMISTRY IN CONSUMER PRODUCTS,01085d2f-7c36-4574-bef5-adcb7599fa7a,create
a33138b6-4eea-4675-941f-1071bf88b127,a33138b6-4eea-4675-941f-1071bf88b127,24PCHIN01,INTERNSHIP/INDUSTRIAL ACTIVITY,5ee3fd43-22eb-43fa-af9f-6d6e30f9c823,create
a33138b6-4eea-4675-941f-1071bf88b127,a33138b6-4eea-4675-941f-1071bf88b127,24PCHPR1,CORE PROJECT WITH VIVA VOCE,f40a58d6-b71f-4977-bcf1-5fc960c23fa4,create
a33138b6-4eea-4675-941f-1071bf88b127,a33138b6-4eea-4675-941f-1071bf88b127,24PCHS01,SEC-I-PREPARATION OF CONSUMER PRODUCTS,523809d4-626f-41ba-a85f-95359b6ef132,create
a33138b6-4eea-4675-941f-1071bf88b127,a33138b6-4eea-4675-941f-1071bf88b127,24PCHS02,SEC-II-PROFESSIONAL COMPETENCY SKILL ENHANCEMNET COURSE,57359ec9-000f-43c8-a1fb-47c0d2f06580,create
a33138b6-4eea-4675-941f-1071bf88b127,a33138b6-4eea-4675-941f-1071bf88b127,24PCMC01,CORE-I-BUSINESS FINANCE,55449dfa-f513-45ed-888b-bf218e746d91,create
a33138b6-4eea-4675-941f-1071bf88b127,a33138b6-4eea-4675-941f-1071bf88b127,24PCMC02,CORE-II-DIGITAL MARKETING,33469fc2-abb9-42ba-bb8d-29dbaea1c08c,create
a33138b6-4eea-4675-941f-1071bf88b127,a33138b6-4eea-4675-941f-1071bf88b127,24PCMC03,CORE-III-BANKING AND INSURANCE,7b7e7a79-33d7-4248-92e6-4138614471fd,create
a33138b6-4eea-4675-941f-1071bf88b127,a33138b6-4eea-4675-941f-1071bf88b127,24PCMC04,CORE-IV-STRATEGIC COST MANAGEMENT,9776290c-a098-45fd-9247-0d364e99ad11,create
a33138b6-4eea-4675-941f-1071bf88b127,a33138b6-4eea-4675-941f-1071bf88b127,24PCMC05,CORE-V-CORPORATE ACCOUNTING,48935cfc-bdb9-4388-8146-ae9c37ad8940,create
a33138b6-4eea-4675-941f-1071bf88b127,a33138b6-4eea-4675-941f-1071bf88b127,24PCMC06,CORE-VI-SETTING UP OF BUSINESS ENTITIES,c2b4f6d7-487a-4736-ba99-b4d94882f6c9,create
a33138b6-4eea-4675-941f-1071bf88b127,a33138b6-4eea-4675-941f-1071bf88b127,24PCMC07,CORE-VII-TAXATION,461f59a1-df7a-488d-992d-b1e3876592f8,create
a33138b6-4eea-4675-941f-1071bf88b127,a33138b6-4eea-4675-941f-1071bf88b127,24PCMC08,CORE-VIII-RESEARCH METHODOLOGY,0c6907b1-08ea-4dfe-9437-e1d2f9afd946,create
a33138b6-4eea-4675-941f-1071bf88b127,a33138b6-4eea-4675-941f-1071bf88b127,24PCMC10,CORE-X-INTERNATIONAL BUSINESS,34c1e130-3a37-4df9-9ff9-82816895c753,create
a33138b6-4eea-4675-941f-1071bf88b127,a33138b6-4eea-4675-941f-1071bf88b127,24PCMC11,CORE-XI-CORPORATE AND ECONOMIC LAWS,14b6d1e7-8895-4209-9b69-a1f530a7014c,create
a33138b6-4eea-4675-941f-1071bf88b127,a33138b6-4eea-4675-941f-1071bf88b127,24PCMC12,CORE-XII-HUMAN RESOURCE ANALYTICS,bb1badd2-958a-409c-aaf2-eca57d82f8e1,create
a33138b6-4eea-4675-941f-1071bf88b127,a33138b6-4eea-4675-941f-1071bf88b127,24PCMCP01,CORE-IX-PRACTICAL-COMPUTER APPLICATIONS IN BUSINESS,303beda1-22e1-4aa5-b114-2c9e9b38fbc4,create
a33138b6-4eea-4675-941f-1071bf88b127,a33138b6-4eea-4675-941f-1071bf88b127,24PCME01,ELECTIVE-I-SECURITY ANALYSIS AND PORTFOLIO MANAGEMENT ,f5347bb3-95f7-43c7-82d2-302eb0707222,create
a33138b6-4eea-4675-941f-1071bf88b127,a33138b6-4eea-4675-941f-1071bf88b127,24PCME02,ELECTIVE-I-OPERATIONS RESEARCH,4de23191-1b57-4df8-bee0-e9a1c779a99d,create
a33138b6-4eea-4675-941f-1071bf88b127,a33138b6-4eea-4675-941f-1071bf88b127,24PCME03,ELECTIVE-II-LABOUR LAWS,ecf2461c-77b8-4934-8ca5-4118aa060e83,create
a33138b6-4eea-4675-941f-1071bf88b127,a33138b6-4eea-4675-941f-1071bf88b127,24PCME04,ELECTIVE-II-STRATEGIC HUMAN RESOURCE MANAGEMENT,01a32002-3b4f-407c-b200-23ec471ce8c6,create
a33138b6-4eea-4675-941f-1071bf88b127,a33138b6-4eea-4675-941f-1071bf88b127,24PCME05,ELECTIVE-III-BUSINESS ETHICS AND CORPORATE SUSTAINABILITY,481b72a1-5249-4507-aea6-794d88eb4da3,create
a33138b6-4eea-4675-941f-1071bf88b127,a33138b6-4eea-4675-941f-1071bf88b127,24PCME06,ELECTIVE-III-AUDIT AND DUE DILIGENCE,3bdcdac5-a449-4369-89cb-699646a94a55,create
a33138b6-4eea-4675-941f-1071bf88b127,a33138b6-4eea-4675-941f-1071bf88b127,24PCME07,ELECTIVE-IV-RURAL AND AGRICULTURAL MARKETING,927cdd54-e754-4b25-accf-2b1ff5a92ed6,create
a33138b6-4eea-4675-941f-1071bf88b127,a33138b6-4eea-4675-941f-1071bf88b127,24PCME08,ELECTIVE-IV-LOGISTICS AND SUPPLY CHAIN MANAGEMENT,8895dc2c-f44a-410f-a1eb-e368038a2a37,create
a33138b6-4eea-4675-941f-1071bf88b127,a33138b6-4eea-4675-941f-1071bf88b127,24PCME09,ELECTIVE-V-STRATEGIC MANAGEMENT,814abe99-b446-483a-9969-73c0425c7982,create
a33138b6-4eea-4675-941f-1071bf88b127,a33138b6-4eea-4675-941f-1071bf88b127,24PCME10,ELECTIVE-V-INTERNATIONAL FINANCIAL MANAGEMENT,e9391163-b261-42a3-9b7d-3b5b98faf86e,create
a33138b6-4eea-4675-941f-1071bf88b127,a33138b6-4eea-4675-941f-1071bf88b127,24PCME11,ELECTIVE-VI-ORGANISATIONAL BEHAVIOUR,1be3375d-f82a-49f8-8e8e-fd672a7a905c,create
a33138b6-4eea-4675-941f-1071bf88b127,a33138b6-4eea-4675-941f-1071bf88b127,24PCME12,ELECTIVE-VI-INSOLVENCY LAW AND PRACTICE,2077b5e9-ebb0-4906-9936-f417c1d82c63,create
a33138b6-4eea-4675-941f-1071bf88b127,a33138b6-4eea-4675-941f-1071bf88b127,24PCMED1,EDC-I-BUSINESS ENVIRONMENT,763a02fe-b97f-4784-b78f-8c3a8e83d170,create
a33138b6-4eea-4675-941f-1071bf88b127,a33138b6-4eea-4675-941f-1071bf88b127,24PCMED2,EDC-II-BUSINESS COMMUNICATION,c0d9bfb0-06c1-4e09-92f9-fd7e77cb3be8,create
a33138b6-4eea-4675-941f-1071bf88b127,a33138b6-4eea-4675-941f-1071bf88b127,24PCMIN01,INTERNSHIP/INDUSTRIAL ACTIVITY,0885be2c-713a-47cf-8a2b-f69b0b7192c3,create
a33138b6-4eea-4675-941f-1071bf88b127,a33138b6-4eea-4675-941f-1071bf88b127,24PCMPR1,CORE XIII: PROJECT WITH VIVA-VOCE,e5e08c4e-b2d5-4395-8bd6-7053fbaedb93,create
a33138b6-4eea-4675-941f-1071bf88b127,a33138b6-4eea-4675-941f-1071bf88b127,24PCMSP01,SEC-PRACTICAL-E-FILLING OF GST RETURN,b9faa7ad-a014-4996-8708-153e6c301f8b,create
a33138b6-4eea-4675-941f-1071bf88b127,a33138b6-4eea-4675-941f-1071bf88b127,24PCSC01,CORE-I-ANALYSIS & DESIGN OF ALGORITHMS,4cf738ed-f2ad-47cd-8a78-2fa3d18d1a00,create
a33138b6-4eea-4675-941f-1071bf88b127,a33138b6-4eea-4675-941f-1071bf88b127,24PCSC02,CORE-II-OBJECT ORIENTED PROGRAMMING USING C++,6fa5d329-4e21-4836-a2c7-32221c87c1a2,create
a33138b6-4eea-4675-941f-1071bf88b127,a33138b6-4eea-4675-941f-1071bf88b127,24PCSC03,CORE-III-PYTHON PROGRAMMING,2f0aaf29-709e-4c85-b89c-cb368e5b7a68,create
a33138b6-4eea-4675-941f-1071bf88b127,a33138b6-4eea-4675-941f-1071bf88b127,24PCSC04,CORE-IV- DATA MINING AND WAREHOUSING,b5a5f6a5-2c5a-4318-aed7-42430d9105db,create
a33138b6-4eea-4675-941f-1071bf88b127,a33138b6-4eea-4675-941f-1071bf88b127,24PCSC05,CORE-V-ADVANCED JAVA PROGRAMMING,180f3d85-3a7c-423a-b380-b83e7212ef1e,create
a33138b6-4eea-4675-941f-1071bf88b127,a33138b6-4eea-4675-941f-1071bf88b127,24PCSC06,CORE-VI-DIGITAL IMAGE PROCESSING,68fa43c9-8d7e-4f05-8d8f-aeeb9ce77ca7,create
a33138b6-4eea-4675-941f-1071bf88b127,a33138b6-4eea-4675-941f-1071bf88b127,24PCSC07,CORE-VII-CLOUD COMPUTING,ec3f8a21-c955-4566-96c9-d73bf72c2880,create
a33138b6-4eea-4675-941f-1071bf88b127,a33138b6-4eea-4675-941f-1071bf88b127,24PCSC08,CORE-VIII-NETWORK SECURITY AND CRYPTOGRAPHY,8e03082a-255f-4383-8caf-e130590e4641,create
a33138b6-4eea-4675-941f-1071bf88b127,a33138b6-4eea-4675-941f-1071bf88b127,24PCSC09,CORE-IX-DATA SCIENCE &ANALYTICS,c4673749-3041-4121-a1d6-68e3d67807dc,create
a33138b6-4eea-4675-941f-1071bf88b127,a33138b6-4eea-4675-941f-1071bf88b127,24PCSC10,CORE X - PHP PROGRAMMING,7c181edf-6b47-40e5-b70e-3dd877c7851e,create
a33138b6-4eea-4675-941f-1071bf88b127,a33138b6-4eea-4675-941f-1071bf88b127,24PCSC11,CORE XI- ADVANCED DBMS,c044c0fa-3b00-4006-b568-4b129a63d1a0,create
a33138b6-4eea-4675-941f-1071bf88b127,a33138b6-4eea-4675-941f-1071bf88b127,24PCSCP01,CORE PRACTICAL-I-ALGORITHM AND OOPS LAB,cbdb27e2-a6e5-4506-a738-aaee6945a3a1,create
a33138b6-4eea-4675-941f-1071bf88b127,a33138b6-4eea-4675-941f-1071bf88b127,24PCSCP02,CORE PRACTICAL-II-PYTHON PROGRAMMING LAB,15007ac2-d229-4679-ac64-93f8a82be29f,create
a33138b6-4eea-4675-941f-1071bf88b127,a33138b6-4eea-4675-941f-1071bf88b127,24PCSCP03,CORE PRACTICAL-III-DATA MINING LAB USING R,fb586e99-5528-43dd-b378-9f8bdfc9b508,create
a33138b6-4eea-4675-941f-1071bf88b127,a33138b6-4eea-4675-941f-1071bf88b127,24PCSCP04,CORE PRACTICAL-IV-ADVANCED JAVA PROGRAMING LAB,5fd4f86b-3c3f-4e21-a01b-eb688107455d,create
a33138b6-4eea-4675-941f-1071bf88b127,a33138b6-4eea-4675-941f-1071bf88b127,24PCSCP05,CORE PRACTICAL-V-DIGITAL IMAGE PROCESSING LAB,09335878-3604-41e6-91e8-4c57c0619f9e,create
a33138b6-4eea-4675-941f-1071bf88b127,a33138b6-4eea-4675-941f-1071bf88b127,24PCSCP06,CORE PRACTICAL-VI-CLOUD COMPUTING LAB,cd5eda64-0124-4d4f-8c11-517e7372d508,create
a33138b6-4eea-4675-941f-1071bf88b127,a33138b6-4eea-4675-941f-1071bf88b127,24PCSE01,ELECTIVE-I-ADVANCED OPERATING SYSTEM,73066304-8a07-4eda-80c6-5992e6a67984,create
a33138b6-4eea-4675-941f-1071bf88b127,a33138b6-4eea-4675-941f-1071bf88b127,24PCSE02,ELECTIVE-I-ADVANCED SOFTWARE ENGINEERING,219e9b5a-da89-4b65-86f0-189874e6cd1d,create
a33138b6-4eea-4675-941f-1071bf88b127,a33138b6-4eea-4675-941f-1071bf88b127,24PCSE03,ELECTIVE-I-MULTIMEDIA AND ITS APPLICATIONS,0e5fcd26-fca3-4ef8-aa7b-5717af76a6e1,create
a33138b6-4eea-4675-941f-1071bf88b127,a33138b6-4eea-4675-941f-1071bf88b127,24PCSE04,ELECTIVE-II-ARTIFICIAL INTELLIENCE AND MACHINE LEARNING,0669b893-4e67-4514-80fe-3d7cac1c0d08,create
a33138b6-4eea-4675-941f-1071bf88b127,a33138b6-4eea-4675-941f-1071bf88b127,24PCSE05,ELECTIVE-II-INTERNET OF THINGS,b40ea933-0103-4b03-acc0-747b0c9c6aee,create
a33138b6-4eea-4675-941f-1071bf88b127,a33138b6-4eea-4675-941f-1071bf88b127,24PCSE06,ELECTIVE-II-MOBILE COMPUTING,8cccee42-5a4e-42e3-89ab-867ccf0b91f8,create
a33138b6-4eea-4675-941f-1071bf88b127,a33138b6-4eea-4675-941f-1071bf88b127,24PCSE07,"ELECTIVE-III-CRITICAL THINKING,DESIGN THINKING AND PROBLEM SOLVING",2ef5c65c-0a42-4429-97d1-c2d1c383201f,create
a33138b6-4eea-4675-941f-1071bf88b127,a33138b6-4eea-4675-941f-1071bf88b127,24PCSE08,ELECTIVE-III-COMPILER DESIGN,0cb0deaf-83fc-4dfd-88e6-76a4928092f8,create
a33138b6-4eea-4675-941f-1071bf88b127,a33138b6-4eea-4675-941f-1071bf88b127,24PCSE09,ELECTIVE-III-ROBOTIC PROCESS AUTOMATION FOR BUSINESS,6d849ae0-b3d5-47b4-bc4f-ab81b123da66,create
a33138b6-4eea-4675-941f-1071bf88b127,a33138b6-4eea-4675-941f-1071bf88b127,24PCSE10,ELECTIVE-IV-BIG DATA ANALYTICS,8d23ac1e-65cb-4d8b-8333-a64fe8744a6b,create
a33138b6-4eea-4675-941f-1071bf88b127,a33138b6-4eea-4675-941f-1071bf88b127,24PCSE11,ELECTIVE-IV-DISCRETE MATHEMATICS FOR COMPUTING,e85e67c1-4997-40c2-b4a0-061837f27d48,create
a33138b6-4eea-4675-941f-1071bf88b127,a33138b6-4eea-4675-941f-1071bf88b127,24PCSE12,ELECTIVE-IV-OPERATIONS RESEARCH,184a07b8-91ce-4225-9f57-7d965bfac8ff,create
a33138b6-4eea-4675-941f-1071bf88b127,a33138b6-4eea-4675-941f-1071bf88b127,24PCSE13,ELECTIVE-V-GIRD COMPUTING,c1a2b393-40d3-45b4-b40f-0809c8ec73b8,create
a33138b6-4eea-4675-941f-1071bf88b127,a33138b6-4eea-4675-941f-1071bf88b127,24PCSE14,ELECTIVE-V-BLOCK CHAIN TECHNOLOGY,fec7069d-822a-4602-a099-7d8868b0ef14,create
a33138b6-4eea-4675-941f-1071bf88b127,a33138b6-4eea-4675-941f-1071bf88b127,24PCSE15,ELECTIVE-V-WEB SERVICES,550a3fac-68c3-402e-b211-ce18f1143013,create
a33138b6-4eea-4675-941f-1071bf88b127,a33138b6-4eea-4675-941f-1071bf88b127,24PCSED1,EDC-I-PRINCIPLES OF INFORMATION TECHNOLOGY,95a167ec-8ab0-4faf-a5d8-07ea9c3deeda,create
a33138b6-4eea-4675-941f-1071bf88b127,a33138b6-4eea-4675-941f-1071bf88b127,24PCSED2,EDC-I-FUNDAMENTALS OF COMPUTERS AND COMMUNICATIONS,269d5b8a-bfd4-4c0c-b9c1-e52028bd257b,create
a33138b6-4eea-4675-941f-1071bf88b127,a33138b6-4eea-4675-941f-1071bf88b127,24PCSED3,EDC-II-E-COMMERCE,3d37c9e1-2792-484e-a03d-ef2456a8657a,create
a33138b6-4eea-4675-941f-1071bf88b127,a33138b6-4eea-4675-941f-1071bf88b127,24PCSEP01,ELECTIVE-VI–PRACTICAL-PHP PROGRAMMING LAB,60d35a34-b36f-4cbf-91fe-e21b7e41249c,create
a33138b6-4eea-4675-941f-1071bf88b127,a33138b6-4eea-4675-941f-1071bf88b127,24PCSEP02,ELECTIVE-VI-PRACTICAL-ADVANCED DBMS LAB,996a304a-746b-409f-a368-94b7cb5ccb12,create
a33138b6-4eea-4675-941f-1071bf88b127,a33138b6-4eea-4675-941f-1071bf88b127,24PCSEP03,ELECTIVE-VI-PRACTICAL-WEB TECHNOLOGIES LAB,e129f9de-bd99-4200-9129-616a9b94f8f2,create
a33138b6-4eea-4675-941f-1071bf88b127,a33138b6-4eea-4675-941f-1071bf88b127,24PCSIN01,INTERNSHIP INDUSTRIAL ACTIVITY,12777261-cbbb-4980-806a-012ed20fb865,create
a33138b6-4eea-4675-941f-1071bf88b127,a33138b6-4eea-4675-941f-1071bf88b127,24PCSPR01,PROJECT WORK AND VIVA- VOCE,f845ac3f-fb15-44d8-bcc8-49e0d220c202,create
a33138b6-4eea-4675-941f-1071bf88b127,a33138b6-4eea-4675-941f-1071bf88b127,24PCSSECP01,SEC-DATA VISUALIZATION LAB,88c45c3e-6836-4a72-bb51-e1d38c0f92d3,create
a33138b6-4eea-4675-941f-1071bf88b127,a33138b6-4eea-4675-941f-1071bf88b127,24PCSSECP02,SEC-SOFT SKILL DEVELOPMENT LAB,4a04af96-792c-42f8-928b-48632ed89d5f,create
a33138b6-4eea-4675-941f-1071bf88b127,a33138b6-4eea-4675-941f-1071bf88b127,24PDAPR01,PROJECT WORK AND VIVAVOCE,ac824789-fecd-4f65-b0fc-3a1b1f321f88,create
a33138b6-4eea-4675-941f-1071bf88b127,a33138b6-4eea-4675-941f-1071bf88b127,24PENC01,CORE-I-ENGLISH POETRY,31b32efc-8197-4618-9cbf-3c6c30ec2c98,create
a33138b6-4eea-4675-941f-1071bf88b127,a33138b6-4eea-4675-941f-1071bf88b127,24PENC02,CORE-II-ENGLISH DRAMA,ed821cfa-0722-4e2b-8d07-3a7e9ec9ce69,create
a33138b6-4eea-4675-941f-1071bf88b127,a33138b6-4eea-4675-941f-1071bf88b127,24PENC03,CORE-III-ENGLISH FICTION,61343669-45aa-4f16-9d37-ae3956711acb,create
a33138b6-4eea-4675-941f-1071bf88b127,a33138b6-4eea-4675-941f-1071bf88b127,24PENC04,CORE-IV-AMERICAN LITERATURE,b04aa988-92a6-4408-8871-cf35ecbecf42,create
a33138b6-4eea-4675-941f-1071bf88b127,a33138b6-4eea-4675-941f-1071bf88b127,24PENC05,CORE-V-SHAKESPEARE STUDIES,fd8ab8f1-9d5a-4d24-867a-cc60bb9061d1,create
a33138b6-4eea-4675-941f-1071bf88b127,a33138b6-4eea-4675-941f-1071bf88b127,24PENC06,CORE-VI-POST-COLONIAL THEORY AND LITERATURE,01c98a63-d782-47bc-9e6e-15fa034a8c04,create
a33138b6-4eea-4675-941f-1071bf88b127,a33138b6-4eea-4675-941f-1071bf88b127,24PENC07,CORE-VII-CONTEMPORARY LITERARY CRITICISM,ee6af5fc-1893-4a25-b4a7-a55099de739c,create
a33138b6-4eea-4675-941f-1071bf88b127,a33138b6-4eea-4675-941f-1071bf88b127,24PENC08,CORE-VIII-CANADIAN STUDIES,4e0cf845-1a6b-4bfe-8bd7-e2273a2abc11,create
a33138b6-4eea-4675-941f-1071bf88b127,a33138b6-4eea-4675-941f-1071bf88b127,24PENC09,CORE-IX-LITERATURE OF THE MARGINALIZED IN INDIA,4fa4ba3d-87db-419e-b5c9-09a761ee4ed7,create
a33138b6-4eea-4675-941f-1071bf88b127,a33138b6-4eea-4675-941f-1071bf88b127,24PENC10,CORE-X-FILM AND MEDIA STUDIES,0f0362c4-bf81-42d1-85dd-77127fcc501d,create
a33138b6-4eea-4675-941f-1071bf88b127,a33138b6-4eea-4675-941f-1071bf88b127,24PENC11,"CORE-XI-TWENTY FIRST CENTURY MILLENNIAL LITERATURE
",2870acba-a791-4a30-bdb0-3b861b0858fb,create
a33138b6-4eea-4675-941f-1071bf88b127,a33138b6-4eea-4675-941f-1071bf88b127,24PENC12,CORE-XII-SUBALTERN STUDIES,e3b40a15-d908-41b1-9584-d4e7b4ff6b5e,create
a33138b6-4eea-4675-941f-1071bf88b127,a33138b6-4eea-4675-941f-1071bf88b127,24PENC13,CORE-XIII-RESEARCH METHODOLOGY,8a62c0a2-c90c-43a1-a750-de4ab35eddc8,create
a33138b6-4eea-4675-941f-1071bf88b127,a33138b6-4eea-4675-941f-1071bf88b127,24PENE01,ELECTIVE-I-INDIAN WRITING IN ENGLISH,9102cb27-8159-4258-b637-1e4bfa592f61,create
a33138b6-4eea-4675-941f-1071bf88b127,a33138b6-4eea-4675-941f-1071bf88b127,24PENE02,ELECTIVE-II-THEATRE ART,c15b6e38-23b1-48f3-8051-1ada718c6143,create
a33138b6-4eea-4675-941f-1071bf88b127,a33138b6-4eea-4675-941f-1071bf88b127,24PENE03,ELECTIVE-III-APPROACHES TO ENGLISH LANGUAGE TEACHING,c9d5d275-446c-4d18-8792-3b9adfaca678,create
a33138b6-4eea-4675-941f-1071bf88b127,a33138b6-4eea-4675-941f-1071bf88b127,24PENE04,ELECTIVE-IV-A GLIMPSE OF NOBEL LAUREATES,5c90df69-25e3-4eeb-b2b2-c04b8664b9f6,create
a33138b6-4eea-4675-941f-1071bf88b127,a33138b6-4eea-4675-941f-1071bf88b127,24PENE05,ELECTIVE-V-TRANSLATION STUDIES,641c8564-0e3b-40eb-b41e-ab472fd478d5,create
a33138b6-4eea-4675-941f-1071bf88b127,a33138b6-4eea-4675-941f-1071bf88b127,24PENE06,"ELECTIVE COURSE-VI ENGLISH LITERATURE FOR NTA, NET, SET & GATE
",de2b8526-9a67-46ac-8090-1ebd628eddcd,create
a33138b6-4eea-4675-941f-1071bf88b127,a33138b6-4eea-4675-941f-1071bf88b127,24PENED1,EDC-I-ENGLISH FOR COMPETITIVE EXAMINATIONS,6a1a16bd-6137-48f8-a1c5-005d042e72da,create
a33138b6-4eea-4675-941f-1071bf88b127,a33138b6-4eea-4675-941f-1071bf88b127,24PENED2,EDC-II-FUNCTIONAL ENGLISH,bc646513-6a6f-419d-9744-62ba24c10c61,create
a33138b6-4eea-4675-941f-1071bf88b127,a33138b6-4eea-4675-941f-1071bf88b127,24PENIN01,INTERNSHIP,99eebc78-a56c-445a-9d1f-06e36ceb12e8,create
a33138b6-4eea-4675-941f-1071bf88b127,a33138b6-4eea-4675-941f-1071bf88b127,24PENPR1,PROJECT WITH VIVA VOCE,99d27538-d3a9-425a-8d7e-551aa9bc6057,create
a33138b6-4eea-4675-941f-1071bf88b127,a33138b6-4eea-4675-941f-1071bf88b127,24PENS01,SEC-ENGLISH FOR CAREERS,5c4a33ac-f3ac-4375-834b-13439b2e689f,create
a33138b6-4eea-4675-941f-1071bf88b127,a33138b6-4eea-4675-941f-1071bf88b127,24PEXA01,EXTENSION ACTIVITY,1b606ace-6d8c-4f01-8535-b7c39d3ecdb9,create
a33138b6-4eea-4675-941f-1071bf88b127,a33138b6-4eea-4675-941f-1071bf88b127,24PHIC01,CORE-I-HISTORY OF ANCIENT AND EARLY MEDIEVAL INDIA - PRE HISTORY TO 1206 CE,616c8ab4-5b23-4b0d-b338-325f172c4cd0,create
a33138b6-4eea-4675-941f-1071bf88b127,a33138b6-4eea-4675-941f-1071bf88b127,24PHIC02,CORE-II-SOCIO CULTURAL HISTORY OF TAMIL NADU UPTO 1565 CE,edb2587e-7874-4a89-8689-c32d1cbba773,create
a33138b6-4eea-4675-941f-1071bf88b127,a33138b6-4eea-4675-941f-1071bf88b127,24PHIC03,CORE-III-HISTORY OF WORLD CIVILIZATIONS (EXCLUDING INDIA),a55ee477-6cfa-4a2b-97b0-03dfe762592e,create
a33138b6-4eea-4675-941f-1071bf88b127,a33138b6-4eea-4675-941f-1071bf88b127,24PHIC04,CORE-IV-HISTORY OF MEDIEVAL INDIA FROM 1206 CE TO 1707 CE,efad8ade-6d8f-4cd8-add6-5e22e99b50c5,create
a33138b6-4eea-4675-941f-1071bf88b127,a33138b6-4eea-4675-941f-1071bf88b127,24PHIC05,CORE-V-SOCIO CULTURAL HISTORY OF TAMIL NADU FROM 1565 CE TO 1956 CE,f2d49441-161a-422c-a8fe-c6083b69cb74,create
a33138b6-4eea-4675-941f-1071bf88b127,a33138b6-4eea-4675-941f-1071bf88b127,24PHIC06,CORE-VI-HISTORIOGRAPHY AND HISTORICAL METHODS,1ba43d9f-818e-4fe4-b269-64ea4bad9b4e,create
a33138b6-4eea-4675-941f-1071bf88b127,a33138b6-4eea-4675-941f-1071bf88b127,24PHIC07,CORE-VII-COLONIALISM AND NATIONALISM IN INDIA,a34761a6-ac18-41fb-b130-7c58aebd2298,create
a33138b6-4eea-4675-941f-1071bf88b127,a33138b6-4eea-4675-941f-1071bf88b127,24PHIC08,CORE-VIII-INTELLECTUAL HISTORY OF INDIA,2b083315-f02d-4edf-898b-dba240770e6f,create
a33138b6-4eea-4675-941f-1071bf88b127,a33138b6-4eea-4675-941f-1071bf88b127,24PHIC09,CORE-IX-ECONOMIC HISTORY OF INDIA SINCE 1857 CE,49cb31ea-c3c4-4a52-b11f-b6d672dc7172,create
a33138b6-4eea-4675-941f-1071bf88b127,a33138b6-4eea-4675-941f-1071bf88b127,24PHIC10,CORE-X-TOURISM IN TAMIL NADU,f3659467-bf2a-4975-b9fc-039afd53516a,create
a33138b6-4eea-4675-941f-1071bf88b127,a33138b6-4eea-4675-941f-1071bf88b127,24PHIC11,CORE-XI- CONTEMPORARY INDIA,d82cb2ba-27b6-4383-8c9c-be65786b6044,create
a33138b6-4eea-4675-941f-1071bf88b127,a33138b6-4eea-4675-941f-1071bf88b127,24PHIC12,CORE-XII-INTERNATIONAL RELATIONS SINCE 1947 CE,e1433e09-8d55-42f0-a7b1-055a3075b29b,create
a33138b6-4eea-4675-941f-1071bf88b127,a33138b6-4eea-4675-941f-1071bf88b127,24PHIE01,ELECTIVE-I-FREEDOM STRUGGLE IN TAMIL NADU,12bc8dbf-226b-4bdb-86fe-a8d220fcaee4,create
a33138b6-4eea-4675-941f-1071bf88b127,a33138b6-4eea-4675-941f-1071bf88b127,24PHIE02,ELECTIVE-I-INDIAN ART AND ARCHITECTURE,1b1afc0f-80f5-44ed-9a8b-9623990951b3,create
a33138b6-4eea-4675-941f-1071bf88b127,a33138b6-4eea-4675-941f-1071bf88b127,24PHIE03,ELECTIVE-II-ADMINISTRATIVE HISTORY OF TAMIL NADU,ad05997b-5ef1-41bd-9f54-f6a5a255697e,create
a33138b6-4eea-4675-941f-1071bf88b127,a33138b6-4eea-4675-941f-1071bf88b127,24PHIE04,ELECTIVE-II-CULTURAL HERITAGE OF INDIA,735636fc-0662-41ab-ba0f-a1f8453380d7,create
a33138b6-4eea-4675-941f-1071bf88b127,a33138b6-4eea-4675-941f-1071bf88b127,24PHIE05,ELECTIVE-III-HISTORY OF JOURNALISM,cd191f58-1200-4c8a-b120-c1406a7e23d8,create
a33138b6-4eea-4675-941f-1071bf88b127,a33138b6-4eea-4675-941f-1071bf88b127,24PHIE06,ELECTIVE-III-INTERNATIONAL MIGRATIONS AND DIASPORIC STUDIES,5c82c003-afca-4f79-bf49-fc2593f9bf2d,create
a33138b6-4eea-4675-941f-1071bf88b127,a33138b6-4eea-4675-941f-1071bf88b127,24PHIE07,ELECTIVE-IV-INDIAN CONSTITUTION,5462b2aa-f562-4b7d-b47c-a4de6fe32738,create
a33138b6-4eea-4675-941f-1071bf88b127,a33138b6-4eea-4675-941f-1071bf88b127,24PHIE08,ELECTIVE-IV-ENVIRONMENTAL HISTORY OF INDIA,bc8a6319-cd6b-483a-974a-a90546a67cad,create
a33138b6-4eea-4675-941f-1071bf88b127,a33138b6-4eea-4675-941f-1071bf88b127,24PHIE09,ELECTIVE-V-PRINCIPLES AND TECHNIQUES OF ARCHAEOLOGY,28343a39-75e7-4c17-ac76-0da15f3e28f5,create
a33138b6-4eea-4675-941f-1071bf88b127,a33138b6-4eea-4675-941f-1071bf88b127,24PHIE10,ELECTIVE-V-STUDY ON NUMISMATICS,5d30c6fd-d2af-448c-bc00-9306f9439589,create
a33138b6-4eea-4675-941f-1071bf88b127,a33138b6-4eea-4675-941f-1071bf88b127,24PHIE11,ELECTIVE-VI-WOMEN IN INDIA THROUGH THE AGES ,f79310d5-2c53-45f7-a788-f854e0575a56,create
a33138b6-4eea-4675-941f-1071bf88b127,a33138b6-4eea-4675-941f-1071bf88b127,24PHIE12,ELECTIVE-VI-SCIENCE AND TECHNOLOGY IN INDIA SINCE 1947 CE,57f74e9d-d947-4e26-b9e1-46c67290150f,create
a33138b6-4eea-4675-941f-1071bf88b127,a33138b6-4eea-4675-941f-1071bf88b127,24PHIED1,EDC-I-INTELLECTUAL HISTORY OF TAMIL NADU,5487b550-126a-4c36-bf6a-206af4ef5da0,create
a33138b6-4eea-4675-941f-1071bf88b127,a33138b6-4eea-4675-941f-1071bf88b127,24PHIED2,EDC-II-TEMPLES IN TAMIL NADU,d0bd8617-db61-414f-9851-266de43231e3,create
a33138b6-4eea-4675-941f-1071bf88b127,a33138b6-4eea-4675-941f-1071bf88b127,24PHIIN01,INTERNSHIP/INDUSTIRAL ACTIVITY,d7446ee8-53a0-4f9a-91c8-9017187f54d5,create
a33138b6-4eea-4675-941f-1071bf88b127,a33138b6-4eea-4675-941f-1071bf88b127,24PHIN01,INTERNSHIP/INDUSTRIAL ACTIVITY,f640eb33-6044-44e4-9c66-068fae13e05d,create
a33138b6-4eea-4675-941f-1071bf88b127,a33138b6-4eea-4675-941f-1071bf88b127,24PHIPC1,PROFESSIONAL COMPETENCY SKILL-ARCHIVES KEEPING,72d86c60-3312-485d-a2f9-15e96eaf0755,create
a33138b6-4eea-4675-941f-1071bf88b127,a33138b6-4eea-4675-941f-1071bf88b127,24PHIPR1,CORE-XIII-PROJECT WITH VIVA-VOCE,9ea774af-407f-488d-933c-d53d3c9eb0a2,create
a33138b6-4eea-4675-941f-1071bf88b127,a33138b6-4eea-4675-941f-1071bf88b127,24PHR001,FUNDAMENTAL STUDY OF HUMAN RIGHTS,5e22e77f-27eb-4adc-aff3-3d65fb993779,create
a33138b6-4eea-4675-941f-1071bf88b127,a33138b6-4eea-4675-941f-1071bf88b127,24PMAC01,CORE-I-ALGEBRAIC STRUCTURE,47c6eba6-96a3-4e7e-8809-4666f68b83a4,create
a33138b6-4eea-4675-941f-1071bf88b127,a33138b6-4eea-4675-941f-1071bf88b127,24PMAC02,CORE-II-REAL ANALYSIS-I,a2131847-93cd-452a-89e5-c9cc3c0aa965,create
a33138b6-4eea-4675-941f-1071bf88b127,a33138b6-4eea-4675-941f-1071bf88b127,24PMAC03,CORE-III-ORDINARY DIFFERENTIAL EQUATION,cb4df1b9-2bbc-41f8-87c8-62755603f650,create
a33138b6-4eea-4675-941f-1071bf88b127,a33138b6-4eea-4675-941f-1071bf88b127,24PMAC04,CORE-IV-ADVANCED ALGEBRA,8a5e7c35-6d64-4554-b7f9-e3f8082b13ae,create
a33138b6-4eea-4675-941f-1071bf88b127,a33138b6-4eea-4675-941f-1071bf88b127,24PMAC05,CORE-V-REAL ANALYSIS-II,1f1aaf7f-0ed2-44db-94be-c5ef47967f73,create
a33138b6-4eea-4675-941f-1071bf88b127,a33138b6-4eea-4675-941f-1071bf88b127,24PMAC06,CORE-VI-PARTIAL DIFFERENTIAL EQUATION,8907afa2-7645-4f61-b68d-6075e7ff0fe5,create
a33138b6-4eea-4675-941f-1071bf88b127,a33138b6-4eea-4675-941f-1071bf88b127,24PMAC07,CORE-VII-COMPLEX ANALYSIS,65a34b2f-136b-4af7-bc7b-ccac8184b836,create
a33138b6-4eea-4675-941f-1071bf88b127,a33138b6-4eea-4675-941f-1071bf88b127,24PMAC08,CORE-VIII-PROBABILITY THEORY,2b97aaa1-8f8b-44ef-930c-569f374cebe2,create
a33138b6-4eea-4675-941f-1071bf88b127,a33138b6-4eea-4675-941f-1071bf88b127,24PMAC09,CORE-IX-TOPOLOGY,ab63b16c-d16a-47be-a887-1eb7cdb274a6,create
a33138b6-4eea-4675-941f-1071bf88b127,a33138b6-4eea-4675-941f-1071bf88b127,24PMAC10,CORE-X-MACHINE LEARNING,c44ad61f-2802-4ce1-9d3b-951c4e7e4437,create
a33138b6-4eea-4675-941f-1071bf88b127,a33138b6-4eea-4675-941f-1071bf88b127,24PMAC11,CORE-XI-FUNCTIONAL ANALYSIS ,41c84f66-d788-4f0f-bd86-c99b946d2e99,create
a33138b6-4eea-4675-941f-1071bf88b127,a33138b6-4eea-4675-941f-1071bf88b127,24PMAC12,CORE-XII-DIFFERENTIAL GEOMETRY ,4fa8bf0e-5f7b-48c3-9108-88ccb30ca5f2,create
a33138b6-4eea-4675-941f-1071bf88b127,a33138b6-4eea-4675-941f-1071bf88b127,24PMAE01,ELECTIVE-I-NUMBER THEORY AND CRYTOGRAPHY,2060419c-7933-4982-95c9-e0f7c552f181,create
a33138b6-4eea-4675-941f-1071bf88b127,a33138b6-4eea-4675-941f-1071bf88b127,24PMAE02,ELECTIVE-I-GRAPH THEORY AND APPLICATIONS,116e6791-bd09-4246-9c4c-f2af9afb2055,create
a33138b6-4eea-4675-941f-1071bf88b127,a33138b6-4eea-4675-941f-1071bf88b127,24PMAE03,ELECTIVE-I-FORMAL LANGUAGES AND AUTOMATA THEORY,30aa1a85-aae3-4cb9-820e-7fd01838bfd7,create
a33138b6-4eea-4675-941f-1071bf88b127,a33138b6-4eea-4675-941f-1071bf88b127,24PMAE04,ELECTIVE-I-PROGRAMMING IN C++ AND NUMERICAL ANALYSIS,0d96abc2-a948-44e3-84ca-2dc58b099fc0,create
a33138b6-4eea-4675-941f-1071bf88b127,a33138b6-4eea-4675-941f-1071bf88b127,24PMAE05,ELECTIVE-II-LIE GROUOS AND LIE ALGEBRAS,aa692d2b-be78-4560-984b-e18f71815b37,create
a33138b6-4eea-4675-941f-1071bf88b127,a33138b6-4eea-4675-941f-1071bf88b127,24PMAE06,ELECTIVE-II-MATHEMATICAL PROGRAMMING,60776d50-f286-4603-867f-ca63bf24b2ac,create
a33138b6-4eea-4675-941f-1071bf88b127,a33138b6-4eea-4675-941f-1071bf88b127,24PMAE07,ELECTIVE-II-FUZZY SETS AND THEIR APPLICATIONS,f1c4a54c-4f4e-4fc6-aa8b-de545b4ac31e,create
a33138b6-4eea-4675-941f-1071bf88b127,a33138b6-4eea-4675-941f-1071bf88b127,24PMAE08,ELECTIVE-II-DISCRETE MATHEMATICS,08b7c0e2-f4ad-43da-9da1-7a1b5b196a08,create
a33138b6-4eea-4675-941f-1071bf88b127,a33138b6-4eea-4675-941f-1071bf88b127,24PMAE09,ELECTIVE-III-ALGEBRAIC TOPOLOGY,9b0bdd5b-929e-4261-840a-b0bcf48f70bb,create
a33138b6-4eea-4675-941f-1071bf88b127,a33138b6-4eea-4675-941f-1071bf88b127,24PMAE10,ELECTIVE-III-MATHEMATICAL STATISTICS,c647142e-dfaa-471c-993c-d9da983bf278,create
a33138b6-4eea-4675-941f-1071bf88b127,a33138b6-4eea-4675-941f-1071bf88b127,24PMAE11,ELECTIVE-III-STATISTICAL DATA ANALYSIS USING R PROGRAMMING,cc67ff41-9c5e-4ff2-b386-494c934165bc,create
a33138b6-4eea-4675-941f-1071bf88b127,a33138b6-4eea-4675-941f-1071bf88b127,24PMAE12,ELECTIVE-III-TENSOR ANALYSIS AND RELATIVITY THEORY ,d714a5eb-62b6-4c57-8b01-933f858b4f31,create
a33138b6-4eea-4675-941f-1071bf88b127,a33138b6-4eea-4675-941f-1071bf88b127,24PMAE13,ELECTIVE-IV-WAVELETS,053b6c68-9dac-4d07-8b4c-21380b98f866,create
a33138b6-4eea-4675-941f-1071bf88b127,a33138b6-4eea-4675-941f-1071bf88b127,24PMAE14,ELECTIVE-IV- MODELLING AND SIMULATION WITH EXCEL,b54fb913-e08e-43cd-ba5b-3b926199e6a7,create
a33138b6-4eea-4675-941f-1071bf88b127,a33138b6-4eea-4675-941f-1071bf88b127,24PMAE15,ELECTIVE-IV-MACHINE LEARNING AND ARTIFICIAL INTELLIGENCE,f4f01fcd-a0bc-4cce-9293-1365d050a52d,create
a33138b6-4eea-4675-941f-1071bf88b127,a33138b6-4eea-4675-941f-1071bf88b127,24PMAE16,ELECTIVE-IV-NEURAL NETWORKS ,dcbf060d-1629-45a6-80a3-53b22f35802f,create
a33138b6-4eea-4675-941f-1071bf88b127,a33138b6-4eea-4675-941f-1071bf88b127,24PMAE17,ELECTIVE-V-ALGEBRAIC NUMBER THEORY,86e56636-82fc-46bd-9d98-6f7f9b5336a7,create
a33138b6-4eea-4675-941f-1071bf88b127,a33138b6-4eea-4675-941f-1071bf88b127,24PMAE18,ELECTIVE-V-FLUID DYNAMICS,5af09db6-7993-476a-9d26-45e5179ec66c,create
a33138b6-4eea-4675-941f-1071bf88b127,a33138b6-4eea-4675-941f-1071bf88b127,24PMAE19,ELECTIVE-V-STOCHASTIC PROCESSES,dc7f7ecd-d256-4e96-9a1d-a06eba843abb,create
a33138b6-4eea-4675-941f-1071bf88b127,a33138b6-4eea-4675-941f-1071bf88b127,24PMAE20,ELECTIVE-V-MATHEMATICAL PYTHON-I,dff6e9ca-5756-4b29-8880-a54a99ed82c0,create
a33138b6-4eea-4675-941f-1071bf88b127,a33138b6-4eea-4675-941f-1071bf88b127,24PMAE21,ELECTIVE-VI-ALGEBRAIC GEOMETRY,491563fb-2287-4f6a-9c94-c31779748dc6,create
a33138b6-4eea-4675-941f-1071bf88b127,a33138b6-4eea-4675-941f-1071bf88b127,24PMAE22,ELECTIVE-VI-FINANCIAL MATHEMATICS,d44c67a9-fd7b-46bd-ba10-2350bcb776aa,create
a33138b6-4eea-4675-941f-1071bf88b127,a33138b6-4eea-4675-941f-1071bf88b127,24PMAE23,ELECTIVE-VI-RESOURCE MANAGEMENT TECHNIQUES,02e56414-e3dc-4859-839e-881580465e5e,create
a33138b6-4eea-4675-941f-1071bf88b127,a33138b6-4eea-4675-941f-1071bf88b127,24PMAE24,ELECTIVE-VI-MATHEMATICAL PYTHON,6040a5f1-55ad-4879-a0c7-3efe3171ea16,create
a33138b6-4eea-4675-941f-1071bf88b127,a33138b6-4eea-4675-941f-1071bf88b127,24PMAED1,EDC-I-MATHEMATICS FOR LIFE SCIENCES,a9b92632-bc39-40fa-bddb-a40e7f4f60b8,create
a33138b6-4eea-4675-941f-1071bf88b127,a33138b6-4eea-4675-941f-1071bf88b127,24PMAED2,EDC-I-MATHEMATICS FOR SOCIAL SCIENCES ,b6bca73d-7ae0-4cf0-8ed8-6e5dc39caeda,create
a33138b6-4eea-4675-941f-1071bf88b127,a33138b6-4eea-4675-941f-1071bf88b127,24PMAED3,EDC-I-STATISTICS FOR LIFE AND SOCIAL SCIENCES ,11770969-e62d-4bb9-b531-d8b64042aef2,create
a33138b6-4eea-4675-941f-1071bf88b127,a33138b6-4eea-4675-941f-1071bf88b127,24PMAED4,EDC-I-GAME THEORY AND STRATEGY ,7bea49b4-2da1-4af2-9835-b851a2ab226a,create
a33138b6-4eea-4675-941f-1071bf88b127,a33138b6-4eea-4675-941f-1071bf88b127,24PMAED5,EDC-I-HISTORY OF MATHEMATICS,929356e1-5805-4d5c-87f6-0425d9c36d05,create
a33138b6-4eea-4675-941f-1071bf88b127,a33138b6-4eea-4675-941f-1071bf88b127,24PMAIN01,INTERNSHIP,cec898c4-650b-4228-8cd8-421ceb1404bd,create
a33138b6-4eea-4675-941f-1071bf88b127,a33138b6-4eea-4675-941f-1071bf88b127,24PMAPR1,CORE PROJECT WITH VIVA-VOCE,6ea3515e-11f6-4f4f-bd60-aef85da4aa55,create
a33138b6-4eea-4675-941f-1071bf88b127,a33138b6-4eea-4675-941f-1071bf88b127,24PMAS02,SEC-I-MATHEMATICAL DOCUMENTATION USING LATEX,cab7de8e-ce2d-49ba-9416-afc414f7c784,create
a33138b6-4eea-4675-941f-1071bf88b127,a33138b6-4eea-4675-941f-1071bf88b127,24PZOC01,CORE-I-STRUCTURE AND FUNCTION OF INVERTEBRATES,dd67e5de-1b16-4a44-a2ba-b13401841ff4,create
a33138b6-4eea-4675-941f-1071bf88b127,a33138b6-4eea-4675-941f-1071bf88b127,24PZOC02,CORE-II-COMPARATIVE ANATOMY OF VERTEBRATES,e05df54c-1a11-496d-af1c-1e5c42641896,create
a33138b6-4eea-4675-941f-1071bf88b127,a33138b6-4eea-4675-941f-1071bf88b127,24PZOC03,CORE-III-CELL AND MOLECULAR BIOLOGY,7c36eb64-f8b5-4970-9fa7-93939069edd9,create
a33138b6-4eea-4675-941f-1071bf88b127,a33138b6-4eea-4675-941f-1071bf88b127,24PZOC04,CORE-IV-DEVELOPMENTAL BIOLOGY,0fd2dee6-fa97-4662-a616-593b8e7a8110,create
a33138b6-4eea-4675-941f-1071bf88b127,a33138b6-4eea-4675-941f-1071bf88b127,24PZOC05,CORE-V-GENETICS,88d8fd42-eef6-4149-a79d-f2afe592f002,create
a33138b6-4eea-4675-941f-1071bf88b127,a33138b6-4eea-4675-941f-1071bf88b127,24PZOC06,CORE-VI-EVOLUTION,cb19411f-f97c-4403-b104-e9f475382ad3,create
a33138b6-4eea-4675-941f-1071bf88b127,a33138b6-4eea-4675-941f-1071bf88b127,24PZOC07,CORE-VII-ANIMAL PHYSIOLOGY,b1014f18-545e-433d-9574-2af406f354b4,create
a33138b6-4eea-4675-941f-1071bf88b127,a33138b6-4eea-4675-941f-1071bf88b127,24PZOC08,CORE-VIII-IMMUNOLOGY ,dd01f771-b48b-4c88-a915-4c8848e2e2c7,create
a33138b6-4eea-4675-941f-1071bf88b127,a33138b6-4eea-4675-941f-1071bf88b127,24PZOC09,CORE-IX-ECOLOGY,0f35b6ed-a2a8-421a-a0dc-c61db61eeeb9,create
a33138b6-4eea-4675-941f-1071bf88b127,a33138b6-4eea-4675-941f-1071bf88b127,24PZOCP01,"LAB COURSE- I, INVERTEBRATES AND VERTEBRATES ",cb70c013-b97f-4c8c-9d6d-fbfaf6d6b925,create
a33138b6-4eea-4675-941f-1071bf88b127,a33138b6-4eea-4675-941f-1071bf88b127,24PZOCP02,CORE LAB-II-CELL BIOLOGY AND DEVELOPMENTAL BIOLOGY,f5ae16fe-c106-488e-9a94-eb58eb02284f,create
a33138b6-4eea-4675-941f-1071bf88b127,a33138b6-4eea-4675-941f-1071bf88b127,24PZOCP03,"CORE LAB COURSE-III-GENETICS, EVOLUTION AND ANIMAL PHYSIOLOGY",7dc3a729-6168-4b56-b3a5-ef3114e1aec2,create
a33138b6-4eea-4675-941f-1071bf88b127,a33138b6-4eea-4675-941f-1071bf88b127,24PZOCP04,CORE LAB COURSE-IV-IMMUNOLOGY & ECOLOGY,ed681b64-e539-48b2-98ef-63dd10b9ba40,create
a33138b6-4eea-4675-941f-1071bf88b127,a33138b6-4eea-4675-941f-1071bf88b127,24PZOE01,ELECTIVE-I-MOLECULES THEIR INTERACTION TO  BIOLOGY,fdafe33b-3a5d-4aa7-9e4c-c64fd5b36af9,create
a33138b6-4eea-4675-941f-1071bf88b127,a33138b6-4eea-4675-941f-1071bf88b127,24PZOE02,ELECTIVE-I-MICROBIOLOGY,a7f696c7-9efb-40a7-b25d-fbffc3501bac,create
a33138b6-4eea-4675-941f-1071bf88b127,a33138b6-4eea-4675-941f-1071bf88b127,24PZOE03,ELECTIVE-II-BIOSTATISTICS,d065dc76-035b-40cd-a2db-05288a74b1f0,create
a33138b6-4eea-4675-941f-1071bf88b127,a33138b6-4eea-4675-941f-1071bf88b127,24PZOE04,ELECTIVE-II-BIOINSTRUMENTATION,e7c34a34-3644-4930-b20c-aea92f95d756,create
a33138b6-4eea-4675-941f-1071bf88b127,a33138b6-4eea-4675-941f-1071bf88b127,24PZOE05,ELECTIVE-III-ECONOMIC ENTOMOLOGY,8109e51c-4e56-47e7-9d1a-3add808bfba7,create
a33138b6-4eea-4675-941f-1071bf88b127,a33138b6-4eea-4675-941f-1071bf88b127,24PZOE06,ELECTIVE-III-MEDICAL PARASITOLOGY,323a6d80-27cb-4863-bc37-e9eb03fea976,create
a33138b6-4eea-4675-941f-1071bf88b127,a33138b6-4eea-4675-941f-1071bf88b127,24PZOE07,ELECTIVE-IV-RESEARCH METHODOLOGY,4eca0596-bd9b-48bd-9302-95d1b4d345fc,create
a33138b6-4eea-4675-941f-1071bf88b127,a33138b6-4eea-4675-941f-1071bf88b127,24PZOE08,ELECTIVE-IV-BIOETHICS & BIOSATETY,5560620a-f1c5-41e8-bf3d-9289ea98996c,create
a33138b6-4eea-4675-941f-1071bf88b127,a33138b6-4eea-4675-941f-1071bf88b127,24PZOE09,ELECTIVE-V-MEDICAL LABORATORY TECHNIQUES,3e196546-b52c-40d8-9d8f-dad02ac8b41e,create
a33138b6-4eea-4675-941f-1071bf88b127,a33138b6-4eea-4675-941f-1071bf88b127,24PZOE10,ELECTIVE-VI-AQUACULTURE,cef410e3-602b-4714-92d8-219893dc34b7,create
a33138b6-4eea-4675-941f-1071bf88b127,a33138b6-4eea-4675-941f-1071bf88b127,24PZOED1,EDC-I-POULTRY FARMING,5f57f0f0-ddad-47c0-bbed-7c81efd3ceff,create
a33138b6-4eea-4675-941f-1071bf88b127,a33138b6-4eea-4675-941f-1071bf88b127,24PZOED2,EDC-I-APICULTURE,df8644b7-699a-4d9e-9ecb-17dfd372b05f,create
a33138b6-4eea-4675-941f-1071bf88b127,a33138b6-4eea-4675-941f-1071bf88b127,24PZOED3,EDC-II-DAIRY FARMING,d4306b64-9d10-404f-9506-64032fe6efce,create
a33138b6-4eea-4675-941f-1071bf88b127,a33138b6-4eea-4675-941f-1071bf88b127,24PZOED4,EDC-II-VERMICULTURE,4a75646d-d0fc-446f-a43f-b74f126d2f76,create
a33138b6-4eea-4675-941f-1071bf88b127,a33138b6-4eea-4675-941f-1071bf88b127,24PZOIN01,INTERNSHIP/FIELD SURVEY/INDUSTRIAL ACTIVITY,0b884e3c-6fc5-4cf6-88c5-6b3c6ffc7357,create
a33138b6-4eea-4675-941f-1071bf88b127,a33138b6-4eea-4675-941f-1071bf88b127,24PZOP01,CORE LAB-I-INVERTEBRATES AND VERTEBRATES,56900c0d-dd0c-450a-8d42-2058c6a142d7,create
a33138b6-4eea-4675-941f-1071bf88b127,a33138b6-4eea-4675-941f-1071bf88b127,24PZOPR1,PROJECT VIVA VOCE,3d9a9949-3be0-4a84-bed7-b2082c250cab,create
a33138b6-4eea-4675-941f-1071bf88b127,a33138b6-4eea-4675-941f-1071bf88b127,24PZOSEC1,SKILL ENHANCEMENT COURSE-ANIMAL BEHAVIOUR,ac507761-5ef0-485c-8264-9a1a07fc5597,create
a33138b6-4eea-4675-941f-1071bf88b127,a33138b6-4eea-4675-941f-1071bf88b127,24UADC01,CORE-I-DATA STRUCTURES,68b2cced-fbb1-4837-9ce0-7b0c62dc723b,create
a33138b6-4eea-4675-941f-1071bf88b127,a33138b6-4eea-4675-941f-1071bf88b127,24UADC02,CORE-II-INTRODUCTION ON PYTHON,321791ee-6c1f-499a-a28d-027874097e38,create
a33138b6-4eea-4675-941f-1071bf88b127,a33138b6-4eea-4675-941f-1071bf88b127,24UADC03,CORE-III-FOUNDATION OF ARTIFICIAL INTELLIGENCE,f959709c-a69b-4982-bf07-80c0653de222,create
a33138b6-4eea-4675-941f-1071bf88b127,a33138b6-4eea-4675-941f-1071bf88b127,24UADC04,CORE-IV-FUNDAMENTAL OF DATA SCIENCE,17f023c2-dce0-4963-8777-dba66e03633c,create
a33138b6-4eea-4675-941f-1071bf88b127,a33138b6-4eea-4675-941f-1071bf88b127,24UADC05,DATABASE DESIGN AND MANAGEMENT,fdba7798-79be-446d-a005-af938c49b4d2,create
a33138b6-4eea-4675-941f-1071bf88b127,a33138b6-4eea-4675-941f-1071bf88b127,24UADC06,ETHICS OF ARTIFICIAL INTELLIGENCE,d1ff84d9-5896-44f8-9456-aac88735640e,create
a33138b6-4eea-4675-941f-1071bf88b127,a33138b6-4eea-4675-941f-1071bf88b127,24UADC07,ROBOTIC PROCESS AUTOMATION,927b1cf3-ffcd-43aa-8ab0-f2691ecc729d,create
a33138b6-4eea-4675-941f-1071bf88b127,a33138b6-4eea-4675-941f-1071bf88b127,24UADC08,NATURAL LANGUAGE PROCESSING,317d965a-45aa-46a1-a0b6-8bf52663152a,create
a33138b6-4eea-4675-941f-1071bf88b127,a33138b6-4eea-4675-941f-1071bf88b127,24UADCDSE01,AGILE PROJECT MANAGEMENT,22120816-d31d-484e-8bfd-913bba62079f,create
a33138b6-4eea-4675-941f-1071bf88b127,a33138b6-4eea-4675-941f-1071bf88b127,24UADCDSE02,ANALYTICS FOR SERVICE INDUSTRY,a2b0be4e-ab04-48b4-8d36-e6fcaf4c6497,create
a33138b6-4eea-4675-941f-1071bf88b127,a33138b6-4eea-4675-941f-1071bf88b127,24UADCDSE03,ARTIFICIAL INTELLIGENCE,240d497c-003e-41ba-bd05-e901252aa7da,create
a33138b6-4eea-4675-941f-1071bf88b127,a33138b6-4eea-4675-941f-1071bf88b127,24UADCDSE04,ARTIFICIAL NEURAL NETWORK,81852fa2-ca43-4d80-aab5-2f1a6e35a355,create
a33138b6-4eea-4675-941f-1071bf88b127,a33138b6-4eea-4675-941f-1071bf88b127,24UADCDSE05,IMAGE PROCESSING,b8590684-ffba-432a-9d60-ef232b19d2ad,create
a33138b6-4eea-4675-941f-1071bf88b127,a33138b6-4eea-4675-941f-1071bf88b127,24UADCDSE06,BIG DATA ANALYTICS,52d938f8-8454-4496-8230-1cdec392f871,create
a33138b6-4eea-4675-941f-1071bf88b127,a33138b6-4eea-4675-941f-1071bf88b127,24UADCDSE07,ROBOTICS AND ITS APPLICATIONS,e89e0e4a-732a-4503-b885-30ab9908bc14,create
a33138b6-4eea-4675-941f-1071bf88b127,a33138b6-4eea-4675-941f-1071bf88b127,24UADCDSE08,COMPUTATIONAL INTELLIGENCE,aa18fac8-7568-47b2-9fab-82f438cab262,create
a33138b6-4eea-4675-941f-1071bf88b127,a33138b6-4eea-4675-941f-1071bf88b127,24UADCDSE09,CRYPTOGRAPHY,2b8918f1-a50e-4455-9974-262b0669923f,create
a33138b6-4eea-4675-941f-1071bf88b127,a33138b6-4eea-4675-941f-1071bf88b127,24UADCDSE10,SOFTWARE PROJECT MANAGEMENT,559d55be-91cc-41a1-9014-e3ffdf4ba0f3,create
a33138b6-4eea-4675-941f-1071bf88b127,a33138b6-4eea-4675-941f-1071bf88b127,24UADCDSE11,FUZZY LOGIC,258ed615-be1f-4f7c-924a-07f5b3a7b09a,create
a33138b6-4eea-4675-941f-1071bf88b127,a33138b6-4eea-4675-941f-1071bf88b127,24UADCDSE12,GRID COMPUTING,059c136c-f42b-4913-bde5-4f47d67a0a97,create
a33138b6-4eea-4675-941f-1071bf88b127,a33138b6-4eea-4675-941f-1071bf88b127,24UADCDSE13,HUMAN COMPUTER INTERACTION,fbf1a45b-6d63-478d-b841-9962187a79c1,create
a33138b6-4eea-4675-941f-1071bf88b127,a33138b6-4eea-4675-941f-1071bf88b127,24UADCDSE14,INTRODUCTION TO DATA SCIENCE,25b46cf5-a2c5-41dd-b0c1-f6cb0cdce7ba,create
a33138b6-4eea-4675-941f-1071bf88b127,a33138b6-4eea-4675-941f-1071bf88b127,24UADCDSE15,DATA VISUALIZATION,c635d796-c454-4cf2-bc36-6d89b23eb6ae,create
a33138b6-4eea-4675-941f-1071bf88b127,a33138b6-4eea-4675-941f-1071bf88b127,24UADCDSE16,IOT AND ITS APPLICATIONS,f757c9b6-cd1c-47a1-8739-449f29a5b189,create
a33138b6-4eea-4675-941f-1071bf88b127,a33138b6-4eea-4675-941f-1071bf88b127,24UADCDSE18,VIRTUAL REALITY AND MORE,de74b8d3-caff-40f0-aab9-8b6e12392a39,create
a33138b6-4eea-4675-941f-1071bf88b127,a33138b6-4eea-4675-941f-1071bf88b127,24UADCDSE19,INTERNET OF THINGS,3c73f986-2654-40ce-bd85-c99721107549,create
a33138b6-4eea-4675-941f-1071bf88b127,a33138b6-4eea-4675-941f-1071bf88b127,24UADCDSE20,COGNITIVE SCIENCE AND ANALYSIS,bc43524f-9e51-448a-bbf7-65e7adfeb538,create
a33138b6-4eea-4675-941f-1071bf88b127,a33138b6-4eea-4675-941f-1071bf88b127,24UADCP01,CORE PRACTICAL-I-COMPUTER PROGRAMMING LAB,b8eab4b4-71db-48cd-9dec-df72885b2192,create
a33138b6-4eea-4675-941f-1071bf88b127,a33138b6-4eea-4675-941f-1071bf88b127,24UADCP02,CORE PRACTICAL-II-PYTHON PROGRAMMING LAB,39dc0af3-afb6-40c3-b722-b4924cdddb75,create
a33138b6-4eea-4675-941f-1071bf88b127,a33138b6-4eea-4675-941f-1071bf88b127,24UADCP03,CORE PRACTICAL-III-INTERNET PROGRAMMING LAB,58845029-ae3f-40de-a886-16c813576e3b,create
a33138b6-4eea-4675-941f-1071bf88b127,a33138b6-4eea-4675-941f-1071bf88b127,24UADCP04,CORE PRACTICAL-IV-DATABASE PROGRAMMING IN LAB,2539131b-aae1-48b0-b025-df52a317a365,create
a33138b6-4eea-4675-941f-1071bf88b127,a33138b6-4eea-4675-941f-1071bf88b127,24UADCP05,DATA SCIENCE LAB,62472c05-6308-4686-b6ef-3ce949c3ef9c,create
a33138b6-4eea-4675-941f-1071bf88b127,a33138b6-4eea-4675-941f-1071bf88b127,24UADCP07,PROGRAMMING  IN UI PATH AUTOMATION LAB,4a67b4ec-b15d-410f-95ca-5fa6351cd551,create
a33138b6-4eea-4675-941f-1071bf88b127,a33138b6-4eea-4675-941f-1071bf88b127,24UADCPR1,PROJECT WITH VIVA VOCE,18542110-1f52-4bcd-9967-c515db2a9493,create
a33138b6-4eea-4675-941f-1071bf88b127,a33138b6-4eea-4675-941f-1071bf88b127,24UADS01,SEC-I-FUNDAMENTALS OF COMPUTER PROGRAMMING,323987d5-bed2-43b9-bc32-9b85123f819a,create
a33138b6-4eea-4675-941f-1071bf88b127,a33138b6-4eea-4675-941f-1071bf88b127,24UBAC01,CORE-I-PRINCIPLES OF MANAGEMENT,fd2dff00-f264-4c7a-b144-49d4c1161f89,create
a33138b6-4eea-4675-941f-1071bf88b127,a33138b6-4eea-4675-941f-1071bf88b127,24UBAC02,CORE-II-ACCOUNTING FOR MANAGERS-I,b4fce581-2b0a-4d23-b399-eaac874d287c,create
a33138b6-4eea-4675-941f-1071bf88b127,a33138b6-4eea-4675-941f-1071bf88b127,24UBAC03,CORE-III-MARKETING MANAGEMENT,23f1322d-aebc-4ac6-87a9-2c95ddc8881b,create
a33138b6-4eea-4675-941f-1071bf88b127,a33138b6-4eea-4675-941f-1071bf88b127,24UBAC04,CORE-IV-ACCOUNTING FOR MANAGERS-II,f605b156-1c33-46db-b028-140f5bc326e8,create
a33138b6-4eea-4675-941f-1071bf88b127,a33138b6-4eea-4675-941f-1071bf88b127,24UBAC05,CORE-V-ORGANIZATIONAL BEHAVIOUR,85247682-efeb-4770-b19d-db65acf443a3,create
a33138b6-4eea-4675-941f-1071bf88b127,a33138b6-4eea-4675-941f-1071bf88b127,24UBAC06,CORE-VI-FINANCIAL MANAGEMENT,bffa24c2-cd4f-440a-9c32-2bff221b0062,create
a33138b6-4eea-4675-941f-1071bf88b127,a33138b6-4eea-4675-941f-1071bf88b127,24UBAC07,CORE VII- BUSINESS ENVIRONMENT,7fb99645-bbbd-49b5-b1b9-a23b28be7ba8,create
a33138b6-4eea-4675-941f-1071bf88b127,a33138b6-4eea-4675-941f-1071bf88b127,24UBAC08,CORE VIII- BUSINESS REGULATORY FRAME WORK,39aa89c5-90d5-45a3-a7ab-cd860cd3a276,create
a33138b6-4eea-4675-941f-1071bf88b127,a33138b6-4eea-4675-941f-1071bf88b127,24UBAC09,HUMAN RESOURCE MANAGEMENT,cd813d0a-a93f-4304-87e0-7d277e77c4f4,create
a33138b6-4eea-4675-941f-1071bf88b127,a33138b6-4eea-4675-941f-1071bf88b127,24UBAC10,RESEARCH METHODOLOGY,878db879-0b30-47a2-adfc-a6431eae8b8f,create
a33138b6-4eea-4675-941f-1071bf88b127,a33138b6-4eea-4675-941f-1071bf88b127,24UBAC11,BUSINESS TAXATION,7b51095b-7eaa-48da-b34e-10bb52f23696,create
a33138b6-4eea-4675-941f-1071bf88b127,a33138b6-4eea-4675-941f-1071bf88b127,24UBAC12,MANAGEMENT INFORMATION SYSTEM ,ead23cbd-8639-4079-a974-83ddd80add9b,create
a33138b6-4eea-4675-941f-1071bf88b127,a33138b6-4eea-4675-941f-1071bf88b127,24UBAC13,ENTREPRENEURIAL DEVELOPMENT,65b6ad10-1401-425c-848d-7e2f92518358,create
a33138b6-4eea-4675-941f-1071bf88b127,a33138b6-4eea-4675-941f-1071bf88b127,24UBAC14,SERVICES MARKETING,aa368d50-f9d2-4fdd-bed4-f25835c56aee,create
a33138b6-4eea-4675-941f-1071bf88b127,a33138b6-4eea-4675-941f-1071bf88b127,24UBAC15,PRODUCTION AND MATERIALS MANAGEMENT,bf5ee62e-baaf-4159-8483-4a6d528662a6,create
a33138b6-4eea-4675-941f-1071bf88b127,a33138b6-4eea-4675-941f-1071bf88b127,24UBADE1,DISCIPLINE SPECIFIC ELECTIVE-I-BUSINESS STATISTICS,25beffcb-ff9a-4765-9892-09bc19e725af,create
a33138b6-4eea-4675-941f-1071bf88b127,a33138b6-4eea-4675-941f-1071bf88b127,24UBADE10,E-BUSINESS,83d0202c-c00e-415a-a6b3-68bbc5dcff04,create
a33138b6-4eea-4675-941f-1071bf88b127,a33138b6-4eea-4675-941f-1071bf88b127,24UBADE11,STRATEGIC MANAGEMENT,be183c60-111e-4f80-b872-9f144b630916,create
a33138b6-4eea-4675-941f-1071bf88b127,a33138b6-4eea-4675-941f-1071bf88b127,24UBADE2,DISCIPLINE SPECIFIC ELECTIVE-II- OPERATION RESEARCH,88bce8aa-7d64-483d-b348-ca66bcd6b089,create
a33138b6-4eea-4675-941f-1071bf88b127,a33138b6-4eea-4675-941f-1071bf88b127,24UBADE3,DIGITAL MARKETING,659fde31-23fe-497d-a8f2-5f1e82527727,create
a33138b6-4eea-4675-941f-1071bf88b127,a33138b6-4eea-4675-941f-1071bf88b127,24UBADE4,INDUSTRIAL RELATIONS,bd841b76-b479-4c6a-89c9-f4f14dac1ecb,create
a33138b6-4eea-4675-941f-1071bf88b127,a33138b6-4eea-4675-941f-1071bf88b127,24UBADE5,FINANCIAL SERVICES,ee11b301-e978-4dc9-a036-27ca1fe474b2,create
a33138b6-4eea-4675-941f-1071bf88b127,a33138b6-4eea-4675-941f-1071bf88b127,24UBADE6,CONSUMER BEHAVIOUR,66eb7112-50e0-4691-a268-3f54f68b4637,create
a33138b6-4eea-4675-941f-1071bf88b127,a33138b6-4eea-4675-941f-1071bf88b127,24UBADE7,INNOVATION MANAGEMENT,cc0c62df-a430-43fc-a20c-91f1ef4d764e,create
a33138b6-4eea-4675-941f-1071bf88b127,a33138b6-4eea-4675-941f-1071bf88b127,24UBADE8,SECURITY ANALYSIS & PORTFOLIO MANAGEMENT,4ecfa893-b2b1-4c96-aa20-f3d5cf9b760c,create
a33138b6-4eea-4675-941f-1071bf88b127,a33138b6-4eea-4675-941f-1071bf88b127,24UBADE9,FUNDAMENTALS OF LOGISTICS MANAGEMENT,5cf9200c-d9c3-428b-89f7-2b6008539fb4,create
a33138b6-4eea-4675-941f-1071bf88b127,a33138b6-4eea-4675-941f-1071bf88b127,24UBADSEP1,AI FOR BUSINESS MANAGEMENT AND STRATEGY,d53b858a-aff8-4016-a048-2426eeba0fd5,create
a33138b6-4eea-4675-941f-1071bf88b127,a33138b6-4eea-4675-941f-1071bf88b127,24UBANM1,NME-I-BASICS OF EVENT MANAGEMENT,cf8aa7f8-9d8a-4547-9647-371c9c3e4c8e,create
a33138b6-4eea-4675-941f-1071bf88b127,a33138b6-4eea-4675-941f-1071bf88b127,24UBANM2,NME-II-MANAGERIAL SKILL DEVELOPMENT,58951fac-84a9-4655-ac93-65607dcacde4,create
a33138b6-4eea-4675-941f-1071bf88b127,a33138b6-4eea-4675-941f-1071bf88b127,24UBAPR1,PROJECT WITH VIVA –VOCE,a7c6b1bc-bf9f-4d77-8e12-470971b319ae,create
a33138b6-4eea-4675-941f-1071bf88b127,a33138b6-4eea-4675-941f-1071bf88b127,24UBAS01,SEC-I-MANAGERIAL COMMUNICATION,4be28b25-aa1a-44c0-91a8-53c36dc04534,create
a33138b6-4eea-4675-941f-1071bf88b127,a33138b6-4eea-4675-941f-1071bf88b127,24UBAS02,SEC-II: BUSINESS ETIQUETTE AND CORPORATE GROOMING,be1a0855-2a1e-4d56-b48e-5c9d7740f09a,create
a33138b6-4eea-4675-941f-1071bf88b127,a33138b6-4eea-4675-941f-1071bf88b127,24UBAS03,SEC-IV-BUSINESS ENTREPRENEURIAL SKILL NEW VENTURE MANAGEMENT,d98822bd-9352-4a4e-bccf-0d580d1189c8,create
a33138b6-4eea-4675-941f-1071bf88b127,a33138b6-4eea-4675-941f-1071bf88b127,24UBAS04,SEC-VI-INTELLECTUAL PROPERTY RIGHTS,c697654f-afb2-4a99-b05d-2fe46e5b4be1,create
a33138b6-4eea-4675-941f-1071bf88b127,a33138b6-4eea-4675-941f-1071bf88b127,24UBASI1,SUMMER INTERNSHIP/  INDUSTRIAL TRAINING,2bd353a4-844d-4032-8a8f-29c78e8d5fe7,create
a33138b6-4eea-4675-941f-1071bf88b127,a33138b6-4eea-4675-941f-1071bf88b127,24UBASP01,SEC-III-COMPUTER APPLICATION IN BUSINESS-PRACTICAL,476814ec-3965-470f-894d-eb1c8c05c001,create
a33138b6-4eea-4675-941f-1071bf88b127,a33138b6-4eea-4675-941f-1071bf88b127,24UBASP02, SEC V- TALLY PRACTICAL,4290aeeb-e546-497b-ab2c-6abf7f35cfb5,create
a33138b6-4eea-4675-941f-1071bf88b127,a33138b6-4eea-4675-941f-1071bf88b127,24UBOGE01,GENERIC ELECTIVE-I: THALLOPHYTES: BRYOPHYTES: PTRERIDOPHYTES: GYMNOSPERMS: CELL BIOLOGY AND GENETICS,9da14eaa-fd6a-42fb-a7ac-c561f0daa273,create
a33138b6-4eea-4675-941f-1071bf88b127,a33138b6-4eea-4675-941f-1071bf88b127,24UBOGE02,"GENERIC ELECTIVE BOTANY-II, EXTERNAL MORPHOLOGY, TAXONOMY OF ANGIOSPERMS, ANATOMY, EMBRYOLOGY AND PLANT PHYSIOLOGY",120d0a66-ec45-43c3-9b89-379c2a343d20,create
a33138b6-4eea-4675-941f-1071bf88b127,a33138b6-4eea-4675-941f-1071bf88b127,24UBOGEP01,GENERIC ELECTIVE-I-BOTANY PRACTICAL,dff93388-1082-4c55-a6f0-8c50dcbad9dc,create
a33138b6-4eea-4675-941f-1071bf88b127,a33138b6-4eea-4675-941f-1071bf88b127,24UBOGEP01A,"GENERIC ELECTIVE-I, BOTANY PRACTICAL",f7289023-acde-4939-87ff-07e1cbebaab2,create
a33138b6-4eea-4675-941f-1071bf88b127,a33138b6-4eea-4675-941f-1071bf88b127,24UCAC01,CORE-I-PYTHON PROGRAMMING,7034337c-63b0-479b-9ff4-41088d329866,create
a33138b6-4eea-4675-941f-1071bf88b127,a33138b6-4eea-4675-941f-1071bf88b127,24UCAC02,CORE-II-OBJECT ORIENTED PROGRAMMING USING C++,6f1dce10-31ec-4334-9bbe-0a9dff0dd06e,create
a33138b6-4eea-4675-941f-1071bf88b127,a33138b6-4eea-4675-941f-1071bf88b127,24UCAC03,CORE-III-DATA STRUCTURES AND ALGORITHMS,8797d517-0c78-4634-8ec1-b495ef4f247d,create
a33138b6-4eea-4675-941f-1071bf88b127,a33138b6-4eea-4675-941f-1071bf88b127,24UCAC04,CORE-IV-PROGRAMMING IN JAVA,09fc1164-e356-4d76-9dac-fc157814a330,create
a33138b6-4eea-4675-941f-1071bf88b127,a33138b6-4eea-4675-941f-1071bf88b127,24UCAC05,OPERATING SYSTEM,f167ab02-70a0-4e80-beee-cbf484d03d9b,create
a33138b6-4eea-4675-941f-1071bf88b127,a33138b6-4eea-4675-941f-1071bf88b127,24UCAC06,ASP.NET PROGRAMMING,a53eea27-dcdf-4a69-8c05-ef13f5a9207e,create
a33138b6-4eea-4675-941f-1071bf88b127,a33138b6-4eea-4675-941f-1071bf88b127,24UCAC07,COMPUTER NETWORKS,bf9ef527-8fba-4767-a872-29e78ffcb4fa,create
a33138b6-4eea-4675-941f-1071bf88b127,a33138b6-4eea-4675-941f-1071bf88b127,24UCAC08,DATA ANALYTICS USING R PROGRAMMING,761f1189-55e4-4830-bf87-f061774b9c92,create
a33138b6-4eea-4675-941f-1071bf88b127,a33138b6-4eea-4675-941f-1071bf88b127,24UCACP01,CORE PRACTICAL-I-PYTHON PROGRAMMING LAB,a2a344b1-13c6-4dd0-bd5a-6c449d58618b,create
a33138b6-4eea-4675-941f-1071bf88b127,a33138b6-4eea-4675-941f-1071bf88b127,24UCACP02,CORE PRACTICAL-II- C++ PROGRAMMING LAB,48bfbfe6-1a9b-4e3c-a290-84ba0b4ed00a,create
a33138b6-4eea-4675-941f-1071bf88b127,a33138b6-4eea-4675-941f-1071bf88b127,24UCACP03,CORE PRACTICAL III-DATA STRUCTURES AND ALGORITHM USING C++  LAB,90cdb197-6aa6-46df-836f-539e920d8159,create
a33138b6-4eea-4675-941f-1071bf88b127,a33138b6-4eea-4675-941f-1071bf88b127,24UCACP04,CORE PRACTICAL-IV-PROGRAMMING IN JAVA LAB,9c6ce15a-ff2f-4f22-a690-26086dd3d260,create
a33138b6-4eea-4675-941f-1071bf88b127,a33138b6-4eea-4675-941f-1071bf88b127,24UCACP05,ASP.NET PROGRAMMING LAB,cf0e8e23-8842-4c69-a8a2-504731650294,create
a33138b6-4eea-4675-941f-1071bf88b127,a33138b6-4eea-4675-941f-1071bf88b127,24UCACP06,R PROGRAMMING LAB,131005ff-bf4b-4b19-a1dc-c1901731ffc9,create
a33138b6-4eea-4675-941f-1071bf88b127,a33138b6-4eea-4675-941f-1071bf88b127,24UCADSE01,AGILE PROJECT MANAGEMENT,ef36cb9a-211e-49be-8feb-eb439e354a87,create
a33138b6-4eea-4675-941f-1071bf88b127,a33138b6-4eea-4675-941f-1071bf88b127,24UCADSE02,ANALYTICS FOR SERVICE INDUSTRY,885f27e3-1f6d-44de-acac-f2fd83da26ee,create
a33138b6-4eea-4675-941f-1071bf88b127,a33138b6-4eea-4675-941f-1071bf88b127,24UCADSE10,SOFTWARE PROJECT MANAGEMENT,01e2084c-7878-49a9-a8cf-5cca18bf5335,create
a33138b6-4eea-4675-941f-1071bf88b127,a33138b6-4eea-4675-941f-1071bf88b127,24UCADSE11,FUZZY LOGIC,5ccd84f0-2f55-4960-b4c5-c2c072df79b7,create
a33138b6-4eea-4675-941f-1071bf88b127,a33138b6-4eea-4675-941f-1071bf88b127,24UCADSE12,GRID COMPUTING,e96ba108-cb7f-40f3-b8c0-1e2dff4e9aed,create
a33138b6-4eea-4675-941f-1071bf88b127,a33138b6-4eea-4675-941f-1071bf88b127,24UCADSE13,HUMAN COMPUTER INTERACTION,ad3f4ada-ee58-4681-804f-b6c194659ea3,create
a33138b6-4eea-4675-941f-1071bf88b127,a33138b6-4eea-4675-941f-1071bf88b127,24UCADSE14,INFORMATION SECURITY,7e6bd1b1-5659-45c9-9610-0e9b3d54df68,create
a33138b6-4eea-4675-941f-1071bf88b127,a33138b6-4eea-4675-941f-1071bf88b127,24UCADSE15,DATA BASE MANAGEMENT SYSTEM,891aea7a-c541-4ed5-a7e5-06c00dfb3e0f,create
a33138b6-4eea-4675-941f-1071bf88b127,a33138b6-4eea-4675-941f-1071bf88b127,24UCADSE16,IOT AND ITS APPLICATIONS,7da49d44-5a0e-4ce3-928a-1e7b1a486c83,create
a33138b6-4eea-4675-941f-1071bf88b127,a33138b6-4eea-4675-941f-1071bf88b127,24UCADSE17,NATURAL LANGUAGE PROCESSING,5a817219-0b78-4861-bfc5-94dcb23316ea,create
a33138b6-4eea-4675-941f-1071bf88b127,a33138b6-4eea-4675-941f-1071bf88b127,24UCADSE18,CLOUD COMPUTING,427655d9-6521-4c47-9891-6007684bf8f5,create
a33138b6-4eea-4675-941f-1071bf88b127,a33138b6-4eea-4675-941f-1071bf88b127,24UCADSE19,SOFTWARE METRICS,9cd01f6c-6c36-4a51-9e8c-00c4ad502fb9,create
a33138b6-4eea-4675-941f-1071bf88b127,a33138b6-4eea-4675-941f-1071bf88b127,24UCADSE3,ARTIFICIAL INTELLIGENCE,d6a67913-63c3-4863-8ce8-21d017c2801d,create
a33138b6-4eea-4675-941f-1071bf88b127,a33138b6-4eea-4675-941f-1071bf88b127,24UCADSE4,ARTIFICIAL NEURAL NETWORK,4d88faa4-0680-405c-9d82-9cc314ecc696,create
a33138b6-4eea-4675-941f-1071bf88b127,a33138b6-4eea-4675-941f-1071bf88b127,24UCADSE5,IMAGE PROCESSING,5ef69413-f3f8-43b7-a573-9b59afb10555,create
a33138b6-4eea-4675-941f-1071bf88b127,a33138b6-4eea-4675-941f-1071bf88b127,24UCADSE6,BIG DATA ANALYTICS,6d3704b5-7175-4be0-bea5-95c48880827a,create
a33138b6-4eea-4675-941f-1071bf88b127,a33138b6-4eea-4675-941f-1071bf88b127,24UCADSE7,MOBILE ADHOC NETWORK,4427ed84-e412-4eb4-b714-4aeb829bda1d,create
a33138b6-4eea-4675-941f-1071bf88b127,a33138b6-4eea-4675-941f-1071bf88b127,24UCADSE8,COMPUTATIONAL INTELLIGENCE,346e6803-a606-4f4c-bfa8-a21e5fe4f49d,create
a33138b6-4eea-4675-941f-1071bf88b127,a33138b6-4eea-4675-941f-1071bf88b127,24UCADSE9,CRYPTOGRAPHY,4d219a0b-d3db-409d-a932-1b2ec4600f08,create
a33138b6-4eea-4675-941f-1071bf88b127,a33138b6-4eea-4675-941f-1071bf88b127,24UCAS01,SEC-I-STRUCTURED PROGRAMMING IN C,d35947d1-8782-487d-a97d-d2599405969b,create
a33138b6-4eea-4675-941f-1071bf88b127,a33138b6-4eea-4675-941f-1071bf88b127,24UCASE010,ADVANCED EXCEL,d9df2b42-6235-47be-a0c3-3bc9041383d3,create
a33138b6-4eea-4675-941f-1071bf88b127,a33138b6-4eea-4675-941f-1071bf88b127,24UCASE011,BIOMETRICS,4574c93a-5c13-4e44-886f-50df9af269dd,create
a33138b6-4eea-4675-941f-1071bf88b127,a33138b6-4eea-4675-941f-1071bf88b127,24UCASE012,CYBER FORENSICS,740b03b5-4a7c-4ea8-8233-9e64c2aa9d9f,create
a33138b6-4eea-4675-941f-1071bf88b127,a33138b6-4eea-4675-941f-1071bf88b127,24UCASE013,PATTERN RECOGNITION,a0d289a1-2f0b-40c4-9a7a-7813ceff9d98,create
a33138b6-4eea-4675-941f-1071bf88b127,a33138b6-4eea-4675-941f-1071bf88b127,24UCASE014,ENTERPRISE RESOURCE PLANNING,b06d3ed4-cdc8-4a19-aea4-48fbaedfb466,create
a33138b6-4eea-4675-941f-1071bf88b127,a33138b6-4eea-4675-941f-1071bf88b127,24UCASE015,SIMULATION AND MODELING,0753fa19-e255-476a-847b-06d20de09146,create
a33138b6-4eea-4675-941f-1071bf88b127,a33138b6-4eea-4675-941f-1071bf88b127,24UCASE016,ORGANIZATION BEHAVIOR AND MORE,72f42145-015e-4a2c-ab07-7b90c900e65b,create
a33138b6-4eea-4675-941f-1071bf88b127,a33138b6-4eea-4675-941f-1071bf88b127,24UCASE03,WEB DESIGNING,01464747-7b20-443e-b4d8-90ce36f769b2,create
a33138b6-4eea-4675-941f-1071bf88b127,a33138b6-4eea-4675-941f-1071bf88b127,24UCASE04,PHP PROGRAMMING,1b8db705-d1fa-4c78-b8d4-4458430863b8,create
a33138b6-4eea-4675-941f-1071bf88b127,a33138b6-4eea-4675-941f-1071bf88b127,24UCASE05,SOFTWARE TESTING,49cdadfe-a71d-4358-b062-5f2b219fb12f,create
a33138b6-4eea-4675-941f-1071bf88b127,a33138b6-4eea-4675-941f-1071bf88b127,24UCASE06,UNDERSTANDING INTERNET,0251bd13-babe-4688-b7bb-1a7dc08dbfcb,create
a33138b6-4eea-4675-941f-1071bf88b127,a33138b6-4eea-4675-941f-1071bf88b127,24UCASE07,OFFICE AUTOMATION,d78a3505-1910-4c8b-a83d-0b12589a2c08,create
a33138b6-4eea-4675-941f-1071bf88b127,a33138b6-4eea-4675-941f-1071bf88b127,24UCASE08,QUANTITATIVE APTITUDE,9fa308f1-0c04-4ebe-ba80-4f40ff4388cb,create
a33138b6-4eea-4675-941f-1071bf88b127,a33138b6-4eea-4675-941f-1071bf88b127,24UCASE09,MULTIMEDIA SYSTEMS,6047ed57-baf8-41cc-8643-69c036e695db,create
a33138b6-4eea-4675-941f-1071bf88b127,a33138b6-4eea-4675-941f-1071bf88b127,24UCCC01,CORE-I: FINANCIAL ACCOUNTING - I,9a155a8c-c10e-4648-a59d-c5cbb84a339d,create
a33138b6-4eea-4675-941f-1071bf88b127,a33138b6-4eea-4675-941f-1071bf88b127,24UCCC02,CORE-II-PRINCIPLES OF MANAGEMENT,a3fe497f-68f7-4a28-a388-846084731d53,create
a33138b6-4eea-4675-941f-1071bf88b127,a33138b6-4eea-4675-941f-1071bf88b127,24UCCC03,CORE-III-FINANCIAL ACCOUNTING-II,389452f6-fd03-4d09-890d-e21d02cd6db0,create
a33138b6-4eea-4675-941f-1071bf88b127,a33138b6-4eea-4675-941f-1071bf88b127,24UCCC04,CORE-IV-BUSINESS LAW,0a71e94f-c6da-463e-a3ee-109875b13b1d,create
a33138b6-4eea-4675-941f-1071bf88b127,a33138b6-4eea-4675-941f-1071bf88b127,24UCCC05,CORE-V-CORPORATE ACCOUNTING I,3226bae2-e97f-458f-ba53-3a25ca5e350b,create
a33138b6-4eea-4675-941f-1071bf88b127,a33138b6-4eea-4675-941f-1071bf88b127,24UCCC06,CORE-VI-BUSINESS MATHEMATICS AND STATISTICS,33b6958e-5553-4b51-851d-ba40d203abea,create
a33138b6-4eea-4675-941f-1071bf88b127,a33138b6-4eea-4675-941f-1071bf88b127,24UCCC07,CORE-VII-CORPORATE ACCOUNTING II,c36b7870-aed2-458b-901a-81377c7a9557,create
a33138b6-4eea-4675-941f-1071bf88b127,a33138b6-4eea-4675-941f-1071bf88b127,24UCCC08,CORE-VIII-COMPANY LAW,7d613523-e4a0-4b7f-9d09-38f8374b7e65,create
a33138b6-4eea-4675-941f-1071bf88b127,a33138b6-4eea-4675-941f-1071bf88b127,24UCCC09,COST ACCOUNTING I,81c733ec-5514-4a27-8f09-6f22cc36fe1b,create
a33138b6-4eea-4675-941f-1071bf88b127,a33138b6-4eea-4675-941f-1071bf88b127,24UCCC10,BANKING LAW AND PRACTICE,db657036-703e-49f8-b353-b397cf685e79,create
a33138b6-4eea-4675-941f-1071bf88b127,a33138b6-4eea-4675-941f-1071bf88b127,24UCCC11,INCOME TAX LAW AND PRACTICE I,f0eb3aa7-06b3-4d2f-a199-08b49e46f30b,create
a33138b6-4eea-4675-941f-1071bf88b127,a33138b6-4eea-4675-941f-1071bf88b127,24UCCC12,AUDITING AND CORPORATE GOVERNANCE,c8e55778-1401-48bb-8ae4-5f203d5858f2,create
a33138b6-4eea-4675-941f-1071bf88b127,a33138b6-4eea-4675-941f-1071bf88b127,24UCCC13,COST ACCOUNTING II,a25e0bdd-0864-4dd9-9e22-f4dd3784099e,create
a33138b6-4eea-4675-941f-1071bf88b127,a33138b6-4eea-4675-941f-1071bf88b127,24UCCC14,MANAGEMENT ACCOUNTING,b9f2f234-d771-48a2-8aed-0ed58d474220,create
a33138b6-4eea-4675-941f-1071bf88b127,a33138b6-4eea-4675-941f-1071bf88b127,24UCCC15,INCOME TAX LAW AND PRACTICE - II,8ecddef2-2a6c-4f0d-befd-d3011254de14,create
a33138b6-4eea-4675-941f-1071bf88b127,a33138b6-4eea-4675-941f-1071bf88b127,24UCCCPR1,PROJECT WORK (GROUP),28ec7932-226b-4eb0-8c1c-16ec866975af,create
a33138b6-4eea-4675-941f-1071bf88b127,a33138b6-4eea-4675-941f-1071bf88b127,24UCCDSE1,FINANCIAL MANAGEMENT ,ff27d5ca-3f2a-4c1d-932f-1a40a9a06007,create
a33138b6-4eea-4675-941f-1071bf88b127,a33138b6-4eea-4675-941f-1071bf88b127,24UCCDSE2,INDIRECT TAXATION,643eb133-43f6-4c09-b2d7-e816754cf148,create
a33138b6-4eea-4675-941f-1071bf88b127,a33138b6-4eea-4675-941f-1071bf88b127,24UCCDSE3,ENTREPRENEURIAL DEVELOPMENT,c7d80098-1bcf-421b-bc38-ab6bdaeab65f,create
a33138b6-4eea-4675-941f-1071bf88b127,a33138b6-4eea-4675-941f-1071bf88b127,24UCCDSE4,HUMAN RESOURCE MANAGEMENT,d708a95e-cec5-4cb0-8931-dfca97b45eb8,create
a33138b6-4eea-4675-941f-1071bf88b127,a33138b6-4eea-4675-941f-1071bf88b127,24UCCDSEP1,SOFTWARE ENGINEERING AND UML LAB,3dd7071a-3998-4269-87bb-1cb606fa5be6,create
a33138b6-4eea-4675-941f-1071bf88b127,a33138b6-4eea-4675-941f-1071bf88b127,24UCCDSEP2,OBJECT ORIENTED ANALYSIS AND DESIGN AND UML LAB,fb1096c4-93d8-43bc-a89f-6863afc65d52,create
a33138b6-4eea-4675-941f-1071bf88b127,a33138b6-4eea-4675-941f-1071bf88b127,24UCCDSEP3,R LANGUAGE,bf20b0d7-42ed-4b61-ac84-4cd317660a51,create
a33138b6-4eea-4675-941f-1071bf88b127,a33138b6-4eea-4675-941f-1071bf88b127,24UCCDSEP4,PRACTICAL TALLY,f6230252-ba00-4b56-94d2-a1ea1eb13afd,create
a33138b6-4eea-4675-941f-1071bf88b127,a33138b6-4eea-4675-941f-1071bf88b127,24UCCDSEP5,ARTIFICIAL INTELLIGENCE AND EXPERT SYSTEMS,21914ff3-bfdc-4c32-8907-4d887fd3f630,create
a33138b6-4eea-4675-941f-1071bf88b127,a33138b6-4eea-4675-941f-1071bf88b127,24UCCNM1,NME-I-BUSINESS ORGANIZATION,9c6d228e-0208-4b2a-9ede-f5b85f43ce72,create
a33138b6-4eea-4675-941f-1071bf88b127,a33138b6-4eea-4675-941f-1071bf88b127,24UCCNM2,NME-II-ADVERTISING ,46baad7a-7aad-43af-9ea1-fe61d22f0172,create
a33138b6-4eea-4675-941f-1071bf88b127,a33138b6-4eea-4675-941f-1071bf88b127,24UCCPCE01,PROFESSIONAL COMPETENCY ENHANCEMENT - GENERAL AWARENESS FOR COMPETITIVE EXAMINATION,ea124a8b-f3ef-4d9b-ba6f-3f98bd113975,create
a33138b6-4eea-4675-941f-1071bf88b127,a33138b6-4eea-4675-941f-1071bf88b127,24UCCS01,SEC-I-ELEMENTS OF INDUSTRY 4.O,74983239-7595-4236-9d96-d2a1bfe3572b,create
a33138b6-4eea-4675-941f-1071bf88b127,a33138b6-4eea-4675-941f-1071bf88b127,24UCCS02,SEC-II-INDUSTRIAL LAW,fce201a2-b1d7-4fa2-a24e-04af2e7f2b3f,create
a33138b6-4eea-4675-941f-1071bf88b127,a33138b6-4eea-4675-941f-1071bf88b127,24UCCS03,SEC-III-PERSONAL SELLING,7575e27f-a67a-4475-897f-ccba670bd941,create
a33138b6-4eea-4675-941f-1071bf88b127,a33138b6-4eea-4675-941f-1071bf88b127,24UCCS04,SEC-IV-CAPITAL MARKETS,02099659-c458-48d6-a676-a9f9e7c612b1,create
a33138b6-4eea-4675-941f-1071bf88b127,a33138b6-4eea-4675-941f-1071bf88b127,24UCCS05,SEC-V-SERVICE MARKETING,068da94a-07ad-47f7-92b4-b141c19f9226,create
a33138b6-4eea-4675-941f-1071bf88b127,a33138b6-4eea-4675-941f-1071bf88b127,24UCCSP01,SEC-VI-COMMERCE PRACTICAL,4b97e2ef-8ab6-4a6a-96a3-8908cd000a77,create
a33138b6-4eea-4675-941f-1071bf88b127,a33138b6-4eea-4675-941f-1071bf88b127,24UCHC01,CORE-I-GENERAL CHEMISTRY-I,09784cfb-fa84-48ea-bb50-49e408682cc0,create
a33138b6-4eea-4675-941f-1071bf88b127,a33138b6-4eea-4675-941f-1071bf88b127,24UCHC010,PHYSICAL CHEMISTRY - II,be1376e5-308e-45f6-be81-4ebded3a5f9c,create
a33138b6-4eea-4675-941f-1071bf88b127,a33138b6-4eea-4675-941f-1071bf88b127,24UCHC02,CORE-II-GENERAL CHEMISTRY-II,f0e52eba-d595-4efb-ab3a-bdcd6ae707d1,create
a33138b6-4eea-4675-941f-1071bf88b127,a33138b6-4eea-4675-941f-1071bf88b127,24UCHC03,CORE-III-GENERAL CHEMISTRY-III,71eb299b-9f4e-42c6-ab09-568e61129143,create
a33138b6-4eea-4675-941f-1071bf88b127,a33138b6-4eea-4675-941f-1071bf88b127,24UCHC04,CORE-IV GENERAL CHEMISTRY-IV ,ff566a8a-d734-439e-b76c-595d42f84f3e,create
a33138b6-4eea-4675-941f-1071bf88b127,a33138b6-4eea-4675-941f-1071bf88b127,24UCHC05,ORGANIC CHEMISTRY-I,c42058d6-7d59-47a4-ae44-04acde1c9c76,create
a33138b6-4eea-4675-941f-1071bf88b127,a33138b6-4eea-4675-941f-1071bf88b127,24UCHC06,INORGANIC CHEMISTRY-I,809d923a-cc02-4e0e-975f-ee358f47df00,create
a33138b6-4eea-4675-941f-1071bf88b127,a33138b6-4eea-4675-941f-1071bf88b127,24UCHC07,CORE - 7 PHYSICAL CHEMISTRY - I,ee1dabee-8131-4416-ae21-3b453437ad38,create
a33138b6-4eea-4675-941f-1071bf88b127,a33138b6-4eea-4675-941f-1071bf88b127,24UCHC08,ORGANIC CHEMISTRY-II,90f301d5-4f3c-4fe9-8342-e183b30c3938,create
a33138b6-4eea-4675-941f-1071bf88b127,a33138b6-4eea-4675-941f-1071bf88b127,24UCHC09,INORGANIC CHEMISTRY-II,de5d6426-c0d5-45fb-80d1-86e524f08cf7,create
a33138b6-4eea-4675-941f-1071bf88b127,a33138b6-4eea-4675-941f-1071bf88b127,24UCHCP01,CORE PRACTICAL-I-QUALITATIVE INORGANIC ESTIMATIONS AND (TITRIMETRY) INORGANIC PREPARATION,24eb1340-b3ca-43d0-9219-70491458c194,create
a33138b6-4eea-4675-941f-1071bf88b127,a33138b6-4eea-4675-941f-1071bf88b127,24UCHCP02,CORE PRACTICAL-II-QUALITATIVE ORGANIC ANALYSIS AND PREPARATION OF ORGANIC COMPOUNDS,4df2f2c9-9176-4e17-bdbc-204e48f28909,create
a33138b6-4eea-4675-941f-1071bf88b127,a33138b6-4eea-4675-941f-1071bf88b127,24UCHCP03,CORE PRACTICAL-III-QUALITATIVE INORGANIC ANALYSIS,15c3c5b4-7032-4bf6-a519-b20d4254019b,create
a33138b6-4eea-4675-941f-1071bf88b127,a33138b6-4eea-4675-941f-1071bf88b127,24UCHCP04,CORE PRACTICAL-IV-PHYSICAL CHEMISTRY PRACTICAL-I,5f89a606-118f-492c-a1e5-85ece45dc4cc,create
a33138b6-4eea-4675-941f-1071bf88b127,a33138b6-4eea-4675-941f-1071bf88b127,24UCHCP05,PHYSICAL CHEMISTRY PRACTICAL – II,be088c0b-9f61-48df-afee-0a3fcdde2b91,create
a33138b6-4eea-4675-941f-1071bf88b127,a33138b6-4eea-4675-941f-1071bf88b127,24UCHCP06,GRAVIMETRIC ESTIMATION PRACTICAL,51a64d69-0728-468d-bb35-7219167a4d1d,create
a33138b6-4eea-4675-941f-1071bf88b127,a33138b6-4eea-4675-941f-1071bf88b127,24UCHE03,BIOCHEMISTRY,7f487216-3b42-434a-88f8-078d3a054408,create
a33138b6-4eea-4675-941f-1071bf88b127,a33138b6-4eea-4675-941f-1071bf88b127,24UCHE04,INDUSTRIAL CHEMISTRY,73530e55-e86d-4d13-b7a0-88637e860493,create
a33138b6-4eea-4675-941f-1071bf88b127,a33138b6-4eea-4675-941f-1071bf88b127,24UCHE05,FUNDAMENTALS OF SPECTROSCOPY,d4edfc20-1a68-423b-9f07-f7fcea70b5a7,create
a33138b6-4eea-4675-941f-1071bf88b127,a33138b6-4eea-4675-941f-1071bf88b127,24UCHE06,POLYMER SCIENCE,a0ba6109-a78e-4ea0-af63-387156dde812,create
a33138b6-4eea-4675-941f-1071bf88b127,a33138b6-4eea-4675-941f-1071bf88b127,24UCHGE1,CHEMISTRY FOR PHYSICAL SCIENCES - I,1cea1a6d-68a6-49c1-94a1-3b78801a1b21,create
a33138b6-4eea-4675-941f-1071bf88b127,a33138b6-4eea-4675-941f-1071bf88b127,24UCHGE2,GENERIC ELECTIVE CHEMISTRY FOR PHYSICAL SCIENCES-II,4f2ff243-fa77-4c15-9e03-5b67d0519b38,create
a33138b6-4eea-4675-941f-1071bf88b127,a33138b6-4eea-4675-941f-1071bf88b127,24UCHGE3,GENERIC ELECTIVE-III-CHEMISTRY FOR BIOLOGICAL SCIENCES-I,8b2cc301-c3ee-4622-aee9-3f23cf0fb5db,create
a33138b6-4eea-4675-941f-1071bf88b127,a33138b6-4eea-4675-941f-1071bf88b127,24UCHGE4,CHEMISTRY FOR BIOLOGICAL SCIENCES-II,38dd5311-3ef3-46bb-9ea2-d69aeeb17bdd,create
a33138b6-4eea-4675-941f-1071bf88b127,a33138b6-4eea-4675-941f-1071bf88b127,24UCHGEP01,GENERIC ELECTIVE PRACTICAL-I-CHEMISTRY PRACTICAL  FOR PHYSICAL AND BIOLOGICAL SCIENCES-I,328c5724-f4e9-422b-8182-5cd344c9578a,create
a33138b6-4eea-4675-941f-1071bf88b127,a33138b6-4eea-4675-941f-1071bf88b127,24UCHGEP02,GENERIC ELECTIVE PRACTICAL-II- CHEMISTRY PRACTICAL  FOR PHYSICAL AND BIOLOGICAL SCIENCES-II,556e7402-5ece-48ad-8c33-8f49bc1ceef8,create
a33138b6-4eea-4675-941f-1071bf88b127,a33138b6-4eea-4675-941f-1071bf88b127,24UCHNM1,NME-I-FOOD CHEMISTRY,e3d956bd-8094-42e5-a68e-dd550cb28e95,create
a33138b6-4eea-4675-941f-1071bf88b127,a33138b6-4eea-4675-941f-1071bf88b127,24UCHNM2,NME-II-DAIRY CHEMISTRY,fc1032e3-629d-4bb1-8154-cf19f638ea23,create
a33138b6-4eea-4675-941f-1071bf88b127,a33138b6-4eea-4675-941f-1071bf88b127,24UCHS01,SEC-I-FOUNDATION COURSE IN CHEMISTRY,c9583457-7032-4842-b91e-25ab4da74587,create
a33138b6-4eea-4675-941f-1071bf88b127,a33138b6-4eea-4675-941f-1071bf88b127,24UCHS02,SEC-II-COSMETICS AND PERSONAL CARE PRODUCTS,6c928d6b-801d-49bb-8abc-64ca60dac06a,create
a33138b6-4eea-4675-941f-1071bf88b127,a33138b6-4eea-4675-941f-1071bf88b127,24UCHS03,SEC-III-ENTREPRENEURIAL SKILLS IN CHEMISTRY,54ff40af-20b0-48d2-9214-f46a48c8f5cf,create
a33138b6-4eea-4675-941f-1071bf88b127,a33138b6-4eea-4675-941f-1071bf88b127,24UCHS04,SEC-IV-AGRICULTURAL CHEMISTRY,4d4eea3b-7357-4b1e-b0b0-22610c8c48c4,create
a33138b6-4eea-4675-941f-1071bf88b127,a33138b6-4eea-4675-941f-1071bf88b127,24UCHS05,SEC-V-INSTRUMENTAL METHODS OF CHEMICAL ANALYSIS,55bd7c0d-36a4-4caf-b178-6b72d4a1d041,create
a33138b6-4eea-4675-941f-1071bf88b127,a33138b6-4eea-4675-941f-1071bf88b127,24UCHS06,SEC-VI-WATER POLLUTION AND MANAGEMENT ,600cb3b2-f4ed-4261-95f6-216b000fe32f,create
a33138b6-4eea-4675-941f-1071bf88b127,a33138b6-4eea-4675-941f-1071bf88b127,24UCMC01,CORE-I-FINANCIAL ACCOUNTING-I,3acfa438-19db-449c-a9ae-5f3a9f751e7e,create
a33138b6-4eea-4675-941f-1071bf88b127,a33138b6-4eea-4675-941f-1071bf88b127,24UCMC02,CORE-II: PRINCIPLES OF MANAGEMENT ,d63c49a2-a776-425c-bdb6-4dd7f5f06de5,create
a33138b6-4eea-4675-941f-1071bf88b127,a33138b6-4eea-4675-941f-1071bf88b127,24UCMC03,CORE- III-FINANCIAL ACCOUNTING II,49f264ef-2f6f-4eb9-bd62-a7e4edaa9bad,create
a33138b6-4eea-4675-941f-1071bf88b127,a33138b6-4eea-4675-941f-1071bf88b127,24UCMC04,CORE-IV-BUSINESS LAW,3a5e47f7-bda0-4dd0-8a81-5c5bb6f81da4,create
a33138b6-4eea-4675-941f-1071bf88b127,a33138b6-4eea-4675-941f-1071bf88b127,24UCMC05,CORE-V-CORPORATE ACCOUNTING I,27215a3f-d3ec-4d3a-ba61-51bfc562a1d3,create
a33138b6-4eea-4675-941f-1071bf88b127,a33138b6-4eea-4675-941f-1071bf88b127,24UCMC06,CORE-VI-COMPANY LAW,af956e58-e250-4c1f-8a3d-680d4f762160,create
a33138b6-4eea-4675-941f-1071bf88b127,a33138b6-4eea-4675-941f-1071bf88b127,24UCMC07,CORE-VII-CORPORATE ACCOUNTING II,8e2a7e6d-42d2-43ae-9c42-a2dfdc91b192,create
a33138b6-4eea-4675-941f-1071bf88b127,a33138b6-4eea-4675-941f-1071bf88b127,24UCMC08,CORE-VIII-PRINCIPLES OF MARKETING,8567c4c2-9296-4e7c-b41a-33cb16f14b99,create
a33138b6-4eea-4675-941f-1071bf88b127,a33138b6-4eea-4675-941f-1071bf88b127,24UCMC09,COST ACCOUNTING I,c14ced4f-bb52-4a1c-bb02-a4b57fbd6173,create
a33138b6-4eea-4675-941f-1071bf88b127,a33138b6-4eea-4675-941f-1071bf88b127,24UCMC10,BANKING LAW AND PRACTICE,a90ba0a5-07d0-4857-9b28-1965c6cb7301,create
a33138b6-4eea-4675-941f-1071bf88b127,a33138b6-4eea-4675-941f-1071bf88b127,24UCMC11,INCOME TAX LAW AND PRACTICE I,00e32d08-6f46-47a2-b7b8-afee2d14d8b6,create
a33138b6-4eea-4675-941f-1071bf88b127,a33138b6-4eea-4675-941f-1071bf88b127,24UCMC13,COST ACCOUNTING II,59afbaca-536e-438c-9f70-86064233629e,create
a33138b6-4eea-4675-941f-1071bf88b127,a33138b6-4eea-4675-941f-1071bf88b127,24UCMC14,MANAGEMENT ACCOUNTING,b9e9b524-c1fd-44e1-8dfa-63d45221716d,create
a33138b6-4eea-4675-941f-1071bf88b127,a33138b6-4eea-4675-941f-1071bf88b127,24UCMC15,INCOME TAX LAW AND PRACTICE II,a1d9809a-4473-4be9-be76-6fe7bae60f70,create
a33138b6-4eea-4675-941f-1071bf88b127,a33138b6-4eea-4675-941f-1071bf88b127,24UCMCPR1,PROJECT VIVA VOCE,ea4f045b-7526-4bef-b738-ffb7ae543f1e,create
a33138b6-4eea-4675-941f-1071bf88b127,a33138b6-4eea-4675-941f-1071bf88b127,24UCMDE1,DISCIPLINE SPECIFIC ELECTIVE-I-BUSINESS COMMUNICATION,fc4978be-1569-41cb-ac76-6b498f79c5bb,create
a33138b6-4eea-4675-941f-1071bf88b127,a33138b6-4eea-4675-941f-1071bf88b127,24UCMDE10,HUMAN RESOURCE MANAGEMENT,4497ffb6-c27d-44d2-92e2-94de563dc5e0,create
a33138b6-4eea-4675-941f-1071bf88b127,a33138b6-4eea-4675-941f-1071bf88b127,24UCMDE12,ENTREPRENEURIAL DEVELOPMENT,979cceb5-8e85-4d44-a232-ad7c42c49478,create
a33138b6-4eea-4675-941f-1071bf88b127,a33138b6-4eea-4675-941f-1071bf88b127,24UCMDE13,LOGISTICS AND SUPPLY CHAIN MANAGEMENT,1e14e2b4-2322-4be2-9b3c-cde77d61d3b2,create
a33138b6-4eea-4675-941f-1071bf88b127,a33138b6-4eea-4675-941f-1071bf88b127,24UCMDE2,DISCIPLINE SPECIFIC ELECTIVE-II-BUSINESS ENVIRONMENT,8c94378a-ebec-4d25-8bfc-2907c76b5326,create
a33138b6-4eea-4675-941f-1071bf88b127,a33138b6-4eea-4675-941f-1071bf88b127,24UCMDE3,DISCIPLINE SPECIFIC ELECTIVE-II-INSURANCE AND RISK MANAGEMENT,1cbfc809-e34a-4263-b6d1-1d4a0f5fac6f,create
a33138b6-4eea-4675-941f-1071bf88b127,a33138b6-4eea-4675-941f-1071bf88b127,24UCMDE4,DISCIPLINE SPECIFIC ELECTIVE-BUSINESS LEGISLATION,1162e4e3-2b93-499c-9aed-4af7d6b0c79f,create
a33138b6-4eea-4675-941f-1071bf88b127,a33138b6-4eea-4675-941f-1071bf88b127,24UCMDE5,DISCIPLINE SPECIFIC ELECTIVE-E-COMMERCE,a27107d0-7741-4440-bb95-c3b9e259d483,create
a33138b6-4eea-4675-941f-1071bf88b127,a33138b6-4eea-4675-941f-1071bf88b127,24UCMDE6,DISCIPLINE SPECIFIC ELECTIVE-FINANCIAL SERVICES,9b7acea0-701e-4bb0-ae62-4c9f2a26558f,create
a33138b6-4eea-4675-941f-1071bf88b127,a33138b6-4eea-4675-941f-1071bf88b127,24UCMDE7,DISCIPLINE SPECIFIC ELECTIVE-CONSUMERISM & CONSUMER PROTECTION,6d5b3cc4-9c5d-4a38-a30b-a21181a5655c,create
a33138b6-4eea-4675-941f-1071bf88b127,a33138b6-4eea-4675-941f-1071bf88b127,24UCMDE9,INDIRECT TAXATION,54edfc38-6c0e-43e3-9aa8-2916f042dd24,create
a33138b6-4eea-4675-941f-1071bf88b127,a33138b6-4eea-4675-941f-1071bf88b127,24UCMNM1,NME-I-BUSINESS ORGANISATION ,1cd58a81-54d7-409d-9cdc-0a9f41c3a325,create
a33138b6-4eea-4675-941f-1071bf88b127,a33138b6-4eea-4675-941f-1071bf88b127,24UCMNM2,NME-II-ADVERTISING,38dcd2e7-2dd7-4179-b369-ec000aff0035,create
a33138b6-4eea-4675-941f-1071bf88b127,a33138b6-4eea-4675-941f-1071bf88b127,24UCMPC1,GENERAL AWARENESS FOR COMPETITITVE EXMAINATION,8894683a-6099-4855-8058-51035e4d8d8f,create
a33138b6-4eea-4675-941f-1071bf88b127,a33138b6-4eea-4675-941f-1071bf88b127,24UCMS01,SEC-I-ELEMENTS OF INDUSTRY 4.0,f7a1ab52-f314-4271-baa1-f80117b6aa45,create
a33138b6-4eea-4675-941f-1071bf88b127,a33138b6-4eea-4675-941f-1071bf88b127,24UCMS02,SEC-II-INDUSTRIAL LAW,991d1e97-72ab-4fe2-8b49-6264f3136e05,create
a33138b6-4eea-4675-941f-1071bf88b127,a33138b6-4eea-4675-941f-1071bf88b127,24UCMS04,SEC-IV-CAPTITAL MARKETS,a2a1c5b8-c0bf-404e-a993-7ab717aa2e72,create
a33138b6-4eea-4675-941f-1071bf88b127,a33138b6-4eea-4675-941f-1071bf88b127,24UCMS05,SEC-V-PROJECT METHODOLOGY,d26301c5-3664-4612-bacc-76b7b7c228eb,create
a33138b6-4eea-4675-941f-1071bf88b127,a33138b6-4eea-4675-941f-1071bf88b127,24UCMSP01,SEC-III-TALLY PRACTICAL,3a4dec61-aeff-4817-a480-864fcde8467a,create
a33138b6-4eea-4675-941f-1071bf88b127,a33138b6-4eea-4675-941f-1071bf88b127,24UCMSP02,SEC-VI-COMMERCE PRACTICAL,83e8315f-740a-452b-9a47-c012f3a5ade6,create
a33138b6-4eea-4675-941f-1071bf88b127,a33138b6-4eea-4675-941f-1071bf88b127,24UCSC01,CORE-I-PYTHON PROGRAMMING,228c7058-a157-47f3-a185-9d9985a34c41,create
a33138b6-4eea-4675-941f-1071bf88b127,a33138b6-4eea-4675-941f-1071bf88b127,24UCSC02,CORE-II-DATA STRUCTURE AND ALGORITHMS,b29ebb76-535a-444d-9ea9-f91b0afe8a19,create
a33138b6-4eea-4675-941f-1071bf88b127,a33138b6-4eea-4675-941f-1071bf88b127,24UCSC03,CORE-III-MICROPROCESSOR AND MICROCONTROLLER,380b64c3-f818-4b6d-bb3f-ee4d61ffc623,create
a33138b6-4eea-4675-941f-1071bf88b127,a33138b6-4eea-4675-941f-1071bf88b127,24UCSC04,CORE-IV-JAVA PROGRAMMING,37bbc9d0-8c0a-48a1-b452-2daf1d323829,create
a33138b6-4eea-4675-941f-1071bf88b127,a33138b6-4eea-4675-941f-1071bf88b127,24UCSC05,SOFTWARE  ENGINEERING,6160d39e-0039-4783-8669-63740ccb96ca,create
a33138b6-4eea-4675-941f-1071bf88b127,a33138b6-4eea-4675-941f-1071bf88b127,24UCSC06,DATABASE MANAGEMENT SYSTEM,f5aca724-a8b6-4414-8b87-812a27c94ea7,create
a33138b6-4eea-4675-941f-1071bf88b127,a33138b6-4eea-4675-941f-1071bf88b127,24UCSC07,COMPUTER NETWORKS,f19154fb-fc3b-4af7-8dd6-461b9c3e55f7,create
a33138b6-4eea-4675-941f-1071bf88b127,a33138b6-4eea-4675-941f-1071bf88b127,24UCSC08,.NET PROGRAMMING,435d1b10-9f5c-42df-914e-2ec9fc90d56d,create
a33138b6-4eea-4675-941f-1071bf88b127,a33138b6-4eea-4675-941f-1071bf88b127,24UCSCP01,CORE PRACTICAL-I-PYTHON PROGRAMMING LAB,ba99dc3e-0741-4ca4-aff0-f0ab586fc427,create
a33138b6-4eea-4675-941f-1071bf88b127,a33138b6-4eea-4675-941f-1071bf88b127,24UCSCP02,CORE PRACTICAL-II-DATA STRUCTURE AND ALGORITHMS LAB,6168c849-66ea-46d1-919f-56bbb5eb8272,create
a33138b6-4eea-4675-941f-1071bf88b127,a33138b6-4eea-4675-941f-1071bf88b127,24UCSCP03,CORE PRACTICAL-III-MICROPROCESSOR AND MICROCONTROLLER LAB,bc4ffd37-04eb-47a6-9880-d08c7d3642d0,create
a33138b6-4eea-4675-941f-1071bf88b127,a33138b6-4eea-4675-941f-1071bf88b127,24UCSCP04,CORE PRACTICAL-IV-JAVA PROGRAMMING LAB,64a06cc0-a812-47fb-9920-8f519c0f45a9,create
a33138b6-4eea-4675-941f-1071bf88b127,a33138b6-4eea-4675-941f-1071bf88b127,24UCSCP05,DATABASE MANAGEMENT SYSTEM LAB,612291b5-da6a-4c17-9965-c4c290556173,create
a33138b6-4eea-4675-941f-1071bf88b127,a33138b6-4eea-4675-941f-1071bf88b127,24UCSCP06,.NET PROGRAMMING LAB,0193ff8f-7f7c-4bcd-a4c6-14dadd7bc5bc,create
a33138b6-4eea-4675-941f-1071bf88b127,a33138b6-4eea-4675-941f-1071bf88b127,24UCSCPR01,PROJECT WITH VIVA- VOCE,4f2465d3-5ae7-49e7-bf50-6acebdc74bef,create
a33138b6-4eea-4675-941f-1071bf88b127,a33138b6-4eea-4675-941f-1071bf88b127,24UCSCPR1,PROJECT WITH VIVA- VOCE,c3cf009a-8dfa-4179-8f3e-5ba308729ac5,create
a33138b6-4eea-4675-941f-1071bf88b127,a33138b6-4eea-4675-941f-1071bf88b127,24UCSDSE01,AGILE PROJECT MANAGEMENT,89bfac8b-6937-449a-80e2-b75bb2dce84b,create
a33138b6-4eea-4675-941f-1071bf88b127,a33138b6-4eea-4675-941f-1071bf88b127,24UCSDSE02,ANALYTICS FOR SERVICE INDUSTRY,39447c96-05f6-43d1-859f-b477ac085f81,create
a33138b6-4eea-4675-941f-1071bf88b127,a33138b6-4eea-4675-941f-1071bf88b127,24UCSDSE03,ARTIFICIAL INTELLIGENCE,3ca031ce-ddb2-4f15-a169-43aea4588571,create
a33138b6-4eea-4675-941f-1071bf88b127,a33138b6-4eea-4675-941f-1071bf88b127,24UCSDSE04,ARTIFICIAL NEURAL NETWORK,afaf531b-ccf8-4a74-ab32-c5b0fa751e22,create
a33138b6-4eea-4675-941f-1071bf88b127,a33138b6-4eea-4675-941f-1071bf88b127,24UCSDSE05,IMAGE PROCESSINGE,8aba2385-a55c-41de-a82d-72bda43e55dd,create
a33138b6-4eea-4675-941f-1071bf88b127,a33138b6-4eea-4675-941f-1071bf88b127,24UCSDSE06,BIG DATA ANALYTICS,564a6e67-e18b-42fe-9fc6-877f0a022f36,create
a33138b6-4eea-4675-941f-1071bf88b127,a33138b6-4eea-4675-941f-1071bf88b127,24UCSDSE07,ROBOTICS AND ITS APPLICATIONS,01f40bc8-81e8-4b56-b80f-e7048e87da20,create
a33138b6-4eea-4675-941f-1071bf88b127,a33138b6-4eea-4675-941f-1071bf88b127,24UCSDSE08,COMPUTATIONAL INTELLIGENCE,84c74361-2efa-4e3b-a497-ce5aa777225c,create
a33138b6-4eea-4675-941f-1071bf88b127,a33138b6-4eea-4675-941f-1071bf88b127,24UCSDSE09,CRYPTOGRAPHY,6e7d5fbc-b3e1-4672-bc70-db43c90e1149,create
a33138b6-4eea-4675-941f-1071bf88b127,a33138b6-4eea-4675-941f-1071bf88b127,24UCSDSE10,SOFTWARE PROJECT MANAGEMENT,a864c3ca-6016-43d9-af99-331dc35c402b,create
a33138b6-4eea-4675-941f-1071bf88b127,a33138b6-4eea-4675-941f-1071bf88b127,24UCSDSE11,FUZZY LOGIC,a37cdbc2-2522-4a96-8919-1e4bc4c13ae4,create
a33138b6-4eea-4675-941f-1071bf88b127,a33138b6-4eea-4675-941f-1071bf88b127,24UCSDSE12,GRID COMPUTING,8034e03f-20e9-43e6-8e61-d43174ec49a7,create
a33138b6-4eea-4675-941f-1071bf88b127,a33138b6-4eea-4675-941f-1071bf88b127,24UCSDSE13,HUMAN COMPUTER INTERACTION,9b669c1a-f555-4590-b571-820dc56b992e,create
a33138b6-4eea-4675-941f-1071bf88b127,a33138b6-4eea-4675-941f-1071bf88b127,24UCSDSE14,INTRODUCTION TO DATA SCIENCE,75ed6b6e-1dfc-44ef-bbec-ae680aeeb799,create
a33138b6-4eea-4675-941f-1071bf88b127,a33138b6-4eea-4675-941f-1071bf88b127,24UCSDSE15,IOT AND ITS APPLICATIONS,ed1dfa74-5c0c-4582-a47d-06d901d8fcff,create
a33138b6-4eea-4675-941f-1071bf88b127,a33138b6-4eea-4675-941f-1071bf88b127,24UCSDSE16,NATURAL LANGUAGE PROCESSING,d1ce65d4-9f2b-4e4a-af91-a14d8f9f84b4,create
a33138b6-4eea-4675-941f-1071bf88b127,a33138b6-4eea-4675-941f-1071bf88b127,24UCSDSE17,CLOUD COMPUTING,f8a33926-6a39-4937-9214-3963bef3a8b5,create
a33138b6-4eea-4675-941f-1071bf88b127,a33138b6-4eea-4675-941f-1071bf88b127,24UCSDSE18,VIRTUAL REALITY AND MORE,aa5dd7ac-f932-4871-a48e-48b382efbadd,create
a33138b6-4eea-4675-941f-1071bf88b127,a33138b6-4eea-4675-941f-1071bf88b127,24UCSGE09,GENERIC ELECTIVE-IV-RELATIONAL DATABASE MANAGEMENT SYSTEM,96480cc2-68d0-4bba-b3fc-ce81ebf295ff,create
a33138b6-4eea-4675-941f-1071bf88b127,a33138b6-4eea-4675-941f-1071bf88b127,24UCSGE10,GENERIC ELECTIVE-IV-INTRODUCTION TO DATA SCIENCE,b6ce9683-8a55-47d6-8075-aa73c23bcde9,create
a33138b6-4eea-4675-941f-1071bf88b127,a33138b6-4eea-4675-941f-1071bf88b127,24UCSGEP03,GENERIC ELECTIVE-I-PROGRAMMING C AND LAB,70ddeeb6-f48b-4b19-bb04-5e8ba994f304,create
a33138b6-4eea-4675-941f-1071bf88b127,a33138b6-4eea-4675-941f-1071bf88b127,24UCSGEP04,GENERIC ELECTIVE-I-PYTHON PROGRAMMING AND LAB,f8be96c7-cecb-454d-b3ee-00ff7f3edc6e,create
a33138b6-4eea-4675-941f-1071bf88b127,a33138b6-4eea-4675-941f-1071bf88b127,24UCSGEP05,GENERIC ELECTIVE-II-OFFICE AUTOMATION LAB,a7e07166-f01c-4abe-94f5-11e40a921cb8,create
a33138b6-4eea-4675-941f-1071bf88b127,a33138b6-4eea-4675-941f-1071bf88b127,24UCSGEP06,GENERIC ELECTIVE-II-PROGRAMMING IN C++ AND LAB,c72e1b79-c9ff-4dd5-8f88-21051b986852,create
a33138b6-4eea-4675-941f-1071bf88b127,a33138b6-4eea-4675-941f-1071bf88b127,24UCSGEP07,GENERIC ELECTIVE-III-PROGRAMMING IN JAVA AND LAB,cc895645-16a5-49fb-be38-3a7e3dd540ee,create
a33138b6-4eea-4675-941f-1071bf88b127,a33138b6-4eea-4675-941f-1071bf88b127,24UCSGEP08,GENERIC ELECTIVE-III-WEB TECHNOLOGY(PHP) AND LAB ,8607279f-a0f7-4c00-99b8-c681159afc4a,create
a33138b6-4eea-4675-941f-1071bf88b127,a33138b6-4eea-4675-941f-1071bf88b127,24UCSIN01,SUMMER INTERNSHIP /INDUSTRIAL TRAINING,54506042-77ce-4c04-98f0-f18ab244b433,create
a33138b6-4eea-4675-941f-1071bf88b127,a33138b6-4eea-4675-941f-1071bf88b127,24UCSNM1,NME-I-FUNDAMENTALS OF INFORMATION TECHNOLOGY,ade756a3-7618-4a92-ae24-b2f6af7ab0eb,create
a33138b6-4eea-4675-941f-1071bf88b127,a33138b6-4eea-4675-941f-1071bf88b127,24UCSNM2,NME-II-ADVANCED EXCEL,c94368d3-ff97-473e-af6a-661e48703fb4,create
a33138b6-4eea-4675-941f-1071bf88b127,a33138b6-4eea-4675-941f-1071bf88b127,24UCSS01,SEC-I-PROBLEM SOLVING TECHNIQUES,ee09ee15-9489-4998-8d2e-dc3ef437dd91,create
a33138b6-4eea-4675-941f-1071bf88b127,a33138b6-4eea-4675-941f-1071bf88b127,24UCSS02,SEC-II-INTRODUCTION TO HTML,1074c04c-1de9-4530-9439-77eaef8579d0,create
a33138b6-4eea-4675-941f-1071bf88b127,a33138b6-4eea-4675-941f-1071bf88b127,24UCSS03,SEC-III-WEB DESIGNING,ded4c17f-8fee-45ec-ab84-5131e40500d5,create
a33138b6-4eea-4675-941f-1071bf88b127,a33138b6-4eea-4675-941f-1071bf88b127,24UCSS04,SEC-IV-ADVANCED EXCEL,ea7a1ed1-7991-4ec4-b7f2-79f8ed1d2b95,create
a33138b6-4eea-4675-941f-1071bf88b127,a33138b6-4eea-4675-941f-1071bf88b127,24UCSS05,SEC-V-PHP PROGRAMMING,c13553c8-5d9b-4768-adef-392d6ca519fa,create
a33138b6-4eea-4675-941f-1071bf88b127,a33138b6-4eea-4675-941f-1071bf88b127,24UCSS06,SEC-VI-MULTIMEDIA SYSTEMS,5dc8e0fd-59da-4ec7-be99-7466bf917996,create
a33138b6-4eea-4675-941f-1071bf88b127,a33138b6-4eea-4675-941f-1071bf88b127,24UCSS07,FUNDAMENTALS OF NFORAMATION TECHNOLOGY,64c5b058-0397-43ea-b905-e2e933c55d31,create
a33138b6-4eea-4675-941f-1071bf88b127,a33138b6-4eea-4675-941f-1071bf88b127,24UCSS08,SOFTWARE TESTING,d456a9d9-1f44-4b4b-ab44-4801e54b4e2c,create
a33138b6-4eea-4675-941f-1071bf88b127,a33138b6-4eea-4675-941f-1071bf88b127,24UCSS09,UNDERSTANDING INTERNET,02c5c134-1f9c-43be-a9a7-b485da8a8825,create
a33138b6-4eea-4675-941f-1071bf88b127,a33138b6-4eea-4675-941f-1071bf88b127,24UCSS10,OFFICE AUTOMATION,993c33a8-db8a-4de0-bb3c-05fb48e0139f,create
a33138b6-4eea-4675-941f-1071bf88b127,a33138b6-4eea-4675-941f-1071bf88b127,24UCSS11,QUANTITATIVE APTITUDE,6f33dc35-1690-4ea0-b2de-aa5ba5ca59d9,create
a33138b6-4eea-4675-941f-1071bf88b127,a33138b6-4eea-4675-941f-1071bf88b127,24UCSS12,BIOMETRICS,951069b7-68ca-4c12-bca5-665f081e0f71,create
a33138b6-4eea-4675-941f-1071bf88b127,a33138b6-4eea-4675-941f-1071bf88b127,24UCSS13,PATTERN RECOGNITION,ef719b20-84f4-4e06-9d93-1a6171a5747f,create
a33138b6-4eea-4675-941f-1071bf88b127,a33138b6-4eea-4675-941f-1071bf88b127,24UCSS14,ENTERPRISE RESOURCE PLANNING,212555e3-919f-4801-ae2a-a5181bfe6fb2,create
a33138b6-4eea-4675-941f-1071bf88b127,a33138b6-4eea-4675-941f-1071bf88b127,24UCSS15,SIMULATION AND MODELING,9575178b-a2f8-4f00-b9d7-b91f7cbb2a28,create
a33138b6-4eea-4675-941f-1071bf88b127,a33138b6-4eea-4675-941f-1071bf88b127,24UCSS16,ORGANIZATIONAL BEHAVIOR,7762889d-30e5-43ac-b2fd-49bf690bac78,create
a33138b6-4eea-4675-941f-1071bf88b127,a33138b6-4eea-4675-941f-1071bf88b127,24UCSS17,SOCIAL MEDIA & SECURITY,bb485733-1f77-4a2f-9fe6-3417ef29f45e,create
a33138b6-4eea-4675-941f-1071bf88b127,a33138b6-4eea-4675-941f-1071bf88b127,24UCSSE01,FUNDAMENTALS OF INFORMATION TECHNOLOGY,8ae5f7df-43ea-4698-b6f6-029cde354741,create
a33138b6-4eea-4675-941f-1071bf88b127,a33138b6-4eea-4675-941f-1071bf88b127,24UCSSE02,INTRODUCTION TO HTML,7d6c328e-b7e4-448b-8935-154cb6add672,create
a33138b6-4eea-4675-941f-1071bf88b127,a33138b6-4eea-4675-941f-1071bf88b127,24UCSSE07,FUNDAMENTALS OF INFORMATION TECHNOLOGY,1f078745-1558-4ce3-b933-5101e87a5700,create
a33138b6-4eea-4675-941f-1071bf88b127,a33138b6-4eea-4675-941f-1071bf88b127,24UCSSE08,SOFTWARE TESTING,95a146f4-db33-43d6-a480-1ad9a6f4e4ab,create
a33138b6-4eea-4675-941f-1071bf88b127,a33138b6-4eea-4675-941f-1071bf88b127,24UCSSE09,UNDERSTANDING INTERNET,5f2c2f45-f2d5-45f8-b3a9-dc0669aae6f5,create
a33138b6-4eea-4675-941f-1071bf88b127,a33138b6-4eea-4675-941f-1071bf88b127,24UCSSE10,OFFICE AUTOMATION,70a74ef7-e919-4276-ade8-46a89f595df3,create
a33138b6-4eea-4675-941f-1071bf88b127,a33138b6-4eea-4675-941f-1071bf88b127,24UCSSE11,QUANTITATIVE APTITUDE,0664aabb-7efb-4dac-92b3-ce2e31a36d44,create
a33138b6-4eea-4675-941f-1071bf88b127,a33138b6-4eea-4675-941f-1071bf88b127,24UCSSE12,BIOMETRICS,e90e6de1-a98a-4077-aa2a-2b3c77fbc1a5,create
a33138b6-4eea-4675-941f-1071bf88b127,a33138b6-4eea-4675-941f-1071bf88b127,24UCSSE13,PATTERN RECOGNITION,fb007aef-71db-4fb6-9cbe-18cd053eaf80,create
a33138b6-4eea-4675-941f-1071bf88b127,a33138b6-4eea-4675-941f-1071bf88b127,24UCSSE14,ENTERPRISE RESOURCE PLANNING,63419fb1-4ccd-48c6-b6f6-5551ba9744a0,create
a33138b6-4eea-4675-941f-1071bf88b127,a33138b6-4eea-4675-941f-1071bf88b127,24UCSSE15,SIMULATION AND MODELING,ce9f446c-1673-44e8-a8c6-28e6140e3bf3,create
a33138b6-4eea-4675-941f-1071bf88b127,a33138b6-4eea-4675-941f-1071bf88b127,24UCSSE16,CYBER FORENSICS,53abbf53-9d4e-4791-ae1b-402a0e5eba48,create
a33138b6-4eea-4675-941f-1071bf88b127,a33138b6-4eea-4675-941f-1071bf88b127,24UCSSE17,ORGANIZATION BEHAVIOR AND MORE,c40f4353-de73-4019-aba9-3c7c45ec0391,create
a33138b6-4eea-4675-941f-1071bf88b127,a33138b6-4eea-4675-941f-1071bf88b127,24UCSSE18,PROBLEM SOLVING TECHNIQUES,ef19eedc-4909-4e5f-bd16-3bf513331baf,create
a33138b6-4eea-4675-941f-1071bf88b127,a33138b6-4eea-4675-941f-1071bf88b127,24UCSSE19,OPEN SOURCE SOFTWARE TECHNOLOGIES,2de50f10-1fe2-4cdf-ab9c-f63dfc5c2905,create
a33138b6-4eea-4675-941f-1071bf88b127,a33138b6-4eea-4675-941f-1071bf88b127,24UCSSE20,ROBOTICS AND APPLICATIONS,b411fc9c-14e6-41cc-b930-48eea5f4ad48,create
a33138b6-4eea-4675-941f-1071bf88b127,a33138b6-4eea-4675-941f-1071bf88b127,24UCYC01,CORE-I-PROGRAMMING IN C,08333267-2170-43af-86bf-3c8e6c7d95ee,create
a33138b6-4eea-4675-941f-1071bf88b127,a33138b6-4eea-4675-941f-1071bf88b127,24UCYC02,CORE-II-DATA STRUCTURES AND ALGORITHMS,cdda5d5b-bd1a-4245-811f-a697594ac577,create
a33138b6-4eea-4675-941f-1071bf88b127,a33138b6-4eea-4675-941f-1071bf88b127,24UCYC03,CORE-III-OBJECT ORIENTED PROGRAMMING WITH JAVA,ce9ac3cc-8eb4-421f-b676-563ec15b26c3,create
a33138b6-4eea-4675-941f-1071bf88b127,a33138b6-4eea-4675-941f-1071bf88b127,24UCYC04,CORE-IV-TOOLS AND TECHNIQUES FOR CYBER SECURITY,a1533c31-8b45-47c6-95d8-1860ea75309e,create
a33138b6-4eea-4675-941f-1071bf88b127,a33138b6-4eea-4675-941f-1071bf88b127,24UCYC05,RELATIONAL DATABASE MANAGEMENT SYSTEM,c1375b35-541e-4983-9480-c0101d7fe3fb,create
a33138b6-4eea-4675-941f-1071bf88b127,a33138b6-4eea-4675-941f-1071bf88b127,24UCYC06,ESSENTIALS OF CYBER SECURITY,b907dfe7-9310-41ca-9e60-9c788a7ae6bb,create
a33138b6-4eea-4675-941f-1071bf88b127,a33138b6-4eea-4675-941f-1071bf88b127,24UCYC07,ETHICAL HACKING AND CYBER SECURITY,2f665038-b425-4925-91b6-cc13fddb3889,create
a33138b6-4eea-4675-941f-1071bf88b127,a33138b6-4eea-4675-941f-1071bf88b127,24UCYC08,NETWORK SECURITY,59a2ea57-387a-491b-9f18-80ef24fde574,create
a33138b6-4eea-4675-941f-1071bf88b127,a33138b6-4eea-4675-941f-1071bf88b127,24UCYCDSE01,E-COMMERCE&DIGITAL PAYMENT,ddcae95b-effc-4285-b2c3-176143a1793c,create
a33138b6-4eea-4675-941f-1071bf88b127,a33138b6-4eea-4675-941f-1071bf88b127,24UCYCDSE02,WEB TECHNOLOGY,92b95db3-e2a1-4d55-a84d-d70cbaecfb08,create
a33138b6-4eea-4675-941f-1071bf88b127,a33138b6-4eea-4675-941f-1071bf88b127,24UCYCDSE03,OPERATING SYSTEM,097d2435-501e-4eb1-a17c-e8219ee47788,create
a33138b6-4eea-4675-941f-1071bf88b127,a33138b6-4eea-4675-941f-1071bf88b127,24UCYCDSE04,DATA COMMUNICATION AND COMPUTER NETWORKS,34d73a6a-ee88-4a91-bf41-6e01b3ecfa8e,create
a33138b6-4eea-4675-941f-1071bf88b127,a33138b6-4eea-4675-941f-1071bf88b127,24UCYCDSE05,COMPUTING INTELLIGENCE,bf000632-ce1e-42d4-bfc8-6f9a3fa6d7e8,create
a33138b6-4eea-4675-941f-1071bf88b127,a33138b6-4eea-4675-941f-1071bf88b127,24UCYCDSE06,CRYPTOGRAPHY,3938c9be-06ea-4ea2-a445-fad89049f718,create
a33138b6-4eea-4675-941f-1071bf88b127,a33138b6-4eea-4675-941f-1071bf88b127,24UCYCDSE07,GRID COMPUTING,4a7edcca-6f71-40d0-9702-961c942a46f0,create
a33138b6-4eea-4675-941f-1071bf88b127,a33138b6-4eea-4675-941f-1071bf88b127,24UCYCDSE08,CYBER CRIME & LAW,c04e144f-e898-41d4-a1ad-cae964afed84,create
a33138b6-4eea-4675-941f-1071bf88b127,a33138b6-4eea-4675-941f-1071bf88b127,24UCYCDSE09,INFORMATION SECURITY,b0e341aa-0309-4e9c-b4bf-287bab2148c7,create
a33138b6-4eea-4675-941f-1071bf88b127,a33138b6-4eea-4675-941f-1071bf88b127,24UCYCDSE10,DIGITAL FORENSICS,a8a46e9d-4d0d-416e-835f-b3f3bc000c7a,create
a33138b6-4eea-4675-941f-1071bf88b127,a33138b6-4eea-4675-941f-1071bf88b127,24UCYCDSE11,WIRELESS NETWORKS,193dcbae-812d-4672-b8f0-1d5b4b3d86b7,create
a33138b6-4eea-4675-941f-1071bf88b127,a33138b6-4eea-4675-941f-1071bf88b127,24UCYCDSE12,MOBILE COMPUTING,9574f161-554b-45c6-8d7c-47726f1ebc1e,create
a33138b6-4eea-4675-941f-1071bf88b127,a33138b6-4eea-4675-941f-1071bf88b127,24UCYCP01,CORE PRACTICAL-I-PROGRAMMING IN C LAB,e268be01-bdb2-42ad-8a84-5057698ab1a4,create
a33138b6-4eea-4675-941f-1071bf88b127,a33138b6-4eea-4675-941f-1071bf88b127,24UCYCP02,CORE PRACTICAL-II-DATA STRUCTURES AND ALGORITHMS LAB,7510105d-57f5-4287-9bc0-51d044bcd7c2,create
a33138b6-4eea-4675-941f-1071bf88b127,a33138b6-4eea-4675-941f-1071bf88b127,24UCYCP03,CORE PRACTICAL-III-OBJECT ORIENTED PROGRAMMING WITH JAVA LAB,33342663-b04a-49a0-aa08-760a43e490ff,create
a33138b6-4eea-4675-941f-1071bf88b127,a33138b6-4eea-4675-941f-1071bf88b127,24UCYCP04,CORE PRACTICAL-IV-CYBER SECURITY LAB,a922cd7c-bcb6-4a6b-89c3-ed1d32ba1cac,create
a33138b6-4eea-4675-941f-1071bf88b127,a33138b6-4eea-4675-941f-1071bf88b127,24UCYCP05,RDBMS USING ORACLE LAB,9bf246f7-5cbb-49b0-970a-9268df3e2974,create
a33138b6-4eea-4675-941f-1071bf88b127,a33138b6-4eea-4675-941f-1071bf88b127,24UCYCP07,ETHICAL HACKING LAB,fbb8b96b-a83c-46df-84e8-7c04d16e52d7,create
a33138b6-4eea-4675-941f-1071bf88b127,a33138b6-4eea-4675-941f-1071bf88b127,24UCYCPR1,PROJECT WITH VIVA VOCE,be78315d-a67b-48ab-9537-35b5a2161c8a,create
a33138b6-4eea-4675-941f-1071bf88b127,a33138b6-4eea-4675-941f-1071bf88b127,24UECGE1,GENERIC ELECTIVE-I-INDIAN ECONOMIC DEVELOPMENT,54fcf9c2-1958-49e6-8a9f-dca70ff3f877,create
a33138b6-4eea-4675-941f-1071bf88b127,a33138b6-4eea-4675-941f-1071bf88b127,24UECGE2,GENERIC ELECTIVE-I-BUSINESS ECONOMICS,78243df0-c03f-40fc-95ec-dffa1b7853b8,create
a33138b6-4eea-4675-941f-1071bf88b127,a33138b6-4eea-4675-941f-1071bf88b127,24UECGE3,GENERIC ELECTIVE-I-MANAGERIAL ECONOMICS,19cf5dfb-9b0a-46b6-8fa8-3bf92d11d7ca,create
a33138b6-4eea-4675-941f-1071bf88b127,a33138b6-4eea-4675-941f-1071bf88b127,24UECGE4,GENERIC ELECTIVE-II-INTERNATIONAL TRADE,96c1a699-1b14-4594-9c1a-e6279a36c899,create
a33138b6-4eea-4675-941f-1071bf88b127,a33138b6-4eea-4675-941f-1071bf88b127,24UECGE5,GENERIC ELECTIVE-II-INTERNATIONAL BUSINESS,2fca4917-4de1-4123-b1a1-ca94acab8a34,create
a33138b6-4eea-4675-941f-1071bf88b127,a33138b6-4eea-4675-941f-1071bf88b127,24UECGE6,GENERIC ELECTIVE-III-INDIAN ECONOMY PROBLEMS AND POLICIES-I,e3e6d0b0-fb1f-4ee8-8fd2-cd98950b6d0d,create
a33138b6-4eea-4675-941f-1071bf88b127,a33138b6-4eea-4675-941f-1071bf88b127,24UECGE7,GENERIC ELECTIVE-IV-INDIAN ECONOMY PROBLEMS AND POLICIES-II,856c094f-df1f-49f5-b55f-2254c44af429,create
a33138b6-4eea-4675-941f-1071bf88b127,a33138b6-4eea-4675-941f-1071bf88b127,24UENC01,CORE-I-INTRODUCTION TO LITERATURE,a08ff18c-5e80-4263-baa7-56370ad39f5c,create
a33138b6-4eea-4675-941f-1071bf88b127,a33138b6-4eea-4675-941f-1071bf88b127,24UENC02,CORE-II-INDIAN WRITING IN ENGLISH,0c2a4a3d-1d46-459b-a565-9fe3ffe31d83,create
a33138b6-4eea-4675-941f-1071bf88b127,a33138b6-4eea-4675-941f-1071bf88b127,24UENC03,CORE-III-BRITISH LITERATURE-I,b67afc9d-0433-429b-8ba2-89da7b127cb9,create
a33138b6-4eea-4675-941f-1071bf88b127,a33138b6-4eea-4675-941f-1071bf88b127,24UENC04,CORE-IV-AMERICAN LITERATURE,a3ab56d8-ffaa-44ad-abe2-efdf73ee6f7b,create
a33138b6-4eea-4675-941f-1071bf88b127,a33138b6-4eea-4675-941f-1071bf88b127,24UENC05,CORE-V-BRITISH LITERATURE-II,3aa1461c-4560-4e41-9ad1-9c9cad30e7f5,create
a33138b6-4eea-4675-941f-1071bf88b127,a33138b6-4eea-4675-941f-1071bf88b127,24UENC06,CORE-VI-CHILDREN’S LITERATURE,7685839d-9d7a-40d1-8cf8-a81c24cd47b5,create
a33138b6-4eea-4675-941f-1071bf88b127,a33138b6-4eea-4675-941f-1071bf88b127,24UENC07,CORE-VII-WORLD LITERATURE IN TRANSLATION,df33107e-2388-4bdf-8020-70729f27d7e2,create
a33138b6-4eea-4675-941f-1071bf88b127,a33138b6-4eea-4675-941f-1071bf88b127,24UENC08,CORE-VIII-LANGUAGE AND LINGUISTICS,6657ff03-569f-4afb-b145-e9a83f55615f,create
a33138b6-4eea-4675-941f-1071bf88b127,a33138b6-4eea-4675-941f-1071bf88b127,24UENC09,WOMEN’S WRITING,4e4bcc36-bad0-415c-9371-74bbd22f2da6,create
a33138b6-4eea-4675-941f-1071bf88b127,a33138b6-4eea-4675-941f-1071bf88b127,24UENC10,INTRODUCTION TO FOLK  LITERATURE,c3b3c21e-102c-465f-bdbc-3725c2497a8e,create
a33138b6-4eea-4675-941f-1071bf88b127,a33138b6-4eea-4675-941f-1071bf88b127,24UENC11,INDIAN WRITING IN TRANSLATION,4b2211ad-39ba-42d0-be00-99a9634f44a4,create
a33138b6-4eea-4675-941f-1071bf88b127,a33138b6-4eea-4675-941f-1071bf88b127,24UENC12,MYTH AND LITERATURE,ae2a29f9-baad-4086-8e2d-a4ce7b38953b,create
a33138b6-4eea-4675-941f-1071bf88b127,a33138b6-4eea-4675-941f-1071bf88b127,24UENC13,LITERARY CRITICISM,b2b4fbe2-342f-4ba8-9325-ea5966aa2110,create
a33138b6-4eea-4675-941f-1071bf88b127,a33138b6-4eea-4675-941f-1071bf88b127,24UENC14,NEW LITERATURES IN  ENGLISH,8630785c-72a6-4718-8f1f-945330e01ecd,create
a33138b6-4eea-4675-941f-1071bf88b127,a33138b6-4eea-4675-941f-1071bf88b127,24UENC15,SHAKESPEARE,5f35acbd-5f0f-4bdb-99e5-5b9a43ecbb54,create
a33138b6-4eea-4675-941f-1071bf88b127,a33138b6-4eea-4675-941f-1071bf88b127,24UENCN01,SUMMER INTERNSHIP/ INDUSTRIAL TRAINING,0c0e3b07-604f-4363-ac1e-dabeadce806d,create
a33138b6-4eea-4675-941f-1071bf88b127,a33138b6-4eea-4675-941f-1071bf88b127,24UENDE1,DISCIPLINE SPECIFIC ELECTIVE-I-SOCIAL HISTORY OF ENGLAND-I,fe9c7038-dd26-48b1-b0cc-ffdb336dd1af,create
a33138b6-4eea-4675-941f-1071bf88b127,a33138b6-4eea-4675-941f-1071bf88b127,24UENDE2,DISCIPLINE SPECIFIC ELECTIVE-II-SOCIAL HISTORY OF ENGLAND-II,69d2a7ad-42d6-4ea4-8825-33d485453312,create
a33138b6-4eea-4675-941f-1071bf88b127,a33138b6-4eea-4675-941f-1071bf88b127,24UENDE3,DISCIPLINE SPECIFIC ELECTIVE-III-HISTORY OF ENGLISH LITERATURE-I,dc43a249-de42-4851-984e-c94ce858bd1b,create
a33138b6-4eea-4675-941f-1071bf88b127,a33138b6-4eea-4675-941f-1071bf88b127,24UENDE4,DSE-IV-HISTORY OF ENGLISH LITERATURE-II,38e6640e-8e71-4634-8b57-145faa744601,create
a33138b6-4eea-4675-941f-1071bf88b127,a33138b6-4eea-4675-941f-1071bf88b127,24UENDE5,ELECTIVE- LITERARY FORMS,6347aec5-c4a7-4a10-9b63-2193d04b0e04,create
a33138b6-4eea-4675-941f-1071bf88b127,a33138b6-4eea-4675-941f-1071bf88b127,24UENDE6,ELECTIVE- LITERATURE AND ENVIRONMENT,7c5043ff-d99c-4fbc-801e-69e96d8f0498,create
a33138b6-4eea-4675-941f-1071bf88b127,a33138b6-4eea-4675-941f-1071bf88b127,24UENDE7,ELECTIVE- ENGLISH LANGUAGE TEACHING,3795abb4-3d11-4c1e-9792-a664c0852ca8,create
a33138b6-4eea-4675-941f-1071bf88b127,a33138b6-4eea-4675-941f-1071bf88b127,24UENDE8,ELECTIVE- JOURNALISM  AND MASS COMMUNICATION,2520d5fd-eb38-4230-9a0a-99f47807ccff,create
a33138b6-4eea-4675-941f-1071bf88b127,a33138b6-4eea-4675-941f-1071bf88b127,24UENNM1,NME-I-ENGLISH AND COMMUNICATION,68e062e7-d7f0-4f49-bd5a-683d8534ea35,create
a33138b6-4eea-4675-941f-1071bf88b127,a33138b6-4eea-4675-941f-1071bf88b127,24UENNM2,NME-II-FILM STUDIES,558bb99c-4fc7-49e6-bf7f-987b4af538ef,create
a33138b6-4eea-4675-941f-1071bf88b127,a33138b6-4eea-4675-941f-1071bf88b127,24UENPC1,PROFESSIONAL COMPETENCY SKILL/ ENGLISH FOR COMPETITIVE EXAMINATIONS,c7a92fba-d318-4c1f-87d2-99ba721be018,create
a33138b6-4eea-4675-941f-1071bf88b127,a33138b6-4eea-4675-941f-1071bf88b127,24UENS01,SEC-I-BRIDGE COURSE-FUNCTIONAL ENGLISH,8bc35091-2038-4091-8be0-4a5f6263465b,create
a33138b6-4eea-4675-941f-1071bf88b127,a33138b6-4eea-4675-941f-1071bf88b127,24UENS02,SEC-II-DIGITAL LITERACY AND CONCEPTS,3d508299-8329-4ae6-a41b-3d9d1beb7a72,create
a33138b6-4eea-4675-941f-1071bf88b127,a33138b6-4eea-4675-941f-1071bf88b127,24UENS03,SEC-III-ENTREPRENEURIAL SKILLS,e01b2393-d66e-4427-8fc6-edde8fe4a6ab,create
a33138b6-4eea-4675-941f-1071bf88b127,a33138b6-4eea-4675-941f-1071bf88b127,24UENS04,SEC-IV-PERSONALITY DEVELOPMENT,eb6532e1-125d-4974-8b56-c1708bedfb81,create
a33138b6-4eea-4675-941f-1071bf88b127,a33138b6-4eea-4675-941f-1071bf88b127,24UENS05,SEC-V-INTERVIEW SKILLS,cbc427b9-9dec-4b2d-954d-e1f0de031ec5,create
a33138b6-4eea-4675-941f-1071bf88b127,a33138b6-4eea-4675-941f-1071bf88b127,24UENS06,SEC-VI-CREATIVE WRITING,bcd3e9d3-87f6-449d-aada-de8c914d9888,create
a33138b6-4eea-4675-941f-1071bf88b127,a33138b6-4eea-4675-941f-1071bf88b127,24UEVS01,ENVIRONMENTAL STUDIES,1b281ed3-970d-40ad-a858-c765b3ba8680,create
a33138b6-4eea-4675-941f-1071bf88b127,a33138b6-4eea-4675-941f-1071bf88b127,24UEVS01A,ENVIRONMENTAL STUDIES,7c8c9bad-22c0-4bad-aada-25af70dd26bf,create
a33138b6-4eea-4675-941f-1071bf88b127,a33138b6-4eea-4675-941f-1071bf88b127,24UEXA01,EXTENSION ACTIVITY,3f6cff62-761d-49e5-9c87-70b7d5f76ded,create
a33138b6-4eea-4675-941f-1071bf88b127,a33138b6-4eea-4675-941f-1071bf88b127,24UGEGE1,GENERIC ELECTIVE-I-GEOGRAPHY OF INDIA,86f4b593-ca00-4ed2-8c60-9b849cfed2a6,create
a33138b6-4eea-4675-941f-1071bf88b127,a33138b6-4eea-4675-941f-1071bf88b127,24UGEGE2,GENERIC ELECTIVE-II-GEOGRAPHY OF TAMIL NADU,b3fb9c68-5ede-40ba-92a2-3407a86497fe,create
a33138b6-4eea-4675-941f-1071bf88b127,a33138b6-4eea-4675-941f-1071bf88b127,24UGEN01,GENERAL ENGLISH-I,96a2c1dc-91fc-4022-b178-a92c372846c8,create
a33138b6-4eea-4675-941f-1071bf88b127,a33138b6-4eea-4675-941f-1071bf88b127,24UGEN02,GENERAL ENGLISH-II,8b65e987-6864-4ca5-b9b2-157aa27c206d,create
a33138b6-4eea-4675-941f-1071bf88b127,a33138b6-4eea-4675-941f-1071bf88b127,24UGEN03,GENERAL ENGLISH-III,5a3c670e-72cc-4bc5-85fe-2ae938405db9,create
a33138b6-4eea-4675-941f-1071bf88b127,a33138b6-4eea-4675-941f-1071bf88b127,24UGEN04,GENERAL ENGLISH-IV,bb293bdb-c6aa-4c80-bcba-03bfca4b81f1,create
a33138b6-4eea-4675-941f-1071bf88b127,a33138b6-4eea-4675-941f-1071bf88b127,24UGTA01,GENERAL TAMIL-I,c80866bc-53fb-4ff3-a780-aa7822b8855b,create
a33138b6-4eea-4675-941f-1071bf88b127,a33138b6-4eea-4675-941f-1071bf88b127,24UGTA014,GENERAL TAMIL-I,cfdd191b-6bdb-43dc-b591-ca3c735ecdf5,create
a33138b6-4eea-4675-941f-1071bf88b127,a33138b6-4eea-4675-941f-1071bf88b127,24UGTA015,CORE-V: MULTIMEDIA TECHNOLOGIES AND STANDARDS,a8470ba7-610a-42ab-936b-97c316a51155,create
a33138b6-4eea-4675-941f-1071bf88b127,a33138b6-4eea-4675-941f-1071bf88b127,24UGTA016,ALGEBRA AND TRIGONOMETRY,852682df-8e63-4a8c-b0a4-b69a47b39122,create
a33138b6-4eea-4675-941f-1071bf88b127,a33138b6-4eea-4675-941f-1071bf88b127,24UGTA02,GENERAL TAMIL-II,41476a99-e934-4f82-be1e-a48dc497b712,create
a33138b6-4eea-4675-941f-1071bf88b127,a33138b6-4eea-4675-941f-1071bf88b127,24UGTA020,GENERAL TAMIL-V,589071db-3121-4c31-bb0d-76b0a68c7af4,create
a33138b6-4eea-4675-941f-1071bf88b127,a33138b6-4eea-4675-941f-1071bf88b127,24UGTA021,GENERAL TAMIL-II,d124384a-915f-4458-b3c8-3011c2cae364,create
a33138b6-4eea-4675-941f-1071bf88b127,a33138b6-4eea-4675-941f-1071bf88b127,24UGTA03,GENERAL TAMIL-III,d607ace8-7a21-4584-adca-764cba4b99e8,create
a33138b6-4eea-4675-941f-1071bf88b127,a33138b6-4eea-4675-941f-1071bf88b127,24UGTA031,GENERAL TAMIL-III,526ecf07-4f31-4ef1-894f-62f937c0e07d,create
a33138b6-4eea-4675-941f-1071bf88b127,a33138b6-4eea-4675-941f-1071bf88b127,24UGTA04,GENERAL TAMIL-IV,a3c83e86-a622-48de-a2ee-714e129c9e90,create
a33138b6-4eea-4675-941f-1071bf88b127,a33138b6-4eea-4675-941f-1071bf88b127,24UGTA05,DATA STRCUTURES AND ALGORITHMS,a9987b6b-a52b-40cb-b2fe-1adde2516441,create
a33138b6-4eea-4675-941f-1071bf88b127,a33138b6-4eea-4675-941f-1071bf88b127,24UHAWP01,HEALTH AND WELLNESS,196ce3dc-ce10-43b0-904e-7f26f5ae7943,create
a33138b6-4eea-4675-941f-1071bf88b127,a33138b6-4eea-4675-941f-1071bf88b127,24UHIC01,CORE-I-HISTORY OF ANCIENT INDIA UPTO 1206 CE,38aab879-5b96-402d-9fb1-ef43b6e04a84,create
a33138b6-4eea-4675-941f-1071bf88b127,a33138b6-4eea-4675-941f-1071bf88b127,24UHIC02,CORE-II-HISTORY OF TAMIL NADU UPTO 1311 CE,6fa8fd47-216f-4b68-8049-12658a6cc1d4,create
a33138b6-4eea-4675-941f-1071bf88b127,a33138b6-4eea-4675-941f-1071bf88b127,24UHIC03,CORE-III-HISTORY OF MEDIEVAL INDIA 1206-1707 CE,0a81c5a2-912e-4755-8d84-bf730e429719,create
a33138b6-4eea-4675-941f-1071bf88b127,a33138b6-4eea-4675-941f-1071bf88b127,24UHIC04,CORE-IV-HISTORY OF TAMIL NADU FROM 1311-1801 CE,7154e846-abc7-45bf-9390-64db94c90432,create
a33138b6-4eea-4675-941f-1071bf88b127,a33138b6-4eea-4675-941f-1071bf88b127,24UHIC05,CORE-V-HISTORY OF INDIA FROM 1707 CE TO 1857 CE,408bc5ad-25a1-49f9-92f1-5159fe8abde7,create
a33138b6-4eea-4675-941f-1071bf88b127,a33138b6-4eea-4675-941f-1071bf88b127,24UHIC06,CORE-VI-HISTORY OF TAMIL NADU SINCE 1801 CE,34ca8ce8-583e-4281-b935-94898432a436,create
a33138b6-4eea-4675-941f-1071bf88b127,a33138b6-4eea-4675-941f-1071bf88b127,24UHIC07,CORE -VII-FREEDOM STRUGGLE IN INDIA,7c26b6f0-5737-4085-8826-bf6ae65a1912,create
a33138b6-4eea-4675-941f-1071bf88b127,a33138b6-4eea-4675-941f-1071bf88b127,24UHIC08,CORE -VIII-HISTORY OF MODERN EUROPE FROM 1789 CE TO 1919 CE,4476c6e8-12c9-497b-bfa0-d221ce55a58d,create
a33138b6-4eea-4675-941f-1071bf88b127,a33138b6-4eea-4675-941f-1071bf88b127,24UHIC09,HISTORY OF THE WORLD FROM 1919 CE TO 1991 CE,0c7db315-a8a0-4845-a01d-e115003a0d73,create
a33138b6-4eea-4675-941f-1071bf88b127,a33138b6-4eea-4675-941f-1071bf88b127,24UHIC10,SELECTED THEMES IN HISTORY OF USA,2c3a38b2-7843-44d3-8dcd-c3869ea879d7,create
a33138b6-4eea-4675-941f-1071bf88b127,a33138b6-4eea-4675-941f-1071bf88b127,24UHIC11,REGIONAL HISTORY (HISTORY OF KONGU NADU),4878fd4a-c11d-4772-994c-9de792756b6a,create
a33138b6-4eea-4675-941f-1071bf88b127,a33138b6-4eea-4675-941f-1071bf88b127,24UHIC13,CONTEMPORARY HISTORY OF INDIA,8934ef54-de0f-4b76-865f-4fabe88e9cf6,create
a33138b6-4eea-4675-941f-1071bf88b127,a33138b6-4eea-4675-941f-1071bf88b127,24UHIC14,INDIA AND HER NEIGHBOURS,98c272da-86e2-4313-a657-e98ef7859202,create
a33138b6-4eea-4675-941f-1071bf88b127,a33138b6-4eea-4675-941f-1071bf88b127,24UHIC15,HISTORY OF SCIENCE AND TECHNOLOGY IN INDIA,e1e502ff-ee6d-4591-bf37-2da2c50a0bee,create
a33138b6-4eea-4675-941f-1071bf88b127,a33138b6-4eea-4675-941f-1071bf88b127,24UHIDE1,DSE-I-OUTLINES OF COMPARATIVE GOVERNMENTS-I,50c33808-1788-4367-a09d-a9e79a86e9d4,create
a33138b6-4eea-4675-941f-1071bf88b127,a33138b6-4eea-4675-941f-1071bf88b127,24UHIDE10,HISTORY OF CHINA AND JAPAN FROM 1900 CE TO 2000 CE,bb6664f7-8075-455e-ab29-9f614c343156,create
a33138b6-4eea-4675-941f-1071bf88b127,a33138b6-4eea-4675-941f-1071bf88b127,24UHIDE2,DSE-II-OUTLINES OF COMPARATIVE GOVERNMENTS-II,9941f286-c299-4221-a6a1-45f358fc3fc0,create
a33138b6-4eea-4675-941f-1071bf88b127,a33138b6-4eea-4675-941f-1071bf88b127,24UHIDE3,DISCIPLINE SPECIFIC ELECTIVE-III-EVOLUTION OF INDIAN CONSTITUTION FROM 1773 TO 1947 CE,eb50802f-3d3b-4338-a4a8-0fc908cfb1c3,create
a33138b6-4eea-4675-941f-1071bf88b127,a33138b6-4eea-4675-941f-1071bf88b127,24UHIDE4,DISCIPLINE SPECIFIC COURSE-IV-EVOLUTION OF INDIAN CONSTITUTION SINCE1947 CE,697d308e-c9ae-4519-9216-9936f239f408,create
a33138b6-4eea-4675-941f-1071bf88b127,a33138b6-4eea-4675-941f-1071bf88b127,24UHIDE5,ELEMENTS OF HUMAN RIGHTS,9acce8ac-d754-47a4-abf8-edc02a514326,create
a33138b6-4eea-4675-941f-1071bf88b127,a33138b6-4eea-4675-941f-1071bf88b127,24UHIDE7,HISTORY OF DRAVIDIAN MOVEMENT,10e77125-0719-4757-bf63-f5c12997fa6f,create
a33138b6-4eea-4675-941f-1071bf88b127,a33138b6-4eea-4675-941f-1071bf88b127,24UHIDE9,PANCHAYAT RAJ AND RURAL DEVELOPMENT,2704af73-e89f-4c8e-800d-f699b703efe7,create
a33138b6-4eea-4675-941f-1071bf88b127,a33138b6-4eea-4675-941f-1071bf88b127,24UHIIN01,INTERNSHIP/INDUSTRIAL ACTIVITY,457974c1-30c4-45ea-9e5d-061f91298f8e,create
a33138b6-4eea-4675-941f-1071bf88b127,a33138b6-4eea-4675-941f-1071bf88b127,24UHINM1,NME-I-INDIAN POLITY,71a5e0cb-66ec-4acf-b02e-3f3d588b675e,create
a33138b6-4eea-4675-941f-1071bf88b127,a33138b6-4eea-4675-941f-1071bf88b127,24UHINM2,NME-II-BASIC JOURNALISM,ea71c627-e2e6-4e0b-936a-60254307928d,create
a33138b6-4eea-4675-941f-1071bf88b127,a33138b6-4eea-4675-941f-1071bf88b127,24UHIPC1,GENERAL STUDIES FOR COMPETITIVE EXAMINATION,2d8cc983-95fc-4ffb-bc8e-cadbd06c2490,create
a33138b6-4eea-4675-941f-1071bf88b127,a33138b6-4eea-4675-941f-1071bf88b127,24UHIS01,SEC-I-INTRODUCTION TO TOURISM,462711c4-106a-4d0f-b54f-b89c15f1f51e,create
a33138b6-4eea-4675-941f-1071bf88b127,a33138b6-4eea-4675-941f-1071bf88b127,24UHIS02,SEC-II-INDIAN CONSTITUTION,87ad947d-4d6f-4b81-a060-c2f37136bb3b,create
a33138b6-4eea-4675-941f-1071bf88b127,a33138b6-4eea-4675-941f-1071bf88b127,24UHIS03,SEC-III-MUSEOLOGY,3b25ee12-f1aa-4860-b878-56850f1db217,create
a33138b6-4eea-4675-941f-1071bf88b127,a33138b6-4eea-4675-941f-1071bf88b127,24UHIS04,SEC-IV-BASIC CONCEPTS OF ARCHAEOLOGY,8718c0ff-46c7-4006-a728-acb833d88366,create
a33138b6-4eea-4675-941f-1071bf88b127,a33138b6-4eea-4675-941f-1071bf88b127,24UHIS05,SEC-V-IKS IN ARCHITECTURE AND DOWN PALNNING ,4bf9f676-22e3-41e0-a33c-dd98c40d5701,create
a33138b6-4eea-4675-941f-1071bf88b127,a33138b6-4eea-4675-941f-1071bf88b127,24UHIS06,SEC -V-COMPUTER TRAINING,3a371d1a-82d7-41e9-b97d-11d50763375f,create
a33138b6-4eea-4675-941f-1071bf88b127,a33138b6-4eea-4675-941f-1071bf88b127,24UHIS07,SEC -VI-INTRODUCTION TO JOURNALISM,e4d9183b-b341-45ce-a8f5-d36fdcc9eb51,create
a33138b6-4eea-4675-941f-1071bf88b127,a33138b6-4eea-4675-941f-1071bf88b127,24UMAC01,CORE - I - ALGEBRA AND TRIGONOMETRY,5b07c15a-82e9-46e8-ba0d-23225eccaf18,create
a33138b6-4eea-4675-941f-1071bf88b127,a33138b6-4eea-4675-941f-1071bf88b127,24UMAC02,CORE-II-DIFFERENTIAL CALCULUS,083bcb62-aaa1-4074-9d3d-6d59ffdbabf0,create
a33138b6-4eea-4675-941f-1071bf88b127,a33138b6-4eea-4675-941f-1071bf88b127,24UMAC03,CORE-III-ANALYTICAL GEOMETRY(TWO & THREE DIMENSIONS) ,2e35234b-b704-4bef-a2b8-24ce24e7fa87,create
a33138b6-4eea-4675-941f-1071bf88b127,a33138b6-4eea-4675-941f-1071bf88b127,24UMAC04,CORE-IV-INTEGRAL CALCULUS,68c67500-2ea8-474f-83b8-c83dc9bae1c2,create
a33138b6-4eea-4675-941f-1071bf88b127,a33138b6-4eea-4675-941f-1071bf88b127,24UMAC05,CORE-V-VECTOR CALCULUS AND ITS APPLICATIONS,2cfb26a7-6eed-4f21-bbca-31acd2c65da7,create
a33138b6-4eea-4675-941f-1071bf88b127,a33138b6-4eea-4675-941f-1071bf88b127,24UMAC06,CORE-VI-DIFFERENTIAL EQUATIONS AND ITS APPLICATIONS,913b6624-cf48-4ef5-af3f-f2b2af5be867,create
a33138b6-4eea-4675-941f-1071bf88b127,a33138b6-4eea-4675-941f-1071bf88b127,24UMAC07,CORE-VII-INDUSTRIAL STATISTICS ,604b44f3-135b-469c-a4e4-37efaa55da45,create
a33138b6-4eea-4675-941f-1071bf88b127,a33138b6-4eea-4675-941f-1071bf88b127,24UMAC08,CORE-VIII-ELEMENTS OF MATHEMATICAL ANALYSIS ,a0a654c1-d682-4b1f-b002-73eea3b95c4c,create
a33138b6-4eea-4675-941f-1071bf88b127,a33138b6-4eea-4675-941f-1071bf88b127,24UMAC09,ABSTRACT ALGEBRA,5d20820e-f6fa-42ea-926c-41e60d66a1cf,link
a33138b6-4eea-4675-941f-1071bf88b127,a33138b6-4eea-4675-941f-1071bf88b127,24UMAC10,REAL ANALYSIS,b2b509d1-f2cf-45ed-9e68-45679946996d,create
a33138b6-4eea-4675-941f-1071bf88b127,a33138b6-4eea-4675-941f-1071bf88b127,24UMAC11,MATHEMATICAL MODELLING,649c85bb-88ed-4028-9106-14c79639bf64,create
a33138b6-4eea-4675-941f-1071bf88b127,a33138b6-4eea-4675-941f-1071bf88b127,24UMAC12,OPTIMIZATION TECHNIQUES,d1d981d8-530e-4930-a516-304fe42267a9,create
a33138b6-4eea-4675-941f-1071bf88b127,a33138b6-4eea-4675-941f-1071bf88b127,24UMAC13,LINEAR ALGEBRA,74c30d8d-aa37-4f0a-9cba-ca6f126eeca8,create
a33138b6-4eea-4675-941f-1071bf88b127,a33138b6-4eea-4675-941f-1071bf88b127,24UMAC14,COMPLEX ANALYSIS,8a9d4ad5-4c81-4b85-b22a-35a583d693a0,create
a33138b6-4eea-4675-941f-1071bf88b127,a33138b6-4eea-4675-941f-1071bf88b127,24UMAC15,MECHANICS,bf826a8e-28be-48fb-955f-eff2cdc9627c,create
a33138b6-4eea-4675-941f-1071bf88b127,a33138b6-4eea-4675-941f-1071bf88b127,24UMACO1,CORE-I-ALGEBRA AND TRIGONOMETRY,7604a583-0391-45eb-9fc2-60296255862e,create
a33138b6-4eea-4675-941f-1071bf88b127,a33138b6-4eea-4675-941f-1071bf88b127,24UMADE03,MATHEMATICAL STATISTICS,a30ad7e6-47ab-4345-8fb5-da3cb999f17e,create
a33138b6-4eea-4675-941f-1071bf88b127,a33138b6-4eea-4675-941f-1071bf88b127,24UMADE1,NUMERICAL METHODS WITH APPLICATIONS,3d75e237-8771-4fb0-9b96-ac8af739ebfa,create
a33138b6-4eea-4675-941f-1071bf88b127,a33138b6-4eea-4675-941f-1071bf88b127,24UMADE2,NUMBER THEORY,d1d2707b-e4a3-46e0-8857-f6d71830800c,create
a33138b6-4eea-4675-941f-1071bf88b127,a33138b6-4eea-4675-941f-1071bf88b127,24UMADE5,DISCRETE MATHEMATICS,02f2fed7-7dc0-4782-afff-4b71bbc18543,create
a33138b6-4eea-4675-941f-1071bf88b127,a33138b6-4eea-4675-941f-1071bf88b127,24UMADE6,GRAPH THEORY WITH APPLICATION,cfbe0ba2-5dc0-4a68-85bb-13da87cb33f4,create
a33138b6-4eea-4675-941f-1071bf88b127,a33138b6-4eea-4675-941f-1071bf88b127,24UMAGE1,GENERIC ELECTIVE MATHEMATICS-I: ALGEBRA AND CALCULUS,7be95bf2-1de1-47b5-9a6a-c0690bbadd68,create
a33138b6-4eea-4675-941f-1071bf88b127,a33138b6-4eea-4675-941f-1071bf88b127,24UMAGE10,GENERIC ELECTIVE-II-NUMERICAL METHODS-II,df7a8c8e-a3dc-4ca3-802f-56101d8f42ad,create
a33138b6-4eea-4675-941f-1071bf88b127,a33138b6-4eea-4675-941f-1071bf88b127,24UMAGE11, GENERIC ELECTIVE-III-BUSINESS MATHEMATICS & STATISTICS,026b8f6f-c578-48c0-9149-553529649ef8,create
a33138b6-4eea-4675-941f-1071bf88b127,a33138b6-4eea-4675-941f-1071bf88b127,24UMAGE12, GENERIC ELECTIVE-IV-OPERATIONS RESEARCH,7110cb0d-91d1-483b-a01c-142eb91e1994,create
a33138b6-4eea-4675-941f-1071bf88b127,a33138b6-4eea-4675-941f-1071bf88b127,24UMAGE2,GENERIC ELECTIVE MATHEMATICS-II: DIFFERENTIAL EQUATIONS AND LAPLACE TRANSFORMS,f3909e1a-aae2-4d26-9a94-20cb4a170acf,create
a33138b6-4eea-4675-941f-1071bf88b127,a33138b6-4eea-4675-941f-1071bf88b127,24UMAGE3,GENERIC ELECTIVE-I-DISCRETE MATHEMATICS-I,a4cf4232-a66b-4467-aa34-e0f65a6e6eed,create
a33138b6-4eea-4675-941f-1071bf88b127,a33138b6-4eea-4675-941f-1071bf88b127,24UMAGE4,GENERIC ELECTIVE-II-DISCRETE MATHEMATICS-II,d8278e5a-62bb-487d-92e9-23d80197b77e,create
a33138b6-4eea-4675-941f-1071bf88b127,a33138b6-4eea-4675-941f-1071bf88b127,24UMAGE5,GENERIC ELECTIVE-I-INTRODUCTION TO LINEAR ALGEBRA,e43a3604-7136-40bb-92f5-5738fbf5ac7a,create
a33138b6-4eea-4675-941f-1071bf88b127,a33138b6-4eea-4675-941f-1071bf88b127,24UMAGE6,GENERIC ELECTIVE-II-NUMERICAL METHODS,5346dba3-e040-42ca-9ec0-d3ab8f49734c,create
a33138b6-4eea-4675-941f-1071bf88b127,a33138b6-4eea-4675-941f-1071bf88b127,24UMAGE7,GENERIC ELECTIVE-I-OPTIMIZATION TECHNIQUES,6a870e23-d3fa-4de2-b852-72e7c053e59e,create
a33138b6-4eea-4675-941f-1071bf88b127,a33138b6-4eea-4675-941f-1071bf88b127,24UMAGE8,GENERIC ELECTIVE-II-GRAPH THEORY AND ITS APPLICATIONS,783ca848-fde4-45c6-acad-f674b707b89f,create
a33138b6-4eea-4675-941f-1071bf88b127,a33138b6-4eea-4675-941f-1071bf88b127,24UMAGE9,GENERIC ELECTIVE-I-NUMERICAL METHODS-I,d3a1b42f-a8c9-42da-a6e2-e88a5030a944,create
a33138b6-4eea-4675-941f-1071bf88b127,a33138b6-4eea-4675-941f-1071bf88b127,24UMAGEP01,GENERIC ELECTIVE MATHEMATICS PRACTICAL,d094d291-4247-4d09-b7dd-4615d6047f64,create
a33138b6-4eea-4675-941f-1071bf88b127,a33138b6-4eea-4675-941f-1071bf88b127,24UMAGEP01A,GENERIC ELECTIVE MATHEMATICS PRACTICAL,ebc40ac9-110b-4a37-a1c6-ca8513654067,create
a33138b6-4eea-4675-941f-1071bf88b127,a33138b6-4eea-4675-941f-1071bf88b127,24UMAGEP02,GENERIC ELECTIVE-PRACTICAL-I-DISCRETE MATHEMATICS,6dceb814-5258-4903-aed6-56577e046bcc,create
a33138b6-4eea-4675-941f-1071bf88b127,a33138b6-4eea-4675-941f-1071bf88b127,24UMAGEP03,GENERIC ELECTIVE-PRACTICAL-I-INTRODUCTION TO LINEAR ALGEBRA,0253213f-bcba-4dcc-b21a-039ee59e8c4b,create
a33138b6-4eea-4675-941f-1071bf88b127,a33138b6-4eea-4675-941f-1071bf88b127,24UMAGEP04,GENERIC ELECTIVE-PRACTICAL-I-OPTIMIZATION TECHNIQUES,9f8014c4-ab09-4a97-ab43-352ef881e6f1,create
a33138b6-4eea-4675-941f-1071bf88b127,a33138b6-4eea-4675-941f-1071bf88b127,24UMAGEP05,GENERIC ELECTIVE-PRACTICAL-I-GRAPH THEORY AND ITS APPLICATIONS,e10b3f38-4f39-4fdc-bf50-548c2f6ec117,create
a33138b6-4eea-4675-941f-1071bf88b127,a33138b6-4eea-4675-941f-1071bf88b127,24UMAGEP06,GENERIC ELECTIVE-PRACTICAL-I-NUMERICAL METHODS,2d62911b-3ceb-43b8-9252-99700a6069ad,create
a33138b6-4eea-4675-941f-1071bf88b127,a33138b6-4eea-4675-941f-1071bf88b127,24UMAIN01,INTERNSHIP/IDUSTRIAL TRAINING (SUMMER VACTION AT THE END OF IV SEMSTER ACTIVITY),8505dfef-d795-41aa-b344-969e4c968de9,create
a33138b6-4eea-4675-941f-1071bf88b127,a33138b6-4eea-4675-941f-1071bf88b127,24UMANM1,NME-I-MATHEMATICS FOR COMPETITIVE EXAMINATION-I,c60690f8-a70d-47e3-b090-7e50c71cf786,create
a33138b6-4eea-4675-941f-1071bf88b127,a33138b6-4eea-4675-941f-1071bf88b127,24UMANM2,NME-II-MATHEMATICS FOR COMPETITIVE EXAMINATION-II,392e737d-73fc-43a5-8147-a1f677672af2,create
a33138b6-4eea-4675-941f-1071bf88b127,a33138b6-4eea-4675-941f-1071bf88b127,24UMAPC1,STATISTICS WITH R PROGRAMMING,5022b6dc-29ac-4816-b207-f9ce798a684a,create
a33138b6-4eea-4675-941f-1071bf88b127,a33138b6-4eea-4675-941f-1071bf88b127,24UMAS01,SEC-I-BRIDGE MATHEMATICS,bd5e65fb-4a4e-47a4-b81b-5ad003059b19,create
a33138b6-4eea-4675-941f-1071bf88b127,a33138b6-4eea-4675-941f-1071bf88b127,24UMAS02,SEC-II-COMPUTATIONAL MATHEMATICS,d41028a9-825d-4686-a147-51bfbaa77189,create
a33138b6-4eea-4675-941f-1071bf88b127,a33138b6-4eea-4675-941f-1071bf88b127,24UMAS03,SEC-III-STATISTICS WITH EXCEL PROGRAMMING,b6419093-b633-407a-9852-56470463f23b,create
a33138b6-4eea-4675-941f-1071bf88b127,a33138b6-4eea-4675-941f-1071bf88b127,24UMAS04,SEC-IV-PROGRAMMING IN C THEORY,3589cd74-b8bc-4437-b0d3-116d41b42a9a,create
a33138b6-4eea-4675-941f-1071bf88b127,a33138b6-4eea-4675-941f-1071bf88b127,24UMASP01,SEC-V-PROGRAMMING IN C PRACTICAL ,a9c5ed93-515a-4e5a-9e89-17ff3c16c6ba,create
a33138b6-4eea-4675-941f-1071bf88b127,a33138b6-4eea-4675-941f-1071bf88b127,24UMASP02,SEC-VI-LATEX PRACTICAL ,0fe5989b-6b1d-46b4-b91d-05f57fe27b17,create
a33138b6-4eea-4675-941f-1071bf88b127,a33138b6-4eea-4675-941f-1071bf88b127,24UMBC01,CORE-I-FUNDAMENTALS OF MICROBIOLOGY AND MICROBIAL DIVERSITY,d35506a1-73be-4866-a38d-0c0dacbd6859,create
a33138b6-4eea-4675-941f-1071bf88b127,a33138b6-4eea-4675-941f-1071bf88b127,24UMBC02,CORE II-MICROBIAL PHYSIOLOGY AND METABOLISM,13edb0a9-bd29-4a8f-bf87-0e55bd31f238,create
a33138b6-4eea-4675-941f-1071bf88b127,a33138b6-4eea-4675-941f-1071bf88b127,24UMBC03,CORE-III-MOLECULAR BIOLOGY AND MICROBIAL GENETICS,d0cd7a65-bb1b-4924-b6f1-56c0b385070e,create
a33138b6-4eea-4675-941f-1071bf88b127,a33138b6-4eea-4675-941f-1071bf88b127,24UMBC04,"CORE-IV-IMMUNOLOGY AND IMMUNOLOGY TECHNOLOGY
",33bfe2e6-5eec-4c46-bf72-95465da5647d,create
a33138b6-4eea-4675-941f-1071bf88b127,a33138b6-4eea-4675-941f-1071bf88b127,24UMBC05,BACTERIOLOGY AND MYCOLOGY,62d7df2d-3c28-408c-b8d6-44c3abfb67a3,create
a33138b6-4eea-4675-941f-1071bf88b127,a33138b6-4eea-4675-941f-1071bf88b127,24UMBC06,VIROLOGY AND PARASITOLOGY,7f2c7307-0706-4624-b56c-0a43243e2cae,create
a33138b6-4eea-4675-941f-1071bf88b127,a33138b6-4eea-4675-941f-1071bf88b127,24UMBC07,ENVIRONMENTAL AND AGRICULTURE MICROBIOLOGY,1ef91943-bd08-440b-9e53-ee433833c309,create
a33138b6-4eea-4675-941f-1071bf88b127,a33138b6-4eea-4675-941f-1071bf88b127,24UMBC08,FOOD DAIRY AND PROBIOTIC MICROBIOLOGY,fc24120d-0dda-441a-aa37-295972f7b393,create
a33138b6-4eea-4675-941f-1071bf88b127,a33138b6-4eea-4675-941f-1071bf88b127,24UMBCP01,CORE PRACTICAL-I-FUNDAMENTALS OF MICROBIOLOGY AND MICROBIAL DIVERSITY,59c95162-54a3-48cb-9402-feed236b4f9f,create
a33138b6-4eea-4675-941f-1071bf88b127,a33138b6-4eea-4675-941f-1071bf88b127,24UMBCP02,CORE PRACTICAL-II-MICROBIAL PHYSIOLOGY AND METABOLISM,f8e4df19-bc55-40cb-971b-240d1052838c,create
a33138b6-4eea-4675-941f-1071bf88b127,a33138b6-4eea-4675-941f-1071bf88b127,24UMBCP03,CORE PRACTICAL-III-MOLECULAR BIOLOGY AND MICROBIAL GENETICS,872bff23-9fcb-455c-8da7-aa4044e651db,create
a33138b6-4eea-4675-941f-1071bf88b127,a33138b6-4eea-4675-941f-1071bf88b127,24UMBCP04,"CORE PRACTICAL-IV-IMMUNOLOGY AND IMMUNOLOGY TECHNOLOGY
",70b436b2-146f-460e-a6de-f64574812bda,create
a33138b6-4eea-4675-941f-1071bf88b127,a33138b6-4eea-4675-941f-1071bf88b127,24UMBCP05,CORE PRACTICAL,f563404f-1c0f-4425-8800-ac42849eaa68,create
a33138b6-4eea-4675-941f-1071bf88b127,a33138b6-4eea-4675-941f-1071bf88b127,24UMBCP06,CORE PRACTICAL,715f6b75-212a-47c6-9145-fe5941169a91,create
a33138b6-4eea-4675-941f-1071bf88b127,a33138b6-4eea-4675-941f-1071bf88b127,24UMBCPR01,PROJECT,6db6731e-2089-4f91-b574-c3ab069f975c,create
a33138b6-4eea-4675-941f-1071bf88b127,a33138b6-4eea-4675-941f-1071bf88b127,24UMBDE01,DSE-I-BIOINSTRUMENTATION,f98d69f9-dcb4-4650-9570-43d2a55d4332,create
a33138b6-4eea-4675-941f-1071bf88b127,a33138b6-4eea-4675-941f-1071bf88b127,24UMBDE02,DISCIPLINE SPECIFIC ELECTIVE-II-CLINICAL LABORATORY TECHNOLOGY,7f710b07-7bc9-46ab-8ec9-1036ce20b6b2,create
a33138b6-4eea-4675-941f-1071bf88b127,a33138b6-4eea-4675-941f-1071bf88b127,24UMBDE03,"DSE-III-FOOD PROCESSING TECHNOLOGY
",0616c08f-f161-40a7-a4f4-a05e16f98220,create
a33138b6-4eea-4675-941f-1071bf88b127,a33138b6-4eea-4675-941f-1071bf88b127,24UMBDE04,RECOMBINANT DNA TECHNOLOGY,021a67b5-3cd4-4f04-95ba-e2f9a1f6b309,create
a33138b6-4eea-4675-941f-1071bf88b127,a33138b6-4eea-4675-941f-1071bf88b127,24UMBDE04A,BIOINFORMATICS WITH AI,e01285f7-2ae8-42cb-8ed2-0ec2fd664412,create
a33138b6-4eea-4675-941f-1071bf88b127,a33138b6-4eea-4675-941f-1071bf88b127,24UMBDE05,BIOSAFETY AND BIOETHICS,f344047d-9829-44af-917a-0cf7f73beb51,create
a33138b6-4eea-4675-941f-1071bf88b127,a33138b6-4eea-4675-941f-1071bf88b127,24UMBDE06,PHARMACEUTICAL MICROBIOLOGY,e9ab7165-4e5f-4973-8b80-ce274a52e085,create
a33138b6-4eea-4675-941f-1071bf88b127,a33138b6-4eea-4675-941f-1071bf88b127,24UMBDE07,ENTREPRENEURSHIP AND BIO-BUSINESS,0eef7d53-68de-493a-9883-b5ae8e4602ff,create
a33138b6-4eea-4675-941f-1071bf88b127,a33138b6-4eea-4675-941f-1071bf88b127,24UMBFC1,FOUNDATION COURSE-INTRODUCTION TO MICROBIAL WORLD,d312330a-0051-4f43-afcb-8e9b8fbb9f9b,create
a33138b6-4eea-4675-941f-1071bf88b127,a33138b6-4eea-4675-941f-1071bf88b127,24UMBGE01,GENERIC ELECTIVE-I-BASIC AND CLINICAL BIOCHEMISTRY,0a5d300a-2fbe-4139-926f-102d34e0a515,create
a33138b6-4eea-4675-941f-1071bf88b127,a33138b6-4eea-4675-941f-1071bf88b127,24UMBNM01,NME-I-SOCIAL AND PREVENTIVE MEDICINE,809b320b-3c37-406a-8910-db1ce8f93a0d,create
a33138b6-4eea-4675-941f-1071bf88b127,a33138b6-4eea-4675-941f-1071bf88b127,24UMBNM02,NME-II-NUTRITION AND HYGIENE,1ac33939-91ea-4f02-b1b5-c398c988fea8,create
a33138b6-4eea-4675-941f-1071bf88b127,a33138b6-4eea-4675-941f-1071bf88b127,24UMBPC01,MICROBIAL QUALITY CONTROL AND TESTING,a2165149-c5bb-493d-ba59-d949808d10aa,create
a33138b6-4eea-4675-941f-1071bf88b127,a33138b6-4eea-4675-941f-1071bf88b127,24UMBSE01,SEC-I-SERICULTURE,31c7a3da-890e-4694-910e-92f6e897cf12,create
a33138b6-4eea-4675-941f-1071bf88b127,a33138b6-4eea-4675-941f-1071bf88b127,24UMBSE02,SEC-II-ORGANIC FARMING AND BIO-FERTILIZER TECHNOLOGY,4d768032-29d8-4e08-bca9-82460685a4ed,create
a33138b6-4eea-4675-941f-1071bf88b127,a33138b6-4eea-4675-941f-1071bf88b127,24UMBSE03,SEC-III-AQUACULTURE,e7eeed5d-2a49-46c2-a9da-d826c65c313a,create
a33138b6-4eea-4675-941f-1071bf88b127,a33138b6-4eea-4675-941f-1071bf88b127,24UMBSE04,"SEC-IV-VACCINE TECHNOLOGY
",1225592b-5822-4739-8ed5-27a92af71526,create
a33138b6-4eea-4675-941f-1071bf88b127,a33138b6-4eea-4675-941f-1071bf88b127,24UMBSE05,SEC-V-APICULTURE,8ab727c7-95cc-4b7b-a719-8f8129a0c6b0,create
a33138b6-4eea-4675-941f-1071bf88b127,a33138b6-4eea-4675-941f-1071bf88b127,24UPHC01,CORE-I-PROPERTIES OF MATTER & SOUND  ,0d1c5777-0f0f-498c-afc1-c929fceb75f8,create
a33138b6-4eea-4675-941f-1071bf88b127,a33138b6-4eea-4675-941f-1071bf88b127,24UPHC02,"CORE-II-HEAT,THERMODYNAMICS AND STATISTICAL PHYSICS",666f9c8f-85cc-4c06-b7c0-91b33dc42c0e,create
a33138b6-4eea-4675-941f-1071bf88b127,a33138b6-4eea-4675-941f-1071bf88b127,24UPHC03,CORE-III-GENERAL MECHANICS AND CLASSICAL MECHANICS,c8b71fe9-cf81-450d-8f9d-e7311a8ea014,create
a33138b6-4eea-4675-941f-1071bf88b127,a33138b6-4eea-4675-941f-1071bf88b127,24UPHC04,CORE–IV-OPTICS AND SPECTROSCOPY,7b50fd9c-500e-4a9b-98f4-c7430cd78725,create
a33138b6-4eea-4675-941f-1071bf88b127,a33138b6-4eea-4675-941f-1071bf88b127,24UPHC05,ATOMIC PHYSICS AND LASERS,af1b8f79-cff9-45b6-a873-f9fd56ed5487,create
a33138b6-4eea-4675-941f-1071bf88b127,a33138b6-4eea-4675-941f-1071bf88b127,24UPHC06,RELATIVITY AND QUANTUM MECHANICS,20f248a5-9dd6-4cc6-ad35-aa1740a1037c,create
a33138b6-4eea-4675-941f-1071bf88b127,a33138b6-4eea-4675-941f-1071bf88b127,24UPHC07,SOLID STATE PHYSICS,4d27452b-be99-44a8-8d86-0e7250a5bc00,create
a33138b6-4eea-4675-941f-1071bf88b127,a33138b6-4eea-4675-941f-1071bf88b127,24UPHC08,NUCLEAR AND PARTICLE PHYSICS,288f3fbb-162a-41af-9914-d5068a250b54,create
a33138b6-4eea-4675-941f-1071bf88b127,a33138b6-4eea-4675-941f-1071bf88b127,24UPHC09,ELECTRICITY AND MAGNETISM,f5957c05-703f-4c97-a83b-e7e2882dba39,create
a33138b6-4eea-4675-941f-1071bf88b127,a33138b6-4eea-4675-941f-1071bf88b127,24UPHC10,DIGITAL ELECTRONICS AND MICROPROCESSOR 8085,f4061a3f-e1f1-4296-bee2-e6182b5c5525,create
a33138b6-4eea-4675-941f-1071bf88b127,a33138b6-4eea-4675-941f-1071bf88b127,24UPHCP01,CORE PRACTICAL-I-PROPERTIES OF MATTER EXPERIMENTS,025c8943-b88a-4ed6-95d8-cfa89a9e089a,create
a33138b6-4eea-4675-941f-1071bf88b127,a33138b6-4eea-4675-941f-1071bf88b127,24UPHCP02,"CORE PRACTICAL-II-HEAT,OSCILLATIONS,WAVE & SOUND EXPERIMENTS",f801ad7c-909f-459d-8cbb-334ec01141e5,create
a33138b6-4eea-4675-941f-1071bf88b127,a33138b6-4eea-4675-941f-1071bf88b127,24UPHCP03,CORE PRACTICAL-III-ELECTRICITY EXPERIMENTS,03d1042e-cd98-41a7-a733-72276f816f03,create
a33138b6-4eea-4675-941f-1071bf88b127,a33138b6-4eea-4675-941f-1071bf88b127,24UPHCP04,"CORE PRACTICAL–IV-LIGHT EXPERIMENTS
",13a36e26-2505-41e1-b9c0-3f99f44a2f07,create
a33138b6-4eea-4675-941f-1071bf88b127,a33138b6-4eea-4675-941f-1071bf88b127,24UPHCP05,GENERAL EXPERIMENTS,54064ce2-b922-41d5-b55c-f28da3814655,create
a33138b6-4eea-4675-941f-1071bf88b127,a33138b6-4eea-4675-941f-1071bf88b127,24UPHCP06,ELECTRONICS EXPERIMENTS,ea61a042-ce72-443d-9419-430751b60321,create
a33138b6-4eea-4675-941f-1071bf88b127,a33138b6-4eea-4675-941f-1071bf88b127,24UPHDSE01,ENERGY PHYSICS,8a6b8367-9556-45b5-b434-244c42768969,create
a33138b6-4eea-4675-941f-1071bf88b127,a33138b6-4eea-4675-941f-1071bf88b127,24UPHDSE02,MATERIALS SCIENCE,54178770-896b-4ec2-8daa-57cfab3ee11e,create
a33138b6-4eea-4675-941f-1071bf88b127,a33138b6-4eea-4675-941f-1071bf88b127,24UPHDSE03,NANOSCIENCE AND NANOTECHNOLOGY,ec6c39cd-4b64-4cc9-993a-df5ee091d2dd,create
a33138b6-4eea-4675-941f-1071bf88b127,a33138b6-4eea-4675-941f-1071bf88b127,24UPHDSE04,PHYSICS OF MUSIC,c5925f4a-f387-420e-8f23-bacc2e1828a9,create
a33138b6-4eea-4675-941f-1071bf88b127,a33138b6-4eea-4675-941f-1071bf88b127,24UPHF01,FOUNDATION COURSE-INTRODUCTORY PHYSICS,60820dc2-1198-485e-a834-36928bd88a24,create
a33138b6-4eea-4675-941f-1071bf88b127,a33138b6-4eea-4675-941f-1071bf88b127,24UPHGE1,GENERIC ELECTIVE PHYSICS - I,65889d0d-d9e1-457d-b7a3-89e24b8aa9df,create
a33138b6-4eea-4675-941f-1071bf88b127,a33138b6-4eea-4675-941f-1071bf88b127,24UPHGE2,GENERIC ELECTIVE PHYSICS-II ,93d4e72d-063c-4fda-a86c-6bf22b7be363,create
a33138b6-4eea-4675-941f-1071bf88b127,a33138b6-4eea-4675-941f-1071bf88b127,24UPHGEP01,GENERIC ELECTIVE PHYSICS PRACTICAL-I,04312285-de2e-44f5-ae8f-db3818e49ff8,create
a33138b6-4eea-4675-941f-1071bf88b127,a33138b6-4eea-4675-941f-1071bf88b127,24UPHGEP02,GENERIC ELECTIVE PHYSICS PRACTICAL-II ,8475eeb8-261c-4f6c-a35f-6389b23ccc52,create
a33138b6-4eea-4675-941f-1071bf88b127,a33138b6-4eea-4675-941f-1071bf88b127,24UPHNM1,NME-I-PHYSICS FOR EVERYDAY LIFE,cab633fc-3914-44ae-a11a-f316af9d9df3,create
a33138b6-4eea-4675-941f-1071bf88b127,a33138b6-4eea-4675-941f-1071bf88b127,24UPHNM2,NME-II-ASTROPHYSICS,f4f761b1-444b-42f8-9a69-e25987de4dae,create
a33138b6-4eea-4675-941f-1071bf88b127,a33138b6-4eea-4675-941f-1071bf88b127,24UPHPC01,QUANTITATIVE APTITUDE FOR COMPETITIVE EXAMINATIONS,f92cd5a6-71e3-44f8-986a-208806247973,create
a33138b6-4eea-4675-941f-1071bf88b127,a33138b6-4eea-4675-941f-1071bf88b127,24UPHS01,SEC-I-INSTRUMENTATION,73ce5b79-c521-4977-aa56-f21bf64d34ba,create
a33138b6-4eea-4675-941f-1071bf88b127,a33138b6-4eea-4675-941f-1071bf88b127,24UPHS02,"SEC-II-ENTREPRENEURIAL BASED, HOME ELECTRICAL INSTALLATION",1c1189a8-5b87-48a8-ad0b-f4536a8e5aaa,create
a33138b6-4eea-4675-941f-1071bf88b127,a33138b6-4eea-4675-941f-1071bf88b127,24UPHS03,SEC-III-COMPUTATIONAL METHODS AND PROGRAMMING IN C,22d46dbb-265c-4d88-9ff2-bbb8c9fe5c57,create
a33138b6-4eea-4675-941f-1071bf88b127,a33138b6-4eea-4675-941f-1071bf88b127,24UPHS04,"SEC-IV-ELECTRONIC DEVICES
",15338ec2-06bc-4df5-a2e6-c0c6c50af31d,create
a33138b6-4eea-4675-941f-1071bf88b127,a33138b6-4eea-4675-941f-1071bf88b127,24UPHS05,"SEC-V-COMMUNICATION SYSTEMS
",ebfce9b7-6f78-4c64-bcbb-585b74ede675,create
a33138b6-4eea-4675-941f-1071bf88b127,a33138b6-4eea-4675-941f-1071bf88b127,24USTAGE1,GENERIC ELECTIVE-I STATISTICAL METHOD AND ITS APPLICATIONS-I,a9228852-4253-468c-9852-8764cfddb796,create
a33138b6-4eea-4675-941f-1071bf88b127,a33138b6-4eea-4675-941f-1071bf88b127,24USTAGE2,GENERIC ELECTIVE-II-STATISTICAL METHODS AND ITS APPLICATION-II,ac52a602-017c-427a-a734-a691906d4e98,create
a33138b6-4eea-4675-941f-1071bf88b127,a33138b6-4eea-4675-941f-1071bf88b127,24USTAGEP01,GENERIC ELECTIVE PRACTICAL-I-STATISTICAL PRACTICAL,5436ce1f-bc74-4038-b365-ccc24685d6ee,create
a33138b6-4eea-4675-941f-1071bf88b127,a33138b6-4eea-4675-941f-1071bf88b127,24USTAGEP1,GENERIC ELECTIVE PRACTICAL-IV-STATISTICAL PRACTICAL,f355d0fd-b1d3-4bf2-8556-f5fae84399de,create
a33138b6-4eea-4675-941f-1071bf88b127,a33138b6-4eea-4675-941f-1071bf88b127,24USTDE1,DISCIPLINE SPECIFIC ELECTIVE-STATISTICAL METHODS-I,c21d705f-83ad-4274-9e5f-dad0b384fa3a,create
a33138b6-4eea-4675-941f-1071bf88b127,a33138b6-4eea-4675-941f-1071bf88b127,24USTDE2,DISCIPLINE SPECIFIC ELECTIVE-STATISTICAL METHODS-II,a09e966c-c9f2-478a-a365-fd494f54ebcb,create
a33138b6-4eea-4675-941f-1071bf88b127,a33138b6-4eea-4675-941f-1071bf88b127,24USTDEP01,DISCIPLINE SPECIFIC ELECTIVE-STATISTICS PRACTICAL-I,6467231d-7ec5-46cb-b403-dd8fea7a32fd,create
a33138b6-4eea-4675-941f-1071bf88b127,a33138b6-4eea-4675-941f-1071bf88b127,24USTDEP02,DISCIPLINE SPECIFIC ELECTIVE-STATISTICS PRACTICAL-II,5ef162f6-6918-40dd-b7dc-a8fb631079c3,create
a33138b6-4eea-4675-941f-1071bf88b127,a33138b6-4eea-4675-941f-1071bf88b127,24UTFC01,CORE-I-FIBER AND YARN SCIENCE,265453c4-17ee-40e6-be1a-491fd905665a,create
a33138b6-4eea-4675-941f-1071bf88b127,a33138b6-4eea-4675-941f-1071bf88b127,24UTFC02,CORE-III-WOVEN FABRIC SCIENCE,29ddae00-9970-40b2-b40b-99d94ee97421,create
a33138b6-4eea-4675-941f-1071bf88b127,a33138b6-4eea-4675-941f-1071bf88b127,24UTFC03,CORE-V-TEXTILE WET PROCESSING,408c305c-2ad6-49ed-98f4-92fab8e84500,create
a33138b6-4eea-4675-941f-1071bf88b127,a33138b6-4eea-4675-941f-1071bf88b127,24UTFC04,CORE-VII-TEXTILE FINISHING,9b438073-29c4-4bff-88d1-c5f521157f61,create
a33138b6-4eea-4675-941f-1071bf88b127,a33138b6-4eea-4675-941f-1071bf88b127,24UTFC05,APPAREL COSTING AND MERCHANDISING,980b2477-90fe-4de8-95a8-24456064373f,create
a33138b6-4eea-4675-941f-1071bf88b127,a33138b6-4eea-4675-941f-1071bf88b127,24UTFC06,KNITTING AND NON-WOVEN,cef0b492-26c3-4dcd-bf4f-c582ce8a6c8c,create
a33138b6-4eea-4675-941f-1071bf88b127,a33138b6-4eea-4675-941f-1071bf88b127,24UTFC07,TEXTILE TESTING   AND QUALITY   CONTROL,4604ac10-c14a-4d93-bceb-6ff787e1622c,create
a33138b6-4eea-4675-941f-1071bf88b127,a33138b6-4eea-4675-941f-1071bf88b127,24UTFCP01,CORE-II-BASIC APPAREL DESIGNING PRACTICAL,05705a30-775b-46bc-aea0-81ad1e52fae8,create
a33138b6-4eea-4675-941f-1071bf88b127,a33138b6-4eea-4675-941f-1071bf88b127,24UTFCP02,CORE-IV-FIBER TO FABRIC SCIENCE PRACTICAL,730281e4-cec1-45de-a690-dce0065f6998,create
a33138b6-4eea-4675-941f-1071bf88b127,a33138b6-4eea-4675-941f-1071bf88b127,24UTFCP03,CORE-VI-CHILDRENS APPAREL PRACTICAL,1db61410-192f-4d6d-abdf-0d39a8c36a7b,create
a33138b6-4eea-4675-941f-1071bf88b127,a33138b6-4eea-4675-941f-1071bf88b127,24UTFCP04,CORE-VIII-WOMEN'S APPAREL PRACTICAL,f1e815df-d6d0-41d1-9448-8d598bc5cab3,create
a33138b6-4eea-4675-941f-1071bf88b127,a33138b6-4eea-4675-941f-1071bf88b127,24UTFCP05,SURFACE EMBELLISHMENT AND FASHION ACCESSORIES PRACTICAL,9f684012-7804-47bd-8749-ee2ae296ced0,create
a33138b6-4eea-4675-941f-1071bf88b127,a33138b6-4eea-4675-941f-1071bf88b127,24UTFCP06,MEN’S APPAREL PRACTICAL,4e764c65-092d-454c-96c7-1b30803aa9b2,create
a33138b6-4eea-4675-941f-1071bf88b127,a33138b6-4eea-4675-941f-1071bf88b127,24UTFCP07,CAD IN  GARMENT DESIGNING   PRACTICAL,093dc973-aebc-46a9-a7fe-0c91cbf2c550,create
a33138b6-4eea-4675-941f-1071bf88b127,a33138b6-4eea-4675-941f-1071bf88b127,24UTFCP08,FASHION PORTFOLIO PRESENTATION VIVA VOCE,6c59a93c-15cf-4b0e-9312-763eb3ee629c,create
a33138b6-4eea-4675-941f-1071bf88b127,a33138b6-4eea-4675-941f-1071bf88b127,24UTFDE01,DISCIPLINE SPECIFIC ELECTIVE-I- PATTERN MAKING AND GRADING,b14a7ae2-c3c6-4bc9-aae1-94b333e9d66a,create
a33138b6-4eea-4675-941f-1071bf88b127,a33138b6-4eea-4675-941f-1071bf88b127,24UTFDE02,DISCIPLINE SPECIFIC ELECTIVE-1-PATTERN MAKING AND GRADING,f35218c3-b480-4f4d-825f-2a0b3f29774c,create
a33138b6-4eea-4675-941f-1071bf88b127,a33138b6-4eea-4675-941f-1071bf88b127,24UTFDE04,DISCIPLINE SPECIFIC ELECTIVE-II-APPAREL MANUFACTURING MACHINERIES AND EQUIPMENTS,7fb209a4-4211-4f5c-ab16-9f1acd884da9,create
a33138b6-4eea-4675-941f-1071bf88b127,a33138b6-4eea-4675-941f-1071bf88b127,24UTFDE05,DISCIPLINE SPECIFIC ELECTIVE-II-CARE AND MAINTENANCE OF TEXTILES,fb4420ee-7007-4dfe-8309-10afec6f6a49,create
a33138b6-4eea-4675-941f-1071bf88b127,a33138b6-4eea-4675-941f-1071bf88b127,24UTFDE06,DISCIPLINE SPECIFIC ELECTIVE-II-GARMENT ACCESSORIES AND TRIMS,b406224f-15a8-4c84-ade8-d9f880c5b5bf,create
a33138b6-4eea-4675-941f-1071bf88b127,a33138b6-4eea-4675-941f-1071bf88b127,24UTFDE07,DISCIPLINE SPECIFIC ELECTIVE-III-FASHION BUSINESS COMMUNICATION,9e4e1939-1edf-4b89-aec2-7aa13d1b5c8c,create
a33138b6-4eea-4675-941f-1071bf88b127,a33138b6-4eea-4675-941f-1071bf88b127,24UTFDE08,DISCIPLINE SPECIFIC ELECTIVE-III-BASICS OF COSMETOLOGY,1d9d51cf-a44f-467c-9952-fa75f93a3c19,create
a33138b6-4eea-4675-941f-1071bf88b127,a33138b6-4eea-4675-941f-1071bf88b127,24UTFDE09,DISCIPLINE SPECIFIC ELECTIVE-IV-COSTUMES AND TEXTILE OF INDIA,c607c0c9-b52d-48fc-8068-37e7c5b5d9a7,create
a33138b6-4eea-4675-941f-1071bf88b127,a33138b6-4eea-4675-941f-1071bf88b127,24UTFDE10,DISCIPLINE SPECIFIC ELECTIVE-IV-FASHION APPRECIATION,94066c02-4acf-4206-8732-74ef27ef475d,create
a33138b6-4eea-4675-941f-1071bf88b127,a33138b6-4eea-4675-941f-1071bf88b127,24UTFDE11,ORGANISATION OF GARMENT UNIT,6d338363-9799-4566-8e9f-1ca8cfaf0f0d,create
a33138b6-4eea-4675-941f-1071bf88b127,a33138b6-4eea-4675-941f-1071bf88b127,24UTFDE12,COMPUTER APPLICATION IN GARMENT DESIGNING,4ec87c60-8590-480c-9f70-062247eff33f,create
a33138b6-4eea-4675-941f-1071bf88b127,a33138b6-4eea-4675-941f-1071bf88b127,24UTFDE13,ENTREPRENEURSHIP DEVELOPEMNET,4002984d-bd87-4617-927f-de852bc42282,create
a33138b6-4eea-4675-941f-1071bf88b127,a33138b6-4eea-4675-941f-1071bf88b127,24UTFDE14,FASHION PHOTOGRAPHY,977ccd41-ae5a-47a9-bb8f-14d177e894b5,create
a33138b6-4eea-4675-941f-1071bf88b127,a33138b6-4eea-4675-941f-1071bf88b127,24UTFDE15,ECO TEXTILE,b2137d1a-d3f3-44f6-b267-bbc776c74a90,create
a33138b6-4eea-4675-941f-1071bf88b127,a33138b6-4eea-4675-941f-1071bf88b127,24UTFDE16,APPAREL PRODUCTION  MANAGEMENT,9917b990-8498-475b-afc7-2f86dd9385c0,create
a33138b6-4eea-4675-941f-1071bf88b127,a33138b6-4eea-4675-941f-1071bf88b127,24UTFDE17,TECHNICAL TEXTILES,d8fb0dd5-e213-48b9-8078-4e5fd5582f36,create
a33138b6-4eea-4675-941f-1071bf88b127,a33138b6-4eea-4675-941f-1071bf88b127,24UTFDE18,FASHION MARKETING,4f2c6b88-36a0-4eba-9dbf-aa83ae78edb5,create
a33138b6-4eea-4675-941f-1071bf88b127,a33138b6-4eea-4675-941f-1071bf88b127,24UTFDE19,INTERNATIONAL TRADE AND DOCUMENTATION,6c05ca3a-e036-4b48-931d-af0742a75074,create
a33138b6-4eea-4675-941f-1071bf88b127,a33138b6-4eea-4675-941f-1071bf88b127,24UTFDE20,INDUSTRIAL ENGINEERING,cc452c6e-c0a7-4dfd-9ad6-a4cc164a4082,create
a33138b6-4eea-4675-941f-1071bf88b127,a33138b6-4eea-4675-941f-1071bf88b127,24UTFDE21,APPAREL BRAND MANAGEMENT,9bdc8c1b-63a3-411b-9086-52f2f6f9d0ed,create
a33138b6-4eea-4675-941f-1071bf88b127,a33138b6-4eea-4675-941f-1071bf88b127,24UTFDEP01,DISCIPLINE SPECIFIC ELECTIVE-III-FASHION DRAPING PRACTICAL,4ac7a164-e93e-4e46-8694-90ab9341bbd6,create
a33138b6-4eea-4675-941f-1071bf88b127,a33138b6-4eea-4675-941f-1071bf88b127,24UTFDEP02,DISCIPLINE SPECIFIC ELECTIVE-IV-FASHION DESIGNING PRACTICAL,a61f233a-b6fd-4523-b13b-577a53ea5bca,create
a33138b6-4eea-4675-941f-1071bf88b127,a33138b6-4eea-4675-941f-1071bf88b127,24UTFDEP03,HOME TEXTILE PRACTICAL,bc7ed47e-8c4c-4a78-b48c-5dadefe43d15,create
a33138b6-4eea-4675-941f-1071bf88b127,a33138b6-4eea-4675-941f-1071bf88b127,24UTFDSE22,WARDROBE PLANNING AND STORE MANAGEMENT,791ed223-13ea-448c-bc98-24d38f7ec168,create
a33138b6-4eea-4675-941f-1071bf88b127,a33138b6-4eea-4675-941f-1071bf88b127,24UTFFP01,"SEC-I - FOUNDATION COURSE, BASIC ILLUSTRATION AND SKETCHING PRACTICAL",480264eb-c2d0-4ffc-8e5c-344369242845,create
a33138b6-4eea-4675-941f-1071bf88b127,a33138b6-4eea-4675-941f-1071bf88b127,24UTFNMP01,NME-I-E-DESIGNING PRACTICAL,beace26a-f985-4776-9360-c3a0aa91aac7,create
a33138b6-4eea-4675-941f-1071bf88b127,a33138b6-4eea-4675-941f-1071bf88b127,24UTFNMP02,NME-II-NEEDLE CRAFT AND FABRIC PAINTING PRACTICAL,b66e8fd9-cd53-4210-a0e8-50f60a2febec,create
a33138b6-4eea-4675-941f-1071bf88b127,a33138b6-4eea-4675-941f-1071bf88b127,24UTFS01,SEC-V-FASHION DESIGNING,2a6a0489-ea40-43a7-970b-e71316c72209,create
a33138b6-4eea-4675-941f-1071bf88b127,a33138b6-4eea-4675-941f-1071bf88b127,24UTFS02,SEC-VI-BOUTIQUE MANAGEMENT,eb6a2091-93c5-4391-abf4-2b1b634a22e2,create
a33138b6-4eea-4675-941f-1071bf88b127,a33138b6-4eea-4675-941f-1071bf88b127,24UTFSI01,INTERNSHIP PROJECT VIVA VOCE,1fabae02-67c6-4222-a413-ed376f9a14fe,create
a33138b6-4eea-4675-941f-1071bf88b127,a33138b6-4eea-4675-941f-1071bf88b127,24UTFSP01,SEC-II-BASIC PATTERN MAKING PRACTICAL,eb07a592-6d19-4656-8111-6b9611b1cfd7,create
a33138b6-4eea-4675-941f-1071bf88b127,a33138b6-4eea-4675-941f-1071bf88b127,24UTFSP02,SEC-III-BEAUTY CARE PRACTICAL,489d93a6-ff75-4a95-aa28-072d539bbb9f,create
a33138b6-4eea-4675-941f-1071bf88b127,a33138b6-4eea-4675-941f-1071bf88b127,24UTFSP03,SEC-IV-TEXTILE WET PROCESSING PRACTICAL,e57fd2d3-229e-482c-8c62-b61989b807ba,create
a33138b6-4eea-4675-941f-1071bf88b127,a33138b6-4eea-4675-941f-1071bf88b127,24UUCSDSE11,FUZZY LOGIC,dcfb5c70-ddcd-4954-9c58-b14dbb22df7b,create
a33138b6-4eea-4675-941f-1071bf88b127,a33138b6-4eea-4675-941f-1071bf88b127,24UVCC01,CORE-I-INTRODUCTION TO HUMAN COMMUNICATION,f46fe75d-0aab-4a8c-b353-82159ef13391,create
a33138b6-4eea-4675-941f-1071bf88b127,a33138b6-4eea-4675-941f-1071bf88b127,24UVCC02,CORE-II-VISUAL ARTS AND AESTHETICS,d8c83afa-9eaf-4c56-b6c2-f36cc3f58a4d,create
a33138b6-4eea-4675-941f-1071bf88b127,a33138b6-4eea-4675-941f-1071bf88b127,24UVCC03,CORE-III-UNDERSTANDING VISUAL COMMUNICATION,7caa6e27-6f54-413e-9c7d-6536f87db091,create
a33138b6-4eea-4675-941f-1071bf88b127,a33138b6-4eea-4675-941f-1071bf88b127,24UVCC04,CORE-V: MULTIMEDIA TECHNOLOGIES AND STANDARDS,b951be3a-c3a0-429f-b784-ca67bc3816e8,create
a33138b6-4eea-4675-941f-1071bf88b127,a33138b6-4eea-4675-941f-1071bf88b127,24UVCC05,CORE-VII-FILM APPRECIATION AND ANALYSIS(THEORY),e02ab739-22c8-4e38-9e81-5f6215ee298a,create
a33138b6-4eea-4675-941f-1071bf88b127,a33138b6-4eea-4675-941f-1071bf88b127,24UVCC06,ADVERTISING AND BRAND COMMUNICATION,ba35e7c3-dc23-4aef-801b-d04c3f355fb6,create
a33138b6-4eea-4675-941f-1071bf88b127,a33138b6-4eea-4675-941f-1071bf88b127,24UVCC07,USER EXPERIENCE DESIGN,19ab729e-7656-48ac-9055-15737210e1f1,create
a33138b6-4eea-4675-941f-1071bf88b127,a33138b6-4eea-4675-941f-1071bf88b127,24UVCC08,MEDIA CULTURE IN TAMIL NADU,b4f527a6-3242-4eed-acd8-868e912da033,create
a33138b6-4eea-4675-941f-1071bf88b127,a33138b6-4eea-4675-941f-1071bf88b127,24UVCC09,MEDIA ENTREPRENEURSHIP,6c3d0fbf-56bd-4016-9f12-f37ac2d53b20,create
a33138b6-4eea-4675-941f-1071bf88b127,a33138b6-4eea-4675-941f-1071bf88b127,24UVCCP01,CORE-IV-PHOTOGRAPHY AND VIDEOGRAPHY PRACTICAL,70c12bd1-dd36-4836-ad50-0691cd8defc5,create
a33138b6-4eea-4675-941f-1071bf88b127,a33138b6-4eea-4675-941f-1071bf88b127,24UVCCP02,CORE-VI-AUDIO-VISUAL EDITING(PRACTICAL),163f95c2-8668-4da6-bbcf-3706922cb533,create
a33138b6-4eea-4675-941f-1071bf88b127,a33138b6-4eea-4675-941f-1071bf88b127,24UVCCP03,CORE-VIII-ANIMATION AND CHARACTER DESIGN(PRACTICAL),e0fe1230-f556-45cc-9477-51d33e9b1de5,create
a33138b6-4eea-4675-941f-1071bf88b127,a33138b6-4eea-4675-941f-1071bf88b127,24UVCCP04,ADVANCED 3D TEXTURING AND SCULPTING,cfa39451-01ac-4f5a-97bd-98cd028efdd7,create
a33138b6-4eea-4675-941f-1071bf88b127,a33138b6-4eea-4675-941f-1071bf88b127,24UVCCP05,3D ENVIRONMENT DESIGN,b7b6b78a-e766-405d-9f1f-5dc6fae87582,create
a33138b6-4eea-4675-941f-1071bf88b127,a33138b6-4eea-4675-941f-1071bf88b127,24UVCCP06,EXTENDED REALITY DESIGN,ab7f43c2-63b9-4425-8978-e6a565b86852,create
a33138b6-4eea-4675-941f-1071bf88b127,a33138b6-4eea-4675-941f-1071bf88b127,24UVCDE05,IMMERSIVE MEDIA DESIGN,71f2efb3-a506-4e0e-a626-9868b9b4c3fc,create
a33138b6-4eea-4675-941f-1071bf88b127,a33138b6-4eea-4675-941f-1071bf88b127,24UVCDE06,CYBER SECURITY TRAINING FOR MEDIA PROFESSIONALS,27470c0c-ed65-4092-afd0-67298be1235a,create
a33138b6-4eea-4675-941f-1071bf88b127,a33138b6-4eea-4675-941f-1071bf88b127,24UVCDEP01,DISCIPLINE SPECIFIC ELECTIVE-I-GRAPHIC DESIGN AND TYPOGRAPHY PRACTICAL,0463899f-a65d-42d4-9aa1-fa53f58a3049,create
a33138b6-4eea-4675-941f-1071bf88b127,a33138b6-4eea-4675-941f-1071bf88b127,24UVCDEP02,DISCIPLINE SPECIFIC ELECTIVE-II-PUBLICATION DESIGN PRACTICAL,c8247e62-16ba-4664-b77c-8d537231fc3b,create
a33138b6-4eea-4675-941f-1071bf88b127,a33138b6-4eea-4675-941f-1071bf88b127,24UVCDEP03,DISCIPLINE SPECIFIC ELECTIVE-III-2D AND 3D MODELLING(PRACTICAL),0c78703c-d7da-4ed1-8c66-7c552ec52871,create
a33138b6-4eea-4675-941f-1071bf88b127,a33138b6-4eea-4675-941f-1071bf88b127,24UVCDEP04,DISCIPLINE SPECIFIC ELECTIVE-COMPOSITING AND VISUAL EFFECTS(PRACTICAL),f045a114-b659-4d41-8fb8-7ea7394e797b,create
a33138b6-4eea-4675-941f-1071bf88b127,a33138b6-4eea-4675-941f-1071bf88b127,24UVCDEP05,SHORT FILMMAKING (FICTION OR NON-FICTION),e7398162-c2cf-493b-ac80-0bfd34a803c9,create
a33138b6-4eea-4675-941f-1071bf88b127,a33138b6-4eea-4675-941f-1071bf88b127,24UVCDEP06,CAPSTONE PROJECT,e0328e77-7a40-4ff6-9c18-7f61f4af613f,create
a33138b6-4eea-4675-941f-1071bf88b127,a33138b6-4eea-4675-941f-1071bf88b127,24UVCFP01,"SEC-I-FOUNDATION COURSE, DIGITAL DRAWING AND PAINTING PRACTICAL",dd869f48-f785-451c-bf53-7a507047bde2,create
a33138b6-4eea-4675-941f-1071bf88b127,a33138b6-4eea-4675-941f-1071bf88b127,24UVCNM01,NME-II-DIGITAL PHOTOGRAPHY,b2e3df32-3a28-43e2-964b-b96440b26b9f,create
a33138b6-4eea-4675-941f-1071bf88b127,a33138b6-4eea-4675-941f-1071bf88b127,24UVCNM02,NME-II-FILM STUDIES,750e83f7-55bf-448f-8d5f-fe5aa44d8933,create
a33138b6-4eea-4675-941f-1071bf88b127,a33138b6-4eea-4675-941f-1071bf88b127,24UVCNMP01,NME-I-DIGITAL STORYTELLING AND SCRIPTWRITING PRACTICAL,a75a0509-903b-471f-93ea-5d113911430e,create
a33138b6-4eea-4675-941f-1071bf88b127,a33138b6-4eea-4675-941f-1071bf88b127,24UVCS04,SEC-III: DESIGN THINKING,8b214bab-115b-4a18-9219-cf16b764e80a,create
a33138b6-4eea-4675-941f-1071bf88b127,a33138b6-4eea-4675-941f-1071bf88b127,24UVCSEC03,SEC-IV-DESIGN THINKING(THEORY),ce933d44-c7dc-4830-9d68-93f9caf5607c,create
a33138b6-4eea-4675-941f-1071bf88b127,a33138b6-4eea-4675-941f-1071bf88b127,24UVCSP01,SEC-I-IMAGE EDITING AND COLOR MANAGEMENT PRACTICAL,a6a472d8-8786-4b9c-8219-e5299024a357,create
a33138b6-4eea-4675-941f-1071bf88b127,a33138b6-4eea-4675-941f-1071bf88b127,24UVCSP02,SEC-V-MULTIMEDIA CONTENT PACKAGING(PRACTICAL),b1ae5acc-376e-4aeb-83d2-27738747ce97,create
a33138b6-4eea-4675-941f-1071bf88b127,a33138b6-4eea-4675-941f-1071bf88b127,24UVCSP03,SEC-III-SCRIPT WRTING AND STORY BOARD DEVELOPMENT(PRACTICAL),2655cf3f-8c09-4adb-bdce-d31386b60abb,create
a33138b6-4eea-4675-941f-1071bf88b127,a33138b6-4eea-4675-941f-1071bf88b127,24UVCSP04,SEC-IV-DIGITAL SKILLS FOR EMPLOTABILITY-LEARNING PATHWAY-MICROSOFT OFFICE FUNDAMENTALS AND LINKEDIN CAREER ESSENTIALS(PRACTICAL),2b0f07a0-1738-4a77-a94f-0db455cd1d8a,create
a33138b6-4eea-4675-941f-1071bf88b127,a33138b6-4eea-4675-941f-1071bf88b127,24UVD01,VALUE EDUCATION : YOGA,6bccfa17-acc8-47ce-bf16-8957e325a7cd,create
a33138b6-4eea-4675-941f-1071bf88b127,a33138b6-4eea-4675-941f-1071bf88b127,24UVE01,VALUE EDUCATION,d9a6d61e-362b-4617-b6ae-7391c19a7715,create
a33138b6-4eea-4675-941f-1071bf88b127,a33138b6-4eea-4675-941f-1071bf88b127,24UVED01,VALUE EDUCATION- YOGA,92e4d544-7cc0-4544-aa58-a1057f607438,create
a33138b6-4eea-4675-941f-1071bf88b127,a33138b6-4eea-4675-941f-1071bf88b127,24UZOC01,CORE-I-INVERTEBRATA-I,d2babc58-0a41-4c08-8547-411bddb6fc2b,create
a33138b6-4eea-4675-941f-1071bf88b127,a33138b6-4eea-4675-941f-1071bf88b127,24UZOC02,CORE-II-INVERTEBRATA-II,ba037896-72d5-4a22-9424-c7c46f98a5e5,create
a33138b6-4eea-4675-941f-1071bf88b127,a33138b6-4eea-4675-941f-1071bf88b127,24UZOC03,CORE-III-CHORDATA ,182835a1-6495-4eef-b6a2-77b130f1e439,create
a33138b6-4eea-4675-941f-1071bf88b127,a33138b6-4eea-4675-941f-1071bf88b127,24UZOC04,CORE-IV-CELL BIOLOGY,def30b29-d06b-4b27-9559-77c12cb67e2c,create
a33138b6-4eea-4675-941f-1071bf88b127,a33138b6-4eea-4675-941f-1071bf88b127,24UZOC05,CORE-V-GENETICS,e5d08950-2385-4594-b843-74551963368c,create
a33138b6-4eea-4675-941f-1071bf88b127,a33138b6-4eea-4675-941f-1071bf88b127,24UZOC06,CORE-VI-DEVELOPMENTAL BIOLOGY,ad89aa0f-e9e2-4c6d-8984-4602d4c9c872,create
a33138b6-4eea-4675-941f-1071bf88b127,a33138b6-4eea-4675-941f-1071bf88b127,24UZOC07,EVOLUTIONARY BIOLOGY,8acbe85c-6207-49d3-b43f-2647bbac7590,create
a33138b6-4eea-4675-941f-1071bf88b127,a33138b6-4eea-4675-941f-1071bf88b127,24UZOC08,ANIMAL PHYSIOLOGY,c723ee20-20e1-4218-a7b2-ee71f353253f,create
a33138b6-4eea-4675-941f-1071bf88b127,a33138b6-4eea-4675-941f-1071bf88b127,24UZOC09,ENVIRONMENTAL BIOLOGY,be881781-6809-48a8-a26f-4e8de7b0cbed,create
a33138b6-4eea-4675-941f-1071bf88b127,a33138b6-4eea-4675-941f-1071bf88b127,24UZOC10,ANIMAL BIOTECHNOLOGY,fa430698-9d60-41d4-8ccc-dba9726d24bb,create
a33138b6-4eea-4675-941f-1071bf88b127,a33138b6-4eea-4675-941f-1071bf88b127,24UZOC11,MICROBIOLOGY,0f431a1e-1249-40a2-b780-2884ce170c56,create
a33138b6-4eea-4675-941f-1071bf88b127,a33138b6-4eea-4675-941f-1071bf88b127,24UZOC12,IMMUNOLOGY,7f1741ca-10b9-4949-a1d2-4347c33fc276,create
a33138b6-4eea-4675-941f-1071bf88b127,a33138b6-4eea-4675-941f-1071bf88b127,24UZOCP01,CORE LAB-I-INVERTEBRATA AND CHORDATA,be069aed-42a5-4609-82e8-e2d0d598fa92,create
a33138b6-4eea-4675-941f-1071bf88b127,a33138b6-4eea-4675-941f-1071bf88b127,24UZOCP01A,CORE LAB-I INVERTEBRATA AND CHORDATA,e33c9184-5301-474a-bcb3-27b5de27b15b,create
a33138b6-4eea-4675-941f-1071bf88b127,a33138b6-4eea-4675-941f-1071bf88b127,24UZOCP02,"CORE LAB COURSE-II CELL BIOLOGY, GENETICS AND DEVELOPMENTAL BIOLOGY",317b3535-7d0f-4639-8436-8431cbc5c3eb,create
a33138b6-4eea-4675-941f-1071bf88b127,a33138b6-4eea-4675-941f-1071bf88b127,24UZOCP02A,"CORE LAB COURSE-II CELL BIOLOGY, GENETICS AND DEVELOPMENTAL BIOLOGY",23d15282-d2c9-4d0a-9a68-7c4706140f11,create
a33138b6-4eea-4675-941f-1071bf88b127,a33138b6-4eea-4675-941f-1071bf88b127,24UZOCP03,"EVOLUTIONARY BIOLOGY,  ANIMAL  PHYSIOLOGY, ENVIRONMENTAL BIOLOGY AND MLT",aac0ffbc-604c-4add-8614-fb062125f669,create
a33138b6-4eea-4675-941f-1071bf88b127,a33138b6-4eea-4675-941f-1071bf88b127,24UZOCP04,ANIMAL BIOTECHNOLOGY MICROBIOLOGY AND IMMUNOLOGY,637895a3-fc5d-48f9-b968-499ec6231abe,create
a33138b6-4eea-4675-941f-1071bf88b127,a33138b6-4eea-4675-941f-1071bf88b127,24UZOE01,AGRICULTURAL ENTOMOLOGY,231f2434-2de4-443f-beb3-9d24fee387a5,create
a33138b6-4eea-4675-941f-1071bf88b127,a33138b6-4eea-4675-941f-1071bf88b127,24UZOE02,MEDICAL LABORATORY TECHNIQUES,f64d20e3-4b88-4b06-adf7-27ed711bc7e0,create
a33138b6-4eea-4675-941f-1071bf88b127,a33138b6-4eea-4675-941f-1071bf88b127,24UZOFC1,FOUNDATION COURSE-ECONOMIC ZOOLOGY,d32ca41d-a66e-4bc7-9ba3-e5d54a1d66fe,create
a33138b6-4eea-4675-941f-1071bf88b127,a33138b6-4eea-4675-941f-1071bf88b127,24UZOGE01,GENERIC ELECTIVE ZOOLOGY-I,e8b6fa90-4a35-4e41-b8e7-046259621476,create
a33138b6-4eea-4675-941f-1071bf88b127,a33138b6-4eea-4675-941f-1071bf88b127,24UZOGE02,GENERIC ELECTIVE ZOOLOGY-II,717e8ae9-da88-4e51-9d57-4e22e260ce14,create
a33138b6-4eea-4675-941f-1071bf88b127,a33138b6-4eea-4675-941f-1071bf88b127,24UZOGE1,GENERIC ELECTIVE ZOOLOGY-I,e8430b8d-2cbc-4237-9c4d-02dc84b40dfa,create
a33138b6-4eea-4675-941f-1071bf88b127,a33138b6-4eea-4675-941f-1071bf88b127,24UZOGE2,GENERIC ELECTIVE ZOOLOGY-II,ad5d1ba1-076b-40f2-91c7-48409fc7f801,create
a33138b6-4eea-4675-941f-1071bf88b127,a33138b6-4eea-4675-941f-1071bf88b127,24UZOGEP01,GENERIC ELECTIVE ZOOLOGY  PRACTICAL,61746d25-23d8-4ff5-ac2c-9d9b084b059b,create
a33138b6-4eea-4675-941f-1071bf88b127,a33138b6-4eea-4675-941f-1071bf88b127,24UZOGEP01A,GENERIC ELECTIVE ZOOLOGY PRACTICAL,d702d5c5-9880-4b54-9508-bca6358d2913,create
a33138b6-4eea-4675-941f-1071bf88b127,a33138b6-4eea-4675-941f-1071bf88b127,24UZOIN01,INTERNSHIP,35a4b019-4d3c-40c6-a583-bb312861cc38,create
a33138b6-4eea-4675-941f-1071bf88b127,a33138b6-4eea-4675-941f-1071bf88b127,24UZONM1,NME-I-ANIMAL BEHAVIOR,e1932f21-1944-4fe2-9c75-bef2140ff859,create
a33138b6-4eea-4675-941f-1071bf88b127,a33138b6-4eea-4675-941f-1071bf88b127,24UZONM2,NME-I-SERICULTURE,eb93462e-f59c-48fb-94b0-5e6d8b86ac03,create
a33138b6-4eea-4675-941f-1071bf88b127,a33138b6-4eea-4675-941f-1071bf88b127,24UZONM3,NME-II-WILDLIFE CONSERVATION AND MANAGEMENT,7605f808-727d-4a71-bd6a-be0edb8b1886,create
a33138b6-4eea-4675-941f-1071bf88b127,a33138b6-4eea-4675-941f-1071bf88b127,24UZONM4,NME-II-APICULTURE,b235c5f0-3a12-4619-8bad-7b5c18e9b1cb,create
a33138b6-4eea-4675-941f-1071bf88b127,a33138b6-4eea-4675-941f-1071bf88b127,24UZOPCS1,EMPLOYABILITY READINESS,3f6fea5b-4f7d-482e-b942-bceff0194688,create
a33138b6-4eea-4675-941f-1071bf88b127,a33138b6-4eea-4675-941f-1071bf88b127,24UZOS01,SEC-I-BASICS OF MARINE BIOLOGY,1cda8dd8-353b-49c3-9397-e616e2e76af6,create
a33138b6-4eea-4675-941f-1071bf88b127,a33138b6-4eea-4675-941f-1071bf88b127,24UZOS02,SEC-II-AQUARIUM KEEPING,35549b4b-2005-4c33-957b-6d241ed48447,create
a33138b6-4eea-4675-941f-1071bf88b127,a33138b6-4eea-4675-941f-1071bf88b127,24UZOS03,SEC-III-BIOCOMPSITING FOR ENTREPRENEURSHIP,a8c4306c-8d7f-4ec1-8d0c-ddeba0c38444,create
a33138b6-4eea-4675-941f-1071bf88b127,a33138b6-4eea-4675-941f-1071bf88b127,24UZOS04,SEC-III-ZOOLOGICAL CONCEPTS IN INDIAN KNOWLEDGE SYSTEMS,56a85bc6-7c80-45f3-bfcc-2096c3e4ad45,create
a33138b6-4eea-4675-941f-1071bf88b127,a33138b6-4eea-4675-941f-1071bf88b127,24UZOS05,"SKILL ENHANCEMENT COURSE-SEC-IV-FOOD, NUTRITION AND HEALTH",adaf7aa7-30e2-4e77-967b-338f114090d6,create
a33138b6-4eea-4675-941f-1071bf88b127,a33138b6-4eea-4675-941f-1071bf88b127,24UZOS06,SKILL ENHANCEMENT COURSE-SEC-V-ONAMENTAL FISH FARMING AND MANAGEMENT,8d0cfeca-c06f-4808-9802-df0eea6d3517,create
a33138b6-4eea-4675-941f-1071bf88b127,a33138b6-4eea-4675-941f-1071bf88b127,25PDAC01,CORE-I-DISCRIPTIVE STATISTICS,8f915414-e65a-44cb-9900-cdba6601330f,create
a33138b6-4eea-4675-941f-1071bf88b127,a33138b6-4eea-4675-941f-1071bf88b127,25PDAC02,CORE-II-FOUNDATIONS OF DATA SICENCE,1510b2b3-1715-4322-b1c7-c7f15e72c053,create
a33138b6-4eea-4675-941f-1071bf88b127,a33138b6-4eea-4675-941f-1071bf88b127,25PDAC03,CORE-III-LINEAR ALGEBRA,48bf554d-7571-45f4-9bc4-447d493b1347,create
a33138b6-4eea-4675-941f-1071bf88b127,a33138b6-4eea-4675-941f-1071bf88b127,25PDAC04,CORE-IV-MACHINE LEARNING,1c67d61e-7eed-4755-8004-fe32e45a199a,create
a33138b6-4eea-4675-941f-1071bf88b127,a33138b6-4eea-4675-941f-1071bf88b127,25PDAC05,CORE-V-BIG DATA FRAMEWORK,ce2899a4-a8b7-4d08-9c50-a1f7c26282ef,create
a33138b6-4eea-4675-941f-1071bf88b127,a33138b6-4eea-4675-941f-1071bf88b127,25PDAC06,BIG DATA WITH SPARK AND HIVE,58918721-f16e-492e-b5ef-52099aa8a01d,create
a33138b6-4eea-4675-941f-1071bf88b127,a33138b6-4eea-4675-941f-1071bf88b127,25PDAC07,APPLIED STATISTICS,69c30d9c-7fde-4960-a0e9-108cb75bbc0f,create
a33138b6-4eea-4675-941f-1071bf88b127,a33138b6-4eea-4675-941f-1071bf88b127,25PDAC08,DATA MINING,5b72e9c0-05bf-4b3b-9dc6-2390b0aab133,create
a33138b6-4eea-4675-941f-1071bf88b127,a33138b6-4eea-4675-941f-1071bf88b127,25PDAC09,RESEARCH METHODOLOGY,87dbc365-3edc-44c5-b900-3bf9ec9b965f,create
a33138b6-4eea-4675-941f-1071bf88b127,a33138b6-4eea-4675-941f-1071bf88b127,25PDAC10,CLOUD COMPUTING,7b299e9d-56fd-4e4f-8a4f-9492cb16bfc2,create
a33138b6-4eea-4675-941f-1071bf88b127,a33138b6-4eea-4675-941f-1071bf88b127,25PDAC11,CYBER SECURITY,e903a345-7475-46a6-9652-9eae7ad5d4ef,create
a33138b6-4eea-4675-941f-1071bf88b127,a33138b6-4eea-4675-941f-1071bf88b127,25PDACP01,LAB-I-ORACLE AND SQL LAB,b713b280-a6e9-4cd3-9178-4d697a594000,create
a33138b6-4eea-4675-941f-1071bf88b127,a33138b6-4eea-4675-941f-1071bf88b127,25PDACP02,"LAB-II-DATA ANALYTICS LAB-I(R,SPSS,SCI LAB)",4fa66eb5-52f8-431c-b923-46adaed05585,create
a33138b6-4eea-4675-941f-1071bf88b127,a33138b6-4eea-4675-941f-1071bf88b127,25PDACP03,"LAB-III-DATA ANALYTICS LAB-II-(HADOOP, MAP REDUCE & R,SPSS)",05d6c571-558a-45cf-a715-40ccb0d07e8e,create
a33138b6-4eea-4675-941f-1071bf88b127,a33138b6-4eea-4675-941f-1071bf88b127,25PDACP04,LAB-IV-MACHINE LEARNING AND PYTHON LAB,f1150ff7-8e3f-475a-8c56-ff1d6232d035,create
a33138b6-4eea-4675-941f-1071bf88b127,a33138b6-4eea-4675-941f-1071bf88b127,25PDACP05,"DATA ANALYTICS LAB III   (SPARK, HIVE)",ee0c6d6a-af0b-4b12-b475-19612716f333,create
a33138b6-4eea-4675-941f-1071bf88b127,a33138b6-4eea-4675-941f-1071bf88b127,25PDACP06,DATA MINING AND VISUALIZATION LAB,e3815303-91b2-47b3-806e-e846754325cf,create
a33138b6-4eea-4675-941f-1071bf88b127,a33138b6-4eea-4675-941f-1071bf88b127,25PDAE01,ELECTIVE-I-DATA STRUCTURES,6087ba71-ec64-4027-912c-f2f7a709d28e,create
a33138b6-4eea-4675-941f-1071bf88b127,a33138b6-4eea-4675-941f-1071bf88b127,25PDAE02,ELECTIVE-I-INFORMATION RETRIEVAL,087e1e6f-6e7f-425b-a69f-91b354a91af8,create
a33138b6-4eea-4675-941f-1071bf88b127,a33138b6-4eea-4675-941f-1071bf88b127,25PDAE03,ELECTIVE-II-RDBMS AND SQL,e8492125-efdc-41d9-afda-7ff1e712c255,create
a33138b6-4eea-4675-941f-1071bf88b127,a33138b6-4eea-4675-941f-1071bf88b127,25PDAE04,ELECTIVE-II-INFORMATION SECURITY,5e7809e1-0b09-4091-9c74-35b19eb9f5f0,create
a33138b6-4eea-4675-941f-1071bf88b127,a33138b6-4eea-4675-941f-1071bf88b127,25PDAE05,ELECTIVE-III-DATA SCIENCE WITH PYTHON,b82e021a-312b-4ccb-bd24-096948029590,create
a33138b6-4eea-4675-941f-1071bf88b127,a33138b6-4eea-4675-941f-1071bf88b127,25PDAE06,ELECTIVE-III-WEB DATA ANALYTICS,cec5d4f8-0d1c-4d16-9826-3098af67bd0b,create
a33138b6-4eea-4675-941f-1071bf88b127,a33138b6-4eea-4675-941f-1071bf88b127,25PDAE07,ELECTIVE-IV-SOCIAL MEDIA ANALYTICS,1a8d7c73-70bd-4858-a699-225256fe9760,create
a33138b6-4eea-4675-941f-1071bf88b127,a33138b6-4eea-4675-941f-1071bf88b127,25PDAE08,ELECTIVE-IV-CUSTOMER ANALYTICS,f8ac6f73-967a-4714-8981-c4275d72068b,create
a33138b6-4eea-4675-941f-1071bf88b127,a33138b6-4eea-4675-941f-1071bf88b127,25PDAE09,BUSINESS ANALYTICS,904e0a2b-860a-427e-8f95-d9778d46069b,create
a33138b6-4eea-4675-941f-1071bf88b127,a33138b6-4eea-4675-941f-1071bf88b127,25PDAE10,MARKETING ANALYTICS,790cfcd5-c0fb-4b0e-8847-28318f76fa9f,create
a33138b6-4eea-4675-941f-1071bf88b127,a33138b6-4eea-4675-941f-1071bf88b127,25PDAED1,EXTRA DISCIPLINARY COURSE [EDC] – I PRINCIPLES OF INFORMATION TECNOLOGY,bf821223-3996-4e68-a177-bd716a149d58,create
a33138b6-4eea-4675-941f-1071bf88b127,a33138b6-4eea-4675-941f-1071bf88b127,25PDAED2,EXTRA DISCIPLINARY COURSE [EDC] – II FUNDAMENTALS OF COMPUTERS AND COMMUNICATIONS,ec6fdf39-d3b9-49bd-90b0-6f49ac2b00ac,create
a33138b6-4eea-4675-941f-1071bf88b127,a33138b6-4eea-4675-941f-1071bf88b127,25PDAED3,EXTRA DISCIPLINARY COURSE [EDC] – I E-COMMERCE,e647bbaf-a2d7-462d-bca8-1e3a9a8d3c06,create
a33138b6-4eea-4675-941f-1071bf88b127,a33138b6-4eea-4675-941f-1071bf88b127,25PDAED4,EXTRA DISCIPLINARY COURSE [EDC] – I ADVANCEMETS IN INDUSTRY 4.0,e56714eb-bd91-4aa6-853b-995a69713fc1,create
a33138b6-4eea-4675-941f-1071bf88b127,a33138b6-4eea-4675-941f-1071bf88b127,25PDAEP01,CLOUD COMPUTING – LAB,eb34483e-774e-4500-8765-45631a1f5c3f,create
a33138b6-4eea-4675-941f-1071bf88b127,a33138b6-4eea-4675-941f-1071bf88b127,25PDAEP02,DIGITAL IMAGE PROCESSING LAB USING MATLAB,62ab757e-4580-48ea-bbd8-5898ddd83bcc,create
a33138b6-4eea-4675-941f-1071bf88b127,a33138b6-4eea-4675-941f-1071bf88b127,25PDASECP01,DATA VISUALIZATION LAB/,f0b5b78d-3e2c-4ff0-8745-2cd0cc066524,create
a33138b6-4eea-4675-941f-1071bf88b127,a33138b6-4eea-4675-941f-1071bf88b127,25PDASECP02,SOFT SKILL DEVELOPMENT LAB,204adc84-6448-4cec-add4-f38cdb5a35a1,create
a33138b6-4eea-4675-941f-1071bf88b127,a33138b6-4eea-4675-941f-1071bf88b127,25PENC03,CORE-III-ENGLISH FICTION,b9989818-d7d3-42a3-b5e6-e967b5e6bef6,create
a33138b6-4eea-4675-941f-1071bf88b127,a33138b6-4eea-4675-941f-1071bf88b127,25PENE01,Elective-I: Indian Writing in English,d7b5fe9d-3027-407d-bfff-5e48ec78454a,create
a33138b6-4eea-4675-941f-1071bf88b127,a33138b6-4eea-4675-941f-1071bf88b127,25PHR001,FUNDAMENTAL STUDY OF HUMAN RIGHTS,ff8cc71c-f588-4b77-98d2-b7761b07d087,create
a33138b6-4eea-4675-941f-1071bf88b127,a33138b6-4eea-4675-941f-1071bf88b127,25PZOC03,CELL AND MOLECULAR BIOLOGY,e0c320c1-eb67-4618-a6d7-8f82551e8e42,create
a33138b6-4eea-4675-941f-1071bf88b127,a33138b6-4eea-4675-941f-1071bf88b127,25PZOE03,ELECTIVE II- BIOSTATISTICS,936c0991-f8d7-4654-91a1-4ed3d6d6a30a,create
a33138b6-4eea-4675-941f-1071bf88b127,a33138b6-4eea-4675-941f-1071bf88b127,25PZOE06,ELECTIVE III- MEDICAL PARASITOLOGY,618514ee-af21-4005-9e1b-5422bf6d202a,create
a33138b6-4eea-4675-941f-1071bf88b127,a33138b6-4eea-4675-941f-1071bf88b127,25PZOE07,RESEARCH METHODOLOGY,64e28852-2545-4fda-a940-58e512a8d4b3,create
a33138b6-4eea-4675-941f-1071bf88b127,a33138b6-4eea-4675-941f-1071bf88b127,25PZOP01,INVERTEBRATES AND VERTEBRATES,5de0bc43-ce70-4229-854a-dd9ca01a84af,create
a33138b6-4eea-4675-941f-1071bf88b127,a33138b6-4eea-4675-941f-1071bf88b127,25PZOP02,CELL BIOLOGY AND DEVELOPMENTAL BIOLOGY,7242090c-85af-4bc9-bf29-7c19cd759a87,create
a33138b6-4eea-4675-941f-1071bf88b127,a33138b6-4eea-4675-941f-1071bf88b127,25UBAS02,SEC-II-BUSINESS ETIQUETTE AND CORPORATE GROOMING,6b540235-3ff8-45e3-a38c-c5146c3f2e0d,create
a33138b6-4eea-4675-941f-1071bf88b127,a33138b6-4eea-4675-941f-1071bf88b127,25UCCS02,SEC-II-INDUSTRIAL LAW,ee151b3d-8b74-4bc8-8c5d-f8e977cde258,create
a33138b6-4eea-4675-941f-1071bf88b127,a33138b6-4eea-4675-941f-1071bf88b127,25UCHS02,SEC-II-COSMETICS AND PERSONAL CARE PRODUCTS,5b80653a-20cb-49e2-b3ab-d51736876977,create
a33138b6-4eea-4675-941f-1071bf88b127,a33138b6-4eea-4675-941f-1071bf88b127,25UCMS02,SEC-II-INDUSTRIAL LAW,21d82eb1-4010-4e94-bc08-35d4a5eadfbb,create
a33138b6-4eea-4675-941f-1071bf88b127,a33138b6-4eea-4675-941f-1071bf88b127,25UCSS02,SEC-II-INTRODUCTION TO HTML,dc3dae02-1775-4528-b8e8-10ef8da7ee86,create
a33138b6-4eea-4675-941f-1071bf88b127,a33138b6-4eea-4675-941f-1071bf88b127,25UDIM01,DISASTER MANAGEMENT,b186fc99-bdf5-408c-a309-3ddca2804180,create
a33138b6-4eea-4675-941f-1071bf88b127,a33138b6-4eea-4675-941f-1071bf88b127,25UENS02,SEC-II-DIGITAL LITERACY AND CONCEPTS,a4706abe-8451-4b88-824a-0dc7fbd7ae8f,create
a33138b6-4eea-4675-941f-1071bf88b127,a33138b6-4eea-4675-941f-1071bf88b127,25UHIS02,SEC-II INDIAN CONSTITUTION,71f63077-9e30-435b-ab9e-b3c84eeb4fad,create
a33138b6-4eea-4675-941f-1071bf88b127,a33138b6-4eea-4675-941f-1071bf88b127,25UMAS02,SEC-II COMPUTATIONAL MATHEMATICS,d97ed1ea-326d-4f9b-9ae0-2336d34da299,create
a33138b6-4eea-4675-941f-1071bf88b127,a33138b6-4eea-4675-941f-1071bf88b127,25UMBSE01,SEC-I-SERICULTURE ,335b8a7e-0ec6-4e21-8a4c-463dd03cc3d6,create
a33138b6-4eea-4675-941f-1071bf88b127,a33138b6-4eea-4675-941f-1071bf88b127,25UPHS01,SEC-I-INSTRUMENTATION,3a34d70f-e917-4b0f-9034-b794d7e26c6d,create
a33138b6-4eea-4675-941f-1071bf88b127,a33138b6-4eea-4675-941f-1071bf88b127,25UTFSP01,SEC-II-BASIC PATTERN MAKING PRACTICAL,e2f4ba6b-7306-46b6-a641-2d828165b983,create
a33138b6-4eea-4675-941f-1071bf88b127,a33138b6-4eea-4675-941f-1071bf88b127,25UVCSP01,SEC-I-IMAGE EDITING AND COLOUR MANAGEMENT PRACTICAL,b7ec4a26-85f3-493b-963e-38269fbdf0fe,create
a33138b6-4eea-4675-941f-1071bf88b127,a33138b6-4eea-4675-941f-1071bf88b127,25UZOCP01,"CORE LAB I, INVERTEBRATA",bbe3fa75-9cc8-4ea8-88dd-d4d8cf9b3693,create
a33138b6-4eea-4675-941f-1071bf88b127,a33138b6-4eea-4675-941f-1071bf88b127,25UZOCP02,CORE LAB-II CHORDATA,b6bf8482-8d00-4c80-9737-ac6859b86670,create
a33138b6-4eea-4675-941f-1071bf88b127,a33138b6-4eea-4675-941f-1071bf88b127,25UZOS01,SEC-I BASICS OF MARINE BIOLOGY,04af78cf-f9ad-4fd6-80ef-094f55a86c78,create
a33138b6-4eea-4675-941f-1071bf88b127,a33138b6-4eea-4675-941f-1071bf88b127,26PCHC04,PHYSICAL CHEMISTRY-I,6081c992-684a-49d3-8d86-dea184b6daeb,create
a33138b6-4eea-4675-941f-1071bf88b127,a33138b6-4eea-4675-941f-1071bf88b127,26PENC11,TWENTY FIRST CENTURY MILLENNIAL LITERATURE,be373162-055d-4e93-b211-09957c9f87f0,create
a33138b6-4eea-4675-941f-1071bf88b127,a33138b6-4eea-4675-941f-1071bf88b127,26PENC12,SUBALTERN STUDIES,f1c51a2c-d910-4bf1-9091-162811665782,create
a33138b6-4eea-4675-941f-1071bf88b127,a33138b6-4eea-4675-941f-1071bf88b127,26PENPR1,PROJECT WITH VIVA-VOCE,9d49322e-c40c-4e49-96c2-fd8f96eee119,create
a33138b6-4eea-4675-941f-1071bf88b127,a33138b6-4eea-4675-941f-1071bf88b127,26PZOC02,COMPARATIVE ANATOMY OF VERTEBRATES,27277fe5-a5d4-4b18-bd16-0b67ed7a61c9,create
a33138b6-4eea-4675-941f-1071bf88b127,a33138b6-4eea-4675-941f-1071bf88b127,26PZOC03,CELL AND MOLECULAR BIOLOGY,2184387d-6a82-4952-97db-5f7adb3ba28d,create
a33138b6-4eea-4675-941f-1071bf88b127,a33138b6-4eea-4675-941f-1071bf88b127,26PZOC04,DEVELOPMENTAL BIOLOGY,99237768-f8e7-4bd5-b9c4-1bf293cef3ba,create
a33138b6-4eea-4675-941f-1071bf88b127,a33138b6-4eea-4675-941f-1071bf88b127,26PZOCP01,INVERTEBRATES AND VERTEBRATES,c486d71b-5236-460b-9a87-27f857bed82c,create
a33138b6-4eea-4675-941f-1071bf88b127,a33138b6-4eea-4675-941f-1071bf88b127,26PZOCP02,CELL BIOLOGY AND DEVELOPMENTAL BIOLOGY,20df1700-6573-497d-b090-d9191edbaee1,create
a33138b6-4eea-4675-941f-1071bf88b127,a33138b6-4eea-4675-941f-1071bf88b127,26PZOE03,BIOSTATISTICS,eaeffaea-eb67-422e-a2c5-96de2547676e,create
a33138b6-4eea-4675-941f-1071bf88b127,a33138b6-4eea-4675-941f-1071bf88b127,26PZOE04,BIOINSTRUMENTATION,102343cc-a476-4344-8e42-1acec5332205,create
a33138b6-4eea-4675-941f-1071bf88b127,a33138b6-4eea-4675-941f-1071bf88b127,26PZOE05,ECONOMIC ENTOMOLOGY,b5b2dfeb-785b-4cbd-ac3f-e28f4a7d8d87,create
a33138b6-4eea-4675-941f-1071bf88b127,a33138b6-4eea-4675-941f-1071bf88b127,26PZOE06,MEDICAL PARASITOLOGY,84e4c336-019a-4e1e-a91c-3d5302ab7fdf,create
a33138b6-4eea-4675-941f-1071bf88b127,a33138b6-4eea-4675-941f-1071bf88b127,26PZOE07,RESEARCH METHODOLOGY,3597fef8-33d2-4b42-a323-d307339a67a9,create
a33138b6-4eea-4675-941f-1071bf88b127,a33138b6-4eea-4675-941f-1071bf88b127,26PZOE08,BIOETHICS AND BIOSAFETY,29cad5c7-2017-43ee-bb16-84250a8a5996,create
a33138b6-4eea-4675-941f-1071bf88b127,a33138b6-4eea-4675-941f-1071bf88b127,26PZOED2,APICULTURE,a5e45a7e-2da2-4d37-89c6-6d34a81a6f11,create
a33138b6-4eea-4675-941f-1071bf88b127,a33138b6-4eea-4675-941f-1071bf88b127,2UVCSI01,SUMMER INTERNSHIP/INDUSTRIAL TRAINING,421f1d5c-5bd7-48c4-83a0-4d940ccd4729,create
b0b8a724-7c65-4f07-8047-2a38e8100ad5,b0b8a724-7c65-4f07-8047-2a38e8100ad5,24PCAC01,CORE-I-DISCRETE MATHEMATICS,7723eb40-f1a7-4f0c-8b9f-76450f4d0ba5,create
b0b8a724-7c65-4f07-8047-2a38e8100ad5,b0b8a724-7c65-4f07-8047-2a38e8100ad5,24PCAC02,CORE-II-LINUX & SHELL PROGRAMMING,fb6a4092-0aa8-40c5-b7fb-69a406e799eb,create
b0b8a724-7c65-4f07-8047-2a38e8100ad5,b0b8a724-7c65-4f07-8047-2a38e8100ad5,24PCAC03,CORE-III-PYTHON PROGRAMMING,12c439a4-cced-499d-90d1-3a71e430e32b,create
b0b8a724-7c65-4f07-8047-2a38e8100ad5,b0b8a724-7c65-4f07-8047-2a38e8100ad5,24PCAC04,CORE-VI-DATA STRUCTURES AND ALGORITHMS,186506d6-3699-49a5-8db8-e39e5c430e1a,create
b0b8a724-7c65-4f07-8047-2a38e8100ad5,b0b8a724-7c65-4f07-8047-2a38e8100ad5,24PCAC05,CORE-VII-DATA MINING AND WAREHOUSING,9ed310c2-a87d-4c56-942c-94b7c66465dd,create
b0b8a724-7c65-4f07-8047-2a38e8100ad5,b0b8a724-7c65-4f07-8047-2a38e8100ad5,24PCAC06,CORE-X-ADVANCED JAVA PROGRAMMING,0180255a-c45e-49eb-9994-a9f1d77bafd9,create
b0b8a724-7c65-4f07-8047-2a38e8100ad5,b0b8a724-7c65-4f07-8047-2a38e8100ad5,24PCAC07,CORE-XI-WEB TECHNOLOGY,bd94f92a-2c0d-400c-878a-8183b379a20c,create
b0b8a724-7c65-4f07-8047-2a38e8100ad5,b0b8a724-7c65-4f07-8047-2a38e8100ad5,24PCAC08,CORE-XII-ADVANCED MACHINE LEARNING,afa221fe-28e0-4ced-90cf-d3d7aef23036,create
b0b8a724-7c65-4f07-8047-2a38e8100ad5,b0b8a724-7c65-4f07-8047-2a38e8100ad5,24PCAC09,CORE-XV-DOT NET PROGRAMMING,97e3b41b-a5e5-48a2-a103-4e2ccbe484bb,create
b0b8a724-7c65-4f07-8047-2a38e8100ad5,b0b8a724-7c65-4f07-8047-2a38e8100ad5,24PCAC10,CORE-XVI-BIG DATA ANALYTICS,0c9e4535-6bdb-459d-8887-9deddcd826ec,create
b0b8a724-7c65-4f07-8047-2a38e8100ad5,b0b8a724-7c65-4f07-8047-2a38e8100ad5,24PCACP01,CORE-IV-LAB-I-LINUX & SHELL PROGRAMMING LAB,856292d9-f060-484f-9e1d-7fd6c17601cb,create
b0b8a724-7c65-4f07-8047-2a38e8100ad5,b0b8a724-7c65-4f07-8047-2a38e8100ad5,24PCACP02,CORE-V-LAB-II-PYTHON PROGRAMMING LAB,f33fcfa1-ba34-4a23-a092-83234ec0cc31,create
b0b8a724-7c65-4f07-8047-2a38e8100ad5,b0b8a724-7c65-4f07-8047-2a38e8100ad5,24PCACP03,CORE-VIII-LAB III-DATA STRUCTURES AND ALGORITHMS LAB,eb90a91d-e5d3-4d9d-840f-6d6e63d12721,create
b0b8a724-7c65-4f07-8047-2a38e8100ad5,b0b8a724-7c65-4f07-8047-2a38e8100ad5,24PCACP04,CORE-IX-INDUSTRY DYNAMICS TECHNOLOGY-DATA VISUALISATION LAB (SELF-STUDY COURSE),4765a0df-c6fb-4c13-907e-471ebaf08077,create
b0b8a724-7c65-4f07-8047-2a38e8100ad5,b0b8a724-7c65-4f07-8047-2a38e8100ad5,24PCACP05,CORE-XIII-LAB-IV ADVANCED JAVA PROGRAMMING LAB,5a4f9d83-cab5-4a4c-a319-ddfc86ab896d,create
b0b8a724-7c65-4f07-8047-2a38e8100ad5,b0b8a724-7c65-4f07-8047-2a38e8100ad5,24PCACP06,CORE-XIV-LAB-V WEB TECHNOLOGY LAB,8a51917f-3921-4f58-9648-22d29adcf5cb,create
b0b8a724-7c65-4f07-8047-2a38e8100ad5,b0b8a724-7c65-4f07-8047-2a38e8100ad5,24PCAE01,ELECTIVE-I-DATA ENGINEERING AND MANAGEMENT,ac1bf8d7-520c-4cce-a0f7-b9f92725d344,create
b0b8a724-7c65-4f07-8047-2a38e8100ad5,b0b8a724-7c65-4f07-8047-2a38e8100ad5,24PCAE02,ELECTIVE-I-ARCHITECTURE AND FRAME WORKS,fe71c01e-dc87-4c7c-9d66-4518e5145dcf,create
b0b8a724-7c65-4f07-8047-2a38e8100ad5,b0b8a724-7c65-4f07-8047-2a38e8100ad5,24PCAE03,ELECTIVE-I-SOFTWARE DEVELOPMENT TECHNOLOGIES,55803026-0533-43d0-8a2e-d870cbff78bc,create
b0b8a724-7c65-4f07-8047-2a38e8100ad5,b0b8a724-7c65-4f07-8047-2a38e8100ad5,24PCAE04,ELECTIVE-I-SOFT COMPUTING,be8bedc2-e451-4766-99bb-c94ff4e588de,create
b0b8a724-7c65-4f07-8047-2a38e8100ad5,b0b8a724-7c65-4f07-8047-2a38e8100ad5,24PCAE05,ELECTIVE-III-INTERNET OF THINGS,4ec57624-8d35-4bd3-a499-845a6fb70068,create
b0b8a724-7c65-4f07-8047-2a38e8100ad5,b0b8a724-7c65-4f07-8047-2a38e8100ad5,24PCAE06,ELECTIVE-III-COMPUTER VISION,4b695b6b-97a4-4471-bae6-7dd8168b9446,create
b0b8a724-7c65-4f07-8047-2a38e8100ad5,b0b8a724-7c65-4f07-8047-2a38e8100ad5,24PCAE07,ELECTIVE-III-CYBER SECURITY,95cbad27-2199-483f-83a1-287f64b5dc5a,create
b0b8a724-7c65-4f07-8047-2a38e8100ad5,b0b8a724-7c65-4f07-8047-2a38e8100ad5,24PCAE08,ELECTIVE-III-BLOCK CHAIN TECHNOLOGIES,cad5e346-18a6-4960-ba30-dd02cd7bae7d,create
b0b8a724-7c65-4f07-8047-2a38e8100ad5,b0b8a724-7c65-4f07-8047-2a38e8100ad5,24PCAE09,ELECTIVE-V-SOCIAL NETWORKS,e11d7ead-3d00-4900-ad02-e1a475e55886,create
b0b8a724-7c65-4f07-8047-2a38e8100ad5,b0b8a724-7c65-4f07-8047-2a38e8100ad5,24PCAE10,ELECTIVE-V-HIGH PERFORMANCE COMPUTING,4fd68e49-0744-4a03-8847-116d35aa7067,create
b0b8a724-7c65-4f07-8047-2a38e8100ad5,b0b8a724-7c65-4f07-8047-2a38e8100ad5,24PCAE11,ELECTIVE-V-DIGITAL MARKETING,cfa5a9ac-81ab-4e0e-9f7b-f938b5e2d414,create
b0b8a724-7c65-4f07-8047-2a38e8100ad5,b0b8a724-7c65-4f07-8047-2a38e8100ad5,24PCAE12,ELECTIVE-V-AGILE METHODOLOGIES,77afed20-8cf4-4fe0-9cce-290adc7cd5be,create
b0b8a724-7c65-4f07-8047-2a38e8100ad5,b0b8a724-7c65-4f07-8047-2a38e8100ad5,24PCAED1,EDC-I-PRINCIPLES OF INFORMATION TECHNOLOGY,acc84119-1adf-4f45-9cbc-1a36721ef666,create
b0b8a724-7c65-4f07-8047-2a38e8100ad5,b0b8a724-7c65-4f07-8047-2a38e8100ad5,24PCAED4,EDC-II-WEB DESIGNING,dcce50e2-65cb-4eac-81ec-fa2b2b794ccd,create
b0b8a724-7c65-4f07-8047-2a38e8100ad5,b0b8a724-7c65-4f07-8047-2a38e8100ad5,24PCAED5,"EDC-I, MULTIMEDIA AND ITS APPLICATIONS",8bc8210b-e01c-4b6f-8159-bdd909bce946,create
b0b8a724-7c65-4f07-8047-2a38e8100ad5,b0b8a724-7c65-4f07-8047-2a38e8100ad5,24PCAEP01,ELECTIVE-II-DATA ENGINEERING AND MANAGEMENT LAB,94a44c33-f2f4-4338-aea1-eb48f3794b62,create
b0b8a724-7c65-4f07-8047-2a38e8100ad5,b0b8a724-7c65-4f07-8047-2a38e8100ad5,24PCAEP02,ELECTIVE-II-ARCHITECTURE AND FRAME WORKS LAB,ea07acfa-cc73-47c2-8123-2530b5abec1d,create
b0b8a724-7c65-4f07-8047-2a38e8100ad5,b0b8a724-7c65-4f07-8047-2a38e8100ad5,24PCAEP03,ELECTIVE-II-SOFTWARE DEVELOPMENT TECHNOLOGIES LAB,a9900630-5bdf-4837-b800-c8f0811d7a40,create
b0b8a724-7c65-4f07-8047-2a38e8100ad5,b0b8a724-7c65-4f07-8047-2a38e8100ad5,24PCAEP04,ELECTIVE-II-SOFT COMPUTING LAB,9af2b521-6489-43af-9111-3d61161d3874,create
b0b8a724-7c65-4f07-8047-2a38e8100ad5,b0b8a724-7c65-4f07-8047-2a38e8100ad5,24PCAEP05,ELECTIVE-IV-INTERNET OF THINGS LAB,e0b3b28e-bf48-4e41-ab17-7bf14108d856,create
b0b8a724-7c65-4f07-8047-2a38e8100ad5,b0b8a724-7c65-4f07-8047-2a38e8100ad5,24PCAEP06,ELECTIVE-IV-COMPUTER VISION LAB,ae42c819-4da2-43d5-a732-10decdd8725b,create
b0b8a724-7c65-4f07-8047-2a38e8100ad5,b0b8a724-7c65-4f07-8047-2a38e8100ad5,24PCAEP07,ELECTIVE-IV-CYBER SECURITY LAB,dc3d71d3-2220-4781-a3d6-13f3ddececaf,create
b0b8a724-7c65-4f07-8047-2a38e8100ad5,b0b8a724-7c65-4f07-8047-2a38e8100ad5,24PCAEP08,ELECTIVE-IV-BLOCK CHAIN TECHNOLOGIES LAB,a4448254-939f-4d3f-aa3e-004db7ec3594,create
b0b8a724-7c65-4f07-8047-2a38e8100ad5,b0b8a724-7c65-4f07-8047-2a38e8100ad5,24PCAEP09,ELECTIVE-VI-SOCIAL NETWORKS LAB,dea961a3-a09c-4d00-9f58-7b53037b1739,create
b0b8a724-7c65-4f07-8047-2a38e8100ad5,b0b8a724-7c65-4f07-8047-2a38e8100ad5,24PCAEP10,ELECTIVE-VI-HIGH PERFORMANCE COMPUTING LAB,b4e9596b-c974-41da-b46e-21a10e90f804,create
b0b8a724-7c65-4f07-8047-2a38e8100ad5,b0b8a724-7c65-4f07-8047-2a38e8100ad5,24PCAEP11,ELECTIVE-VI-ADVANCED MACHINE LEARNING LAB,f0bfce2a-5a07-4845-973a-4546b46e7110,create
b0b8a724-7c65-4f07-8047-2a38e8100ad5,b0b8a724-7c65-4f07-8047-2a38e8100ad5,24PCAEP12,ELECTIVE-VI-DOT NET PROGRAMMING LAB,5c1eada3-df87-4523-b566-1f88e222c547,create
b0b8a724-7c65-4f07-8047-2a38e8100ad5,b0b8a724-7c65-4f07-8047-2a38e8100ad5,24PCAIN01,INTERNSHIP/INDUSTRIAL ACTIVITY,9848ceeb-d4aa-4150-b575-e0b94d29e083,create
b0b8a724-7c65-4f07-8047-2a38e8100ad5,b0b8a724-7c65-4f07-8047-2a38e8100ad5,24PCAPR1,PROJECT WORK AND VIVA-VOCE,524a2b36-d83e-49cc-b8f1-7b54e252cd68,create
b0b8a724-7c65-4f07-8047-2a38e8100ad5,b0b8a724-7c65-4f07-8047-2a38e8100ad5,24PCASP01,SKILL ENHANCEMENT COURSE-LAB: GENERATIVE AI TOOLS,386a4453-a283-4791-9eb5-e7c4e79ec7e8,create
b0b8a724-7c65-4f07-8047-2a38e8100ad5,b0b8a724-7c65-4f07-8047-2a38e8100ad5,24PCHC01,CORE-I-ORGANIC REACTION MECHANISM-I,c67f9a69-2308-4510-ba48-4bf67c0a57e0,create
b0b8a724-7c65-4f07-8047-2a38e8100ad5,b0b8a724-7c65-4f07-8047-2a38e8100ad5,24PCHC02,CORE-II-STRUCTURE AND BONDING IN INORGANIC COMPOUNDS,2ffbcab3-b7ad-44e9-9017-1e584e61bc69,create
b0b8a724-7c65-4f07-8047-2a38e8100ad5,b0b8a724-7c65-4f07-8047-2a38e8100ad5,24PCHC03,CORE-III-ORGANIC REACTION MECHANISM-II,d1288982-ba09-4e65-b201-92c371dcdb41,create
b0b8a724-7c65-4f07-8047-2a38e8100ad5,b0b8a724-7c65-4f07-8047-2a38e8100ad5,24PCHC04,CORE-IV-PHYSICAL CHEMISTRY-I,b634dec5-8b0c-429f-9169-ab17e099f497,create
b0b8a724-7c65-4f07-8047-2a38e8100ad5,b0b8a724-7c65-4f07-8047-2a38e8100ad5,24PCHC05,CORE-V-ORGANIC SYNTHESIS AND PHOTOCHEMISTRY,35970f23-98a8-4bec-900c-96773e83ccfe,create
b0b8a724-7c65-4f07-8047-2a38e8100ad5,b0b8a724-7c65-4f07-8047-2a38e8100ad5,24PCHC06,CORE-VI-COORDINATION CHEMISTRY-I,0554c908-82a3-4f07-bd8c-baf4a37215da,create
b0b8a724-7c65-4f07-8047-2a38e8100ad5,b0b8a724-7c65-4f07-8047-2a38e8100ad5,24PCHC07,CORE-VII-COORDINATION CHEMISTRY-II,f5d74edd-0dce-4153-aee2-b01b8e3247a8,create
b0b8a724-7c65-4f07-8047-2a38e8100ad5,b0b8a724-7c65-4f07-8047-2a38e8100ad5,24PCHC08,CORE-VIII-PHYSICAL CHEMISTRY-II,04c4da64-0843-46e2-93ef-d5f651b8dca5,create
b0b8a724-7c65-4f07-8047-2a38e8100ad5,b0b8a724-7c65-4f07-8047-2a38e8100ad5,24PCHCP01,CORE PRACTICAL-I-ORGANIC CHEMISTRY PRACTICAL,1cce4052-44cf-440f-87e5-2edee2916017,create
b0b8a724-7c65-4f07-8047-2a38e8100ad5,b0b8a724-7c65-4f07-8047-2a38e8100ad5,24PCHCP02,CORE PRACTICAL-II-INORGANIC CHEMISTRY PRACTICAL,15e3a57e-5f90-4c83-a9df-c2293c8bd5be,create
b0b8a724-7c65-4f07-8047-2a38e8100ad5,b0b8a724-7c65-4f07-8047-2a38e8100ad5,24PCHCP03,CORE PRACTICAL-III-PHYSICAL CHEMISTRY PRACTICAL,1e112e64-0f91-4904-90a0-227f62175bda,create
b0b8a724-7c65-4f07-8047-2a38e8100ad5,b0b8a724-7c65-4f07-8047-2a38e8100ad5,24PCHCP04,CORE PRACTICAL-IV-ANALYTICAL INSTRUMENTATION TECHNIQUE PRACTICAL(INDUSTRY ENTERPRENEURSHIP),7b98416a-0a54-4cef-9d72-989961851f23,create
b0b8a724-7c65-4f07-8047-2a38e8100ad5,b0b8a724-7c65-4f07-8047-2a38e8100ad5,24PCHDE03,ELECTIVE-II-ELECTROCHEMISTRY,1a05a739-c53a-4c3a-8a65-330c02985f9d,create
b0b8a724-7c65-4f07-8047-2a38e8100ad5,b0b8a724-7c65-4f07-8047-2a38e8100ad5,24PCHE01,ELECTIVE-I-PHARMACEUTICAL CHEMISTRY,429af5e6-1b92-4bd4-b7da-5ff09e5392c4,create
b0b8a724-7c65-4f07-8047-2a38e8100ad5,b0b8a724-7c65-4f07-8047-2a38e8100ad5,24PCHE02,ELECTIVE-I-NANOMATERIALS AND NANOTECHNOLOGY,78cf7856-9033-4d30-81bd-aff2e980d097,create
b0b8a724-7c65-4f07-8047-2a38e8100ad5,b0b8a724-7c65-4f07-8047-2a38e8100ad5,24PCHE03,ELECTIVE-II: ELECTROCHEMISTRY,7ce1d2d6-f5a3-406f-9555-7b6275d9dca8,create
b0b8a724-7c65-4f07-8047-2a38e8100ad5,b0b8a724-7c65-4f07-8047-2a38e8100ad5,24PCHE04,ELECTIVE-II-MOLECULAR SPECTROSCOPY ,9d559485-77a7-4157-9318-a6248243e424,create
b0b8a724-7c65-4f07-8047-2a38e8100ad5,b0b8a724-7c65-4f07-8047-2a38e8100ad5,24PCHE05,ELECTIVE-III-MEDICINAL CHEMISTRY,585a9da4-c667-4275-9a8d-294aee3a6ce8,create
b0b8a724-7c65-4f07-8047-2a38e8100ad5,b0b8a724-7c65-4f07-8047-2a38e8100ad5,24PCHE06,ELECTIVE-III-GREEN CHEMISTRY,65117e8e-cdb6-43e0-bc28-16f45e52c4c5,create
b0b8a724-7c65-4f07-8047-2a38e8100ad5,b0b8a724-7c65-4f07-8047-2a38e8100ad5,24PCHE07,ELECTIVE-IV-BIO INORGANIC CHEMISTRY,f713088f-98b4-4b00-a448-b760e4807085,create
b0b8a724-7c65-4f07-8047-2a38e8100ad5,b0b8a724-7c65-4f07-8047-2a38e8100ad5,24PCHE08,ELECTIVE-IV-MATERIAL SCIENCE,69911aef-c192-432e-970f-c18d4e46e537,create
b0b8a724-7c65-4f07-8047-2a38e8100ad5,b0b8a724-7c65-4f07-8047-2a38e8100ad5,24PCHE09,ELECTIVE-V-PHARMACOGNOSY AND PHYTOCHEMISTRY,64429dd2-71c9-411d-8525-049034fe1865,create
b0b8a724-7c65-4f07-8047-2a38e8100ad5,b0b8a724-7c65-4f07-8047-2a38e8100ad5,24PCHE10,ELECTIVE-V-BIOMOLECULES AND HETEROCYCLIC COMPOUNDS5,447018b9-e85e-4bf4-a584-c310d86a15c7,create
b0b8a724-7c65-4f07-8047-2a38e8100ad5,b0b8a724-7c65-4f07-8047-2a38e8100ad5,24PCHED1,EDC-I-CHEMISTRY FOR FOOD PRESERVATION,cf70ca28-3d69-4178-87fe-89c759d935b1,create
b0b8a724-7c65-4f07-8047-2a38e8100ad5,b0b8a724-7c65-4f07-8047-2a38e8100ad5,24PCHED2,EDC-II-CHEMISTRY IN CONSUMER PRODUCTS,01085d2f-7c36-4574-bef5-adcb7599fa7a,create
b0b8a724-7c65-4f07-8047-2a38e8100ad5,b0b8a724-7c65-4f07-8047-2a38e8100ad5,24PCHIN01,INTERNSHIP/INDUSTRIAL ACTIVITY,5ee3fd43-22eb-43fa-af9f-6d6e30f9c823,create
b0b8a724-7c65-4f07-8047-2a38e8100ad5,b0b8a724-7c65-4f07-8047-2a38e8100ad5,24PCHPR1,CORE PROJECT WITH VIVA VOCE,f40a58d6-b71f-4977-bcf1-5fc960c23fa4,create
b0b8a724-7c65-4f07-8047-2a38e8100ad5,b0b8a724-7c65-4f07-8047-2a38e8100ad5,24PCHS01,SEC-I-PREPARATION OF CONSUMER PRODUCTS,523809d4-626f-41ba-a85f-95359b6ef132,create
b0b8a724-7c65-4f07-8047-2a38e8100ad5,b0b8a724-7c65-4f07-8047-2a38e8100ad5,24PCHS02,SEC-II-PROFESSIONAL COMPETENCY SKILL ENHANCEMNET COURSE,57359ec9-000f-43c8-a1fb-47c0d2f06580,create
b0b8a724-7c65-4f07-8047-2a38e8100ad5,b0b8a724-7c65-4f07-8047-2a38e8100ad5,24PCMC01,CORE-I-BUSINESS FINANCE,55449dfa-f513-45ed-888b-bf218e746d91,create
b0b8a724-7c65-4f07-8047-2a38e8100ad5,b0b8a724-7c65-4f07-8047-2a38e8100ad5,24PCMC02,CORE-II-DIGITAL MARKETING,33469fc2-abb9-42ba-bb8d-29dbaea1c08c,create
b0b8a724-7c65-4f07-8047-2a38e8100ad5,b0b8a724-7c65-4f07-8047-2a38e8100ad5,24PCMC03,CORE-III-BANKING AND INSURANCE,7b7e7a79-33d7-4248-92e6-4138614471fd,create
b0b8a724-7c65-4f07-8047-2a38e8100ad5,b0b8a724-7c65-4f07-8047-2a38e8100ad5,24PCMC04,CORE-IV-STRATEGIC COST MANAGEMENT,9776290c-a098-45fd-9247-0d364e99ad11,create
b0b8a724-7c65-4f07-8047-2a38e8100ad5,b0b8a724-7c65-4f07-8047-2a38e8100ad5,24PCMC05,CORE-V-CORPORATE ACCOUNTING,48935cfc-bdb9-4388-8146-ae9c37ad8940,create
b0b8a724-7c65-4f07-8047-2a38e8100ad5,b0b8a724-7c65-4f07-8047-2a38e8100ad5,24PCMC06,CORE-VI-SETTING UP OF BUSINESS ENTITIES,c2b4f6d7-487a-4736-ba99-b4d94882f6c9,create
b0b8a724-7c65-4f07-8047-2a38e8100ad5,b0b8a724-7c65-4f07-8047-2a38e8100ad5,24PCMC07,CORE-VII-TAXATION,461f59a1-df7a-488d-992d-b1e3876592f8,create
b0b8a724-7c65-4f07-8047-2a38e8100ad5,b0b8a724-7c65-4f07-8047-2a38e8100ad5,24PCMC08,CORE-VIII-RESEARCH METHODOLOGY,0c6907b1-08ea-4dfe-9437-e1d2f9afd946,create
b0b8a724-7c65-4f07-8047-2a38e8100ad5,b0b8a724-7c65-4f07-8047-2a38e8100ad5,24PCMC10,CORE-X-INTERNATIONAL BUSINESS,34c1e130-3a37-4df9-9ff9-82816895c753,create
b0b8a724-7c65-4f07-8047-2a38e8100ad5,b0b8a724-7c65-4f07-8047-2a38e8100ad5,24PCMC11,CORE-XI-CORPORATE AND ECONOMIC LAWS,14b6d1e7-8895-4209-9b69-a1f530a7014c,create
b0b8a724-7c65-4f07-8047-2a38e8100ad5,b0b8a724-7c65-4f07-8047-2a38e8100ad5,24PCMC12,CORE-XII-HUMAN RESOURCE ANALYTICS,bb1badd2-958a-409c-aaf2-eca57d82f8e1,create
b0b8a724-7c65-4f07-8047-2a38e8100ad5,b0b8a724-7c65-4f07-8047-2a38e8100ad5,24PCMCP01,CORE-IX-PRACTICAL-COMPUTER APPLICATIONS IN BUSINESS,303beda1-22e1-4aa5-b114-2c9e9b38fbc4,create
b0b8a724-7c65-4f07-8047-2a38e8100ad5,b0b8a724-7c65-4f07-8047-2a38e8100ad5,24PCME01,ELECTIVE-I-SECURITY ANALYSIS AND PORTFOLIO MANAGEMENT ,f5347bb3-95f7-43c7-82d2-302eb0707222,create
b0b8a724-7c65-4f07-8047-2a38e8100ad5,b0b8a724-7c65-4f07-8047-2a38e8100ad5,24PCME02,ELECTIVE-I-OPERATIONS RESEARCH,4de23191-1b57-4df8-bee0-e9a1c779a99d,create
b0b8a724-7c65-4f07-8047-2a38e8100ad5,b0b8a724-7c65-4f07-8047-2a38e8100ad5,24PCME03,ELECTIVE-II-LABOUR LAWS,ecf2461c-77b8-4934-8ca5-4118aa060e83,create
b0b8a724-7c65-4f07-8047-2a38e8100ad5,b0b8a724-7c65-4f07-8047-2a38e8100ad5,24PCME04,ELECTIVE-II-STRATEGIC HUMAN RESOURCE MANAGEMENT,01a32002-3b4f-407c-b200-23ec471ce8c6,create
b0b8a724-7c65-4f07-8047-2a38e8100ad5,b0b8a724-7c65-4f07-8047-2a38e8100ad5,24PCME05,ELECTIVE-III-BUSINESS ETHICS AND CORPORATE SUSTAINABILITY,481b72a1-5249-4507-aea6-794d88eb4da3,create
b0b8a724-7c65-4f07-8047-2a38e8100ad5,b0b8a724-7c65-4f07-8047-2a38e8100ad5,24PCME06,ELECTIVE-III-AUDIT AND DUE DILIGENCE,3bdcdac5-a449-4369-89cb-699646a94a55,create
b0b8a724-7c65-4f07-8047-2a38e8100ad5,b0b8a724-7c65-4f07-8047-2a38e8100ad5,24PCME07,ELECTIVE-IV-RURAL AND AGRICULTURAL MARKETING,927cdd54-e754-4b25-accf-2b1ff5a92ed6,create
b0b8a724-7c65-4f07-8047-2a38e8100ad5,b0b8a724-7c65-4f07-8047-2a38e8100ad5,24PCME08,ELECTIVE-IV-LOGISTICS AND SUPPLY CHAIN MANAGEMENT,8895dc2c-f44a-410f-a1eb-e368038a2a37,create
b0b8a724-7c65-4f07-8047-2a38e8100ad5,b0b8a724-7c65-4f07-8047-2a38e8100ad5,24PCME09,ELECTIVE-V-STRATEGIC MANAGEMENT,814abe99-b446-483a-9969-73c0425c7982,create
b0b8a724-7c65-4f07-8047-2a38e8100ad5,b0b8a724-7c65-4f07-8047-2a38e8100ad5,24PCME10,ELECTIVE-V-INTERNATIONAL FINANCIAL MANAGEMENT,e9391163-b261-42a3-9b7d-3b5b98faf86e,create
b0b8a724-7c65-4f07-8047-2a38e8100ad5,b0b8a724-7c65-4f07-8047-2a38e8100ad5,24PCME11,ELECTIVE-VI-ORGANISATIONAL BEHAVIOUR,1be3375d-f82a-49f8-8e8e-fd672a7a905c,create
b0b8a724-7c65-4f07-8047-2a38e8100ad5,b0b8a724-7c65-4f07-8047-2a38e8100ad5,24PCME12,ELECTIVE-VI-INSOLVENCY LAW AND PRACTICE,2077b5e9-ebb0-4906-9936-f417c1d82c63,create
b0b8a724-7c65-4f07-8047-2a38e8100ad5,b0b8a724-7c65-4f07-8047-2a38e8100ad5,24PCMED1,EDC-I-BUSINESS ENVIRONMENT,763a02fe-b97f-4784-b78f-8c3a8e83d170,create
b0b8a724-7c65-4f07-8047-2a38e8100ad5,b0b8a724-7c65-4f07-8047-2a38e8100ad5,24PCMED2,EDC-II-BUSINESS COMMUNICATION,c0d9bfb0-06c1-4e09-92f9-fd7e77cb3be8,create
b0b8a724-7c65-4f07-8047-2a38e8100ad5,b0b8a724-7c65-4f07-8047-2a38e8100ad5,24PCMIN01,INTERNSHIP/INDUSTRIAL ACTIVITY,0885be2c-713a-47cf-8a2b-f69b0b7192c3,create
b0b8a724-7c65-4f07-8047-2a38e8100ad5,b0b8a724-7c65-4f07-8047-2a38e8100ad5,24PCMPR1,CORE XIII: PROJECT WITH VIVA-VOCE,e5e08c4e-b2d5-4395-8bd6-7053fbaedb93,create
b0b8a724-7c65-4f07-8047-2a38e8100ad5,b0b8a724-7c65-4f07-8047-2a38e8100ad5,24PCMSP01,SEC-PRACTICAL-E-FILLING OF GST RETURN,b9faa7ad-a014-4996-8708-153e6c301f8b,create
b0b8a724-7c65-4f07-8047-2a38e8100ad5,b0b8a724-7c65-4f07-8047-2a38e8100ad5,24PCSC01,CORE-I-ANALYSIS & DESIGN OF ALGORITHMS,4cf738ed-f2ad-47cd-8a78-2fa3d18d1a00,create
b0b8a724-7c65-4f07-8047-2a38e8100ad5,b0b8a724-7c65-4f07-8047-2a38e8100ad5,24PCSC02,CORE-II-OBJECT ORIENTED PROGRAMMING USING C++,6fa5d329-4e21-4836-a2c7-32221c87c1a2,create
b0b8a724-7c65-4f07-8047-2a38e8100ad5,b0b8a724-7c65-4f07-8047-2a38e8100ad5,24PCSC03,CORE-III-PYTHON PROGRAMMING,2f0aaf29-709e-4c85-b89c-cb368e5b7a68,create
b0b8a724-7c65-4f07-8047-2a38e8100ad5,b0b8a724-7c65-4f07-8047-2a38e8100ad5,24PCSC04,CORE-IV- DATA MINING AND WAREHOUSING,b5a5f6a5-2c5a-4318-aed7-42430d9105db,create
b0b8a724-7c65-4f07-8047-2a38e8100ad5,b0b8a724-7c65-4f07-8047-2a38e8100ad5,24PCSC05,CORE-V-ADVANCED JAVA PROGRAMMING,180f3d85-3a7c-423a-b380-b83e7212ef1e,create
b0b8a724-7c65-4f07-8047-2a38e8100ad5,b0b8a724-7c65-4f07-8047-2a38e8100ad5,24PCSC06,CORE-VI-DIGITAL IMAGE PROCESSING,68fa43c9-8d7e-4f05-8d8f-aeeb9ce77ca7,create
b0b8a724-7c65-4f07-8047-2a38e8100ad5,b0b8a724-7c65-4f07-8047-2a38e8100ad5,24PCSC07,CORE-VII-CLOUD COMPUTING,ec3f8a21-c955-4566-96c9-d73bf72c2880,create
b0b8a724-7c65-4f07-8047-2a38e8100ad5,b0b8a724-7c65-4f07-8047-2a38e8100ad5,24PCSC08,CORE-VIII-NETWORK SECURITY AND CRYPTOGRAPHY,8e03082a-255f-4383-8caf-e130590e4641,create
b0b8a724-7c65-4f07-8047-2a38e8100ad5,b0b8a724-7c65-4f07-8047-2a38e8100ad5,24PCSC09,CORE-IX-DATA SCIENCE &ANALYTICS,c4673749-3041-4121-a1d6-68e3d67807dc,create
b0b8a724-7c65-4f07-8047-2a38e8100ad5,b0b8a724-7c65-4f07-8047-2a38e8100ad5,24PCSC10,CORE X - PHP PROGRAMMING,7c181edf-6b47-40e5-b70e-3dd877c7851e,create
b0b8a724-7c65-4f07-8047-2a38e8100ad5,b0b8a724-7c65-4f07-8047-2a38e8100ad5,24PCSC11,CORE XI- ADVANCED DBMS,c044c0fa-3b00-4006-b568-4b129a63d1a0,create
b0b8a724-7c65-4f07-8047-2a38e8100ad5,b0b8a724-7c65-4f07-8047-2a38e8100ad5,24PCSCP01,CORE PRACTICAL-I-ALGORITHM AND OOPS LAB,cbdb27e2-a6e5-4506-a738-aaee6945a3a1,create
b0b8a724-7c65-4f07-8047-2a38e8100ad5,b0b8a724-7c65-4f07-8047-2a38e8100ad5,24PCSCP02,CORE PRACTICAL-II-PYTHON PROGRAMMING LAB,15007ac2-d229-4679-ac64-93f8a82be29f,create
b0b8a724-7c65-4f07-8047-2a38e8100ad5,b0b8a724-7c65-4f07-8047-2a38e8100ad5,24PCSCP03,CORE PRACTICAL-III-DATA MINING LAB USING R,fb586e99-5528-43dd-b378-9f8bdfc9b508,create
b0b8a724-7c65-4f07-8047-2a38e8100ad5,b0b8a724-7c65-4f07-8047-2a38e8100ad5,24PCSCP04,CORE PRACTICAL-IV-ADVANCED JAVA PROGRAMING LAB,5fd4f86b-3c3f-4e21-a01b-eb688107455d,create
b0b8a724-7c65-4f07-8047-2a38e8100ad5,b0b8a724-7c65-4f07-8047-2a38e8100ad5,24PCSCP05,CORE PRACTICAL-V-DIGITAL IMAGE PROCESSING LAB,09335878-3604-41e6-91e8-4c57c0619f9e,create
b0b8a724-7c65-4f07-8047-2a38e8100ad5,b0b8a724-7c65-4f07-8047-2a38e8100ad5,24PCSCP06,CORE PRACTICAL-VI-CLOUD COMPUTING LAB,cd5eda64-0124-4d4f-8c11-517e7372d508,create
b0b8a724-7c65-4f07-8047-2a38e8100ad5,b0b8a724-7c65-4f07-8047-2a38e8100ad5,24PCSE01,ELECTIVE-I-ADVANCED OPERATING SYSTEM,73066304-8a07-4eda-80c6-5992e6a67984,create
b0b8a724-7c65-4f07-8047-2a38e8100ad5,b0b8a724-7c65-4f07-8047-2a38e8100ad5,24PCSE02,ELECTIVE-I-ADVANCED SOFTWARE ENGINEERING,219e9b5a-da89-4b65-86f0-189874e6cd1d,create
b0b8a724-7c65-4f07-8047-2a38e8100ad5,b0b8a724-7c65-4f07-8047-2a38e8100ad5,24PCSE03,ELECTIVE-I-MULTIMEDIA AND ITS APPLICATIONS,0e5fcd26-fca3-4ef8-aa7b-5717af76a6e1,create
b0b8a724-7c65-4f07-8047-2a38e8100ad5,b0b8a724-7c65-4f07-8047-2a38e8100ad5,24PCSE04,ELECTIVE-II-ARTIFICIAL INTELLIENCE AND MACHINE LEARNING,0669b893-4e67-4514-80fe-3d7cac1c0d08,create
b0b8a724-7c65-4f07-8047-2a38e8100ad5,b0b8a724-7c65-4f07-8047-2a38e8100ad5,24PCSE05,ELECTIVE-II-INTERNET OF THINGS,b40ea933-0103-4b03-acc0-747b0c9c6aee,create
b0b8a724-7c65-4f07-8047-2a38e8100ad5,b0b8a724-7c65-4f07-8047-2a38e8100ad5,24PCSE06,ELECTIVE-II-MOBILE COMPUTING,8cccee42-5a4e-42e3-89ab-867ccf0b91f8,create
b0b8a724-7c65-4f07-8047-2a38e8100ad5,b0b8a724-7c65-4f07-8047-2a38e8100ad5,24PCSE07,"ELECTIVE-III-CRITICAL THINKING,DESIGN THINKING AND PROBLEM SOLVING",2ef5c65c-0a42-4429-97d1-c2d1c383201f,create
b0b8a724-7c65-4f07-8047-2a38e8100ad5,b0b8a724-7c65-4f07-8047-2a38e8100ad5,24PCSE08,ELECTIVE-III-COMPILER DESIGN,0cb0deaf-83fc-4dfd-88e6-76a4928092f8,create
b0b8a724-7c65-4f07-8047-2a38e8100ad5,b0b8a724-7c65-4f07-8047-2a38e8100ad5,24PCSE09,ELECTIVE-III-ROBOTIC PROCESS AUTOMATION FOR BUSINESS,6d849ae0-b3d5-47b4-bc4f-ab81b123da66,create
b0b8a724-7c65-4f07-8047-2a38e8100ad5,b0b8a724-7c65-4f07-8047-2a38e8100ad5,24PCSE10,ELECTIVE-IV-BIG DATA ANALYTICS,8d23ac1e-65cb-4d8b-8333-a64fe8744a6b,create
b0b8a724-7c65-4f07-8047-2a38e8100ad5,b0b8a724-7c65-4f07-8047-2a38e8100ad5,24PCSE11,ELECTIVE-IV-DISCRETE MATHEMATICS FOR COMPUTING,e85e67c1-4997-40c2-b4a0-061837f27d48,create
b0b8a724-7c65-4f07-8047-2a38e8100ad5,b0b8a724-7c65-4f07-8047-2a38e8100ad5,24PCSE12,ELECTIVE-IV-OPERATIONS RESEARCH,184a07b8-91ce-4225-9f57-7d965bfac8ff,create
b0b8a724-7c65-4f07-8047-2a38e8100ad5,b0b8a724-7c65-4f07-8047-2a38e8100ad5,24PCSE13,ELECTIVE-V-GIRD COMPUTING,c1a2b393-40d3-45b4-b40f-0809c8ec73b8,create
b0b8a724-7c65-4f07-8047-2a38e8100ad5,b0b8a724-7c65-4f07-8047-2a38e8100ad5,24PCSE14,ELECTIVE-V-BLOCK CHAIN TECHNOLOGY,fec7069d-822a-4602-a099-7d8868b0ef14,create
b0b8a724-7c65-4f07-8047-2a38e8100ad5,b0b8a724-7c65-4f07-8047-2a38e8100ad5,24PCSE15,ELECTIVE-V-WEB SERVICES,550a3fac-68c3-402e-b211-ce18f1143013,create
b0b8a724-7c65-4f07-8047-2a38e8100ad5,b0b8a724-7c65-4f07-8047-2a38e8100ad5,24PCSED1,EDC-I-PRINCIPLES OF INFORMATION TECHNOLOGY,95a167ec-8ab0-4faf-a5d8-07ea9c3deeda,create
b0b8a724-7c65-4f07-8047-2a38e8100ad5,b0b8a724-7c65-4f07-8047-2a38e8100ad5,24PCSED2,EDC-I-FUNDAMENTALS OF COMPUTERS AND COMMUNICATIONS,269d5b8a-bfd4-4c0c-b9c1-e52028bd257b,create
b0b8a724-7c65-4f07-8047-2a38e8100ad5,b0b8a724-7c65-4f07-8047-2a38e8100ad5,24PCSED3,EDC-II-E-COMMERCE,3d37c9e1-2792-484e-a03d-ef2456a8657a,create
b0b8a724-7c65-4f07-8047-2a38e8100ad5,b0b8a724-7c65-4f07-8047-2a38e8100ad5,24PCSEP01,ELECTIVE-VI–PRACTICAL-PHP PROGRAMMING LAB,60d35a34-b36f-4cbf-91fe-e21b7e41249c,create
b0b8a724-7c65-4f07-8047-2a38e8100ad5,b0b8a724-7c65-4f07-8047-2a38e8100ad5,24PCSEP02,ELECTIVE-VI-PRACTICAL-ADVANCED DBMS LAB,996a304a-746b-409f-a368-94b7cb5ccb12,create
b0b8a724-7c65-4f07-8047-2a38e8100ad5,b0b8a724-7c65-4f07-8047-2a38e8100ad5,24PCSEP03,ELECTIVE-VI-PRACTICAL-WEB TECHNOLOGIES LAB,e129f9de-bd99-4200-9129-616a9b94f8f2,create
b0b8a724-7c65-4f07-8047-2a38e8100ad5,b0b8a724-7c65-4f07-8047-2a38e8100ad5,24PCSIN01,INTERNSHIP INDUSTRIAL ACTIVITY,12777261-cbbb-4980-806a-012ed20fb865,create
b0b8a724-7c65-4f07-8047-2a38e8100ad5,b0b8a724-7c65-4f07-8047-2a38e8100ad5,24PCSPR01,PROJECT WORK AND VIVA- VOCE,f845ac3f-fb15-44d8-bcc8-49e0d220c202,create
b0b8a724-7c65-4f07-8047-2a38e8100ad5,b0b8a724-7c65-4f07-8047-2a38e8100ad5,24PCSSECP01,SEC-DATA VISUALIZATION LAB,88c45c3e-6836-4a72-bb51-e1d38c0f92d3,create
b0b8a724-7c65-4f07-8047-2a38e8100ad5,b0b8a724-7c65-4f07-8047-2a38e8100ad5,24PCSSECP02,SEC-SOFT SKILL DEVELOPMENT LAB,4a04af96-792c-42f8-928b-48632ed89d5f,create
b0b8a724-7c65-4f07-8047-2a38e8100ad5,b0b8a724-7c65-4f07-8047-2a38e8100ad5,24PDAPR01,PROJECT WORK AND VIVAVOCE,ac824789-fecd-4f65-b0fc-3a1b1f321f88,create
b0b8a724-7c65-4f07-8047-2a38e8100ad5,b0b8a724-7c65-4f07-8047-2a38e8100ad5,24PENC01,CORE-I-ENGLISH POETRY,31b32efc-8197-4618-9cbf-3c6c30ec2c98,create
b0b8a724-7c65-4f07-8047-2a38e8100ad5,b0b8a724-7c65-4f07-8047-2a38e8100ad5,24PENC02,CORE-II-ENGLISH DRAMA,ed821cfa-0722-4e2b-8d07-3a7e9ec9ce69,create
b0b8a724-7c65-4f07-8047-2a38e8100ad5,b0b8a724-7c65-4f07-8047-2a38e8100ad5,24PENC03,CORE-III-ENGLISH FICTION,61343669-45aa-4f16-9d37-ae3956711acb,create
b0b8a724-7c65-4f07-8047-2a38e8100ad5,b0b8a724-7c65-4f07-8047-2a38e8100ad5,24PENC04,CORE-IV-AMERICAN LITERATURE,b04aa988-92a6-4408-8871-cf35ecbecf42,create
b0b8a724-7c65-4f07-8047-2a38e8100ad5,b0b8a724-7c65-4f07-8047-2a38e8100ad5,24PENC05,CORE-V-SHAKESPEARE STUDIES,fd8ab8f1-9d5a-4d24-867a-cc60bb9061d1,create
b0b8a724-7c65-4f07-8047-2a38e8100ad5,b0b8a724-7c65-4f07-8047-2a38e8100ad5,24PENC06,CORE-VI-POST-COLONIAL THEORY AND LITERATURE,01c98a63-d782-47bc-9e6e-15fa034a8c04,create
b0b8a724-7c65-4f07-8047-2a38e8100ad5,b0b8a724-7c65-4f07-8047-2a38e8100ad5,24PENC07,CORE-VII-CONTEMPORARY LITERARY CRITICISM,ee6af5fc-1893-4a25-b4a7-a55099de739c,create
b0b8a724-7c65-4f07-8047-2a38e8100ad5,b0b8a724-7c65-4f07-8047-2a38e8100ad5,24PENC08,CORE-VIII-CANADIAN STUDIES,4e0cf845-1a6b-4bfe-8bd7-e2273a2abc11,create
b0b8a724-7c65-4f07-8047-2a38e8100ad5,b0b8a724-7c65-4f07-8047-2a38e8100ad5,24PENC09,CORE-IX-LITERATURE OF THE MARGINALIZED IN INDIA,4fa4ba3d-87db-419e-b5c9-09a761ee4ed7,create
b0b8a724-7c65-4f07-8047-2a38e8100ad5,b0b8a724-7c65-4f07-8047-2a38e8100ad5,24PENC10,CORE-X-FILM AND MEDIA STUDIES,0f0362c4-bf81-42d1-85dd-77127fcc501d,create
b0b8a724-7c65-4f07-8047-2a38e8100ad5,b0b8a724-7c65-4f07-8047-2a38e8100ad5,24PENC11,"CORE-XI-TWENTY FIRST CENTURY MILLENNIAL LITERATURE
",2870acba-a791-4a30-bdb0-3b861b0858fb,create
b0b8a724-7c65-4f07-8047-2a38e8100ad5,b0b8a724-7c65-4f07-8047-2a38e8100ad5,24PENC12,CORE-XII-SUBALTERN STUDIES,e3b40a15-d908-41b1-9584-d4e7b4ff6b5e,create
b0b8a724-7c65-4f07-8047-2a38e8100ad5,b0b8a724-7c65-4f07-8047-2a38e8100ad5,24PENC13,CORE-XIII-RESEARCH METHODOLOGY,8a62c0a2-c90c-43a1-a750-de4ab35eddc8,create
b0b8a724-7c65-4f07-8047-2a38e8100ad5,b0b8a724-7c65-4f07-8047-2a38e8100ad5,24PENE01,ELECTIVE-I-INDIAN WRITING IN ENGLISH,9102cb27-8159-4258-b637-1e4bfa592f61,create
b0b8a724-7c65-4f07-8047-2a38e8100ad5,b0b8a724-7c65-4f07-8047-2a38e8100ad5,24PENE02,ELECTIVE-II-THEATRE ART,c15b6e38-23b1-48f3-8051-1ada718c6143,create
b0b8a724-7c65-4f07-8047-2a38e8100ad5,b0b8a724-7c65-4f07-8047-2a38e8100ad5,24PENE03,ELECTIVE-III-APPROACHES TO ENGLISH LANGUAGE TEACHING,c9d5d275-446c-4d18-8792-3b9adfaca678,create
b0b8a724-7c65-4f07-8047-2a38e8100ad5,b0b8a724-7c65-4f07-8047-2a38e8100ad5,24PENE04,ELECTIVE-IV-A GLIMPSE OF NOBEL LAUREATES,5c90df69-25e3-4eeb-b2b2-c04b8664b9f6,create
b0b8a724-7c65-4f07-8047-2a38e8100ad5,b0b8a724-7c65-4f07-8047-2a38e8100ad5,24PENE05,ELECTIVE-V-TRANSLATION STUDIES,641c8564-0e3b-40eb-b41e-ab472fd478d5,create
b0b8a724-7c65-4f07-8047-2a38e8100ad5,b0b8a724-7c65-4f07-8047-2a38e8100ad5,24PENE06,"ELECTIVE COURSE-VI ENGLISH LITERATURE FOR NTA, NET, SET & GATE
",de2b8526-9a67-46ac-8090-1ebd628eddcd,create
b0b8a724-7c65-4f07-8047-2a38e8100ad5,b0b8a724-7c65-4f07-8047-2a38e8100ad5,24PENED1,EDC-I-ENGLISH FOR COMPETITIVE EXAMINATIONS,6a1a16bd-6137-48f8-a1c5-005d042e72da,create
b0b8a724-7c65-4f07-8047-2a38e8100ad5,b0b8a724-7c65-4f07-8047-2a38e8100ad5,24PENED2,EDC-II-FUNCTIONAL ENGLISH,bc646513-6a6f-419d-9744-62ba24c10c61,create
b0b8a724-7c65-4f07-8047-2a38e8100ad5,b0b8a724-7c65-4f07-8047-2a38e8100ad5,24PENIN01,INTERNSHIP,99eebc78-a56c-445a-9d1f-06e36ceb12e8,create
b0b8a724-7c65-4f07-8047-2a38e8100ad5,b0b8a724-7c65-4f07-8047-2a38e8100ad5,24PENPR1,PROJECT WITH VIVA VOCE,99d27538-d3a9-425a-8d7e-551aa9bc6057,create
b0b8a724-7c65-4f07-8047-2a38e8100ad5,b0b8a724-7c65-4f07-8047-2a38e8100ad5,24PENS01,SEC-ENGLISH FOR CAREERS,5c4a33ac-f3ac-4375-834b-13439b2e689f,create
b0b8a724-7c65-4f07-8047-2a38e8100ad5,b0b8a724-7c65-4f07-8047-2a38e8100ad5,24PEXA01,EXTENSION ACTIVITY,1b606ace-6d8c-4f01-8535-b7c39d3ecdb9,create
b0b8a724-7c65-4f07-8047-2a38e8100ad5,b0b8a724-7c65-4f07-8047-2a38e8100ad5,24PHIC01,CORE-I-HISTORY OF ANCIENT AND EARLY MEDIEVAL INDIA - PRE HISTORY TO 1206 CE,616c8ab4-5b23-4b0d-b338-325f172c4cd0,create
b0b8a724-7c65-4f07-8047-2a38e8100ad5,b0b8a724-7c65-4f07-8047-2a38e8100ad5,24PHIC02,CORE-II-SOCIO CULTURAL HISTORY OF TAMIL NADU UPTO 1565 CE,edb2587e-7874-4a89-8689-c32d1cbba773,create
b0b8a724-7c65-4f07-8047-2a38e8100ad5,b0b8a724-7c65-4f07-8047-2a38e8100ad5,24PHIC03,CORE-III-HISTORY OF WORLD CIVILIZATIONS (EXCLUDING INDIA),a55ee477-6cfa-4a2b-97b0-03dfe762592e,create
b0b8a724-7c65-4f07-8047-2a38e8100ad5,b0b8a724-7c65-4f07-8047-2a38e8100ad5,24PHIC04,CORE-IV-HISTORY OF MEDIEVAL INDIA FROM 1206 CE TO 1707 CE,efad8ade-6d8f-4cd8-add6-5e22e99b50c5,create
b0b8a724-7c65-4f07-8047-2a38e8100ad5,b0b8a724-7c65-4f07-8047-2a38e8100ad5,24PHIC05,CORE-V-SOCIO CULTURAL HISTORY OF TAMIL NADU FROM 1565 CE TO 1956 CE,f2d49441-161a-422c-a8fe-c6083b69cb74,create
b0b8a724-7c65-4f07-8047-2a38e8100ad5,b0b8a724-7c65-4f07-8047-2a38e8100ad5,24PHIC06,CORE-VI-HISTORIOGRAPHY AND HISTORICAL METHODS,1ba43d9f-818e-4fe4-b269-64ea4bad9b4e,create
b0b8a724-7c65-4f07-8047-2a38e8100ad5,b0b8a724-7c65-4f07-8047-2a38e8100ad5,24PHIC07,CORE-VII-COLONIALISM AND NATIONALISM IN INDIA,a34761a6-ac18-41fb-b130-7c58aebd2298,create
b0b8a724-7c65-4f07-8047-2a38e8100ad5,b0b8a724-7c65-4f07-8047-2a38e8100ad5,24PHIC08,CORE-VIII-INTELLECTUAL HISTORY OF INDIA,2b083315-f02d-4edf-898b-dba240770e6f,create
b0b8a724-7c65-4f07-8047-2a38e8100ad5,b0b8a724-7c65-4f07-8047-2a38e8100ad5,24PHIC09,CORE-IX-ECONOMIC HISTORY OF INDIA SINCE 1857 CE,49cb31ea-c3c4-4a52-b11f-b6d672dc7172,create
b0b8a724-7c65-4f07-8047-2a38e8100ad5,b0b8a724-7c65-4f07-8047-2a38e8100ad5,24PHIC10,CORE-X-TOURISM IN TAMIL NADU,f3659467-bf2a-4975-b9fc-039afd53516a,create
b0b8a724-7c65-4f07-8047-2a38e8100ad5,b0b8a724-7c65-4f07-8047-2a38e8100ad5,24PHIC11,CORE-XI- CONTEMPORARY INDIA,d82cb2ba-27b6-4383-8c9c-be65786b6044,create
b0b8a724-7c65-4f07-8047-2a38e8100ad5,b0b8a724-7c65-4f07-8047-2a38e8100ad5,24PHIC12,CORE-XII-INTERNATIONAL RELATIONS SINCE 1947 CE,e1433e09-8d55-42f0-a7b1-055a3075b29b,create
b0b8a724-7c65-4f07-8047-2a38e8100ad5,b0b8a724-7c65-4f07-8047-2a38e8100ad5,24PHIE01,ELECTIVE-I-FREEDOM STRUGGLE IN TAMIL NADU,12bc8dbf-226b-4bdb-86fe-a8d220fcaee4,create
b0b8a724-7c65-4f07-8047-2a38e8100ad5,b0b8a724-7c65-4f07-8047-2a38e8100ad5,24PHIE02,ELECTIVE-I-INDIAN ART AND ARCHITECTURE,1b1afc0f-80f5-44ed-9a8b-9623990951b3,create
b0b8a724-7c65-4f07-8047-2a38e8100ad5,b0b8a724-7c65-4f07-8047-2a38e8100ad5,24PHIE03,ELECTIVE-II-ADMINISTRATIVE HISTORY OF TAMIL NADU,ad05997b-5ef1-41bd-9f54-f6a5a255697e,create
b0b8a724-7c65-4f07-8047-2a38e8100ad5,b0b8a724-7c65-4f07-8047-2a38e8100ad5,24PHIE04,ELECTIVE-II-CULTURAL HERITAGE OF INDIA,735636fc-0662-41ab-ba0f-a1f8453380d7,create
b0b8a724-7c65-4f07-8047-2a38e8100ad5,b0b8a724-7c65-4f07-8047-2a38e8100ad5,24PHIE05,ELECTIVE-III-HISTORY OF JOURNALISM,cd191f58-1200-4c8a-b120-c1406a7e23d8,create
b0b8a724-7c65-4f07-8047-2a38e8100ad5,b0b8a724-7c65-4f07-8047-2a38e8100ad5,24PHIE06,ELECTIVE-III-INTERNATIONAL MIGRATIONS AND DIASPORIC STUDIES,5c82c003-afca-4f79-bf49-fc2593f9bf2d,create
b0b8a724-7c65-4f07-8047-2a38e8100ad5,b0b8a724-7c65-4f07-8047-2a38e8100ad5,24PHIE07,ELECTIVE-IV-INDIAN CONSTITUTION,5462b2aa-f562-4b7d-b47c-a4de6fe32738,create
b0b8a724-7c65-4f07-8047-2a38e8100ad5,b0b8a724-7c65-4f07-8047-2a38e8100ad5,24PHIE08,ELECTIVE-IV-ENVIRONMENTAL HISTORY OF INDIA,bc8a6319-cd6b-483a-974a-a90546a67cad,create
b0b8a724-7c65-4f07-8047-2a38e8100ad5,b0b8a724-7c65-4f07-8047-2a38e8100ad5,24PHIE09,ELECTIVE-V-PRINCIPLES AND TECHNIQUES OF ARCHAEOLOGY,28343a39-75e7-4c17-ac76-0da15f3e28f5,create
b0b8a724-7c65-4f07-8047-2a38e8100ad5,b0b8a724-7c65-4f07-8047-2a38e8100ad5,24PHIE10,ELECTIVE-V-STUDY ON NUMISMATICS,5d30c6fd-d2af-448c-bc00-9306f9439589,create
b0b8a724-7c65-4f07-8047-2a38e8100ad5,b0b8a724-7c65-4f07-8047-2a38e8100ad5,24PHIE11,ELECTIVE-VI-WOMEN IN INDIA THROUGH THE AGES ,f79310d5-2c53-45f7-a788-f854e0575a56,create
b0b8a724-7c65-4f07-8047-2a38e8100ad5,b0b8a724-7c65-4f07-8047-2a38e8100ad5,24PHIE12,ELECTIVE-VI-SCIENCE AND TECHNOLOGY IN INDIA SINCE 1947 CE,57f74e9d-d947-4e26-b9e1-46c67290150f,create
b0b8a724-7c65-4f07-8047-2a38e8100ad5,b0b8a724-7c65-4f07-8047-2a38e8100ad5,24PHIED1,EDC-I-INTELLECTUAL HISTORY OF TAMIL NADU,5487b550-126a-4c36-bf6a-206af4ef5da0,create
b0b8a724-7c65-4f07-8047-2a38e8100ad5,b0b8a724-7c65-4f07-8047-2a38e8100ad5,24PHIED2,EDC-II-TEMPLES IN TAMIL NADU,d0bd8617-db61-414f-9851-266de43231e3,create
b0b8a724-7c65-4f07-8047-2a38e8100ad5,b0b8a724-7c65-4f07-8047-2a38e8100ad5,24PHIIN01,INTERNSHIP/INDUSTIRAL ACTIVITY,d7446ee8-53a0-4f9a-91c8-9017187f54d5,create
b0b8a724-7c65-4f07-8047-2a38e8100ad5,b0b8a724-7c65-4f07-8047-2a38e8100ad5,24PHIN01,INTERNSHIP/INDUSTRIAL ACTIVITY,f640eb33-6044-44e4-9c66-068fae13e05d,create
b0b8a724-7c65-4f07-8047-2a38e8100ad5,b0b8a724-7c65-4f07-8047-2a38e8100ad5,24PHIPC1,PROFESSIONAL COMPETENCY SKILL-ARCHIVES KEEPING,72d86c60-3312-485d-a2f9-15e96eaf0755,create
b0b8a724-7c65-4f07-8047-2a38e8100ad5,b0b8a724-7c65-4f07-8047-2a38e8100ad5,24PHIPR1,CORE-XIII-PROJECT WITH VIVA-VOCE,9ea774af-407f-488d-933c-d53d3c9eb0a2,create
b0b8a724-7c65-4f07-8047-2a38e8100ad5,b0b8a724-7c65-4f07-8047-2a38e8100ad5,24PHR001,FUNDAMENTAL STUDY OF HUMAN RIGHTS,5e22e77f-27eb-4adc-aff3-3d65fb993779,create
b0b8a724-7c65-4f07-8047-2a38e8100ad5,b0b8a724-7c65-4f07-8047-2a38e8100ad5,24PMAC01,CORE-I-ALGEBRAIC STRUCTURE,47c6eba6-96a3-4e7e-8809-4666f68b83a4,create
b0b8a724-7c65-4f07-8047-2a38e8100ad5,b0b8a724-7c65-4f07-8047-2a38e8100ad5,24PMAC02,CORE-II-REAL ANALYSIS-I,a2131847-93cd-452a-89e5-c9cc3c0aa965,create
b0b8a724-7c65-4f07-8047-2a38e8100ad5,b0b8a724-7c65-4f07-8047-2a38e8100ad5,24PMAC03,CORE-III-ORDINARY DIFFERENTIAL EQUATION,cb4df1b9-2bbc-41f8-87c8-62755603f650,create
b0b8a724-7c65-4f07-8047-2a38e8100ad5,b0b8a724-7c65-4f07-8047-2a38e8100ad5,24PMAC04,CORE-IV-ADVANCED ALGEBRA,8a5e7c35-6d64-4554-b7f9-e3f8082b13ae,create
b0b8a724-7c65-4f07-8047-2a38e8100ad5,b0b8a724-7c65-4f07-8047-2a38e8100ad5,24PMAC05,CORE-V-REAL ANALYSIS-II,1f1aaf7f-0ed2-44db-94be-c5ef47967f73,create
b0b8a724-7c65-4f07-8047-2a38e8100ad5,b0b8a724-7c65-4f07-8047-2a38e8100ad5,24PMAC06,CORE-VI-PARTIAL DIFFERENTIAL EQUATION,8907afa2-7645-4f61-b68d-6075e7ff0fe5,create
b0b8a724-7c65-4f07-8047-2a38e8100ad5,b0b8a724-7c65-4f07-8047-2a38e8100ad5,24PMAC07,CORE-VII-COMPLEX ANALYSIS,65a34b2f-136b-4af7-bc7b-ccac8184b836,create
b0b8a724-7c65-4f07-8047-2a38e8100ad5,b0b8a724-7c65-4f07-8047-2a38e8100ad5,24PMAC08,CORE-VIII-PROBABILITY THEORY,2b97aaa1-8f8b-44ef-930c-569f374cebe2,create
b0b8a724-7c65-4f07-8047-2a38e8100ad5,b0b8a724-7c65-4f07-8047-2a38e8100ad5,24PMAC09,CORE-IX-TOPOLOGY,ab63b16c-d16a-47be-a887-1eb7cdb274a6,create
b0b8a724-7c65-4f07-8047-2a38e8100ad5,b0b8a724-7c65-4f07-8047-2a38e8100ad5,24PMAC10,CORE-X-MACHINE LEARNING,c44ad61f-2802-4ce1-9d3b-951c4e7e4437,create
b0b8a724-7c65-4f07-8047-2a38e8100ad5,b0b8a724-7c65-4f07-8047-2a38e8100ad5,24PMAC11,CORE-XI-FUNCTIONAL ANALYSIS ,41c84f66-d788-4f0f-bd86-c99b946d2e99,create
b0b8a724-7c65-4f07-8047-2a38e8100ad5,b0b8a724-7c65-4f07-8047-2a38e8100ad5,24PMAC12,CORE-XII-DIFFERENTIAL GEOMETRY ,4fa8bf0e-5f7b-48c3-9108-88ccb30ca5f2,create
b0b8a724-7c65-4f07-8047-2a38e8100ad5,b0b8a724-7c65-4f07-8047-2a38e8100ad5,24PMAE01,ELECTIVE-I-NUMBER THEORY AND CRYTOGRAPHY,2060419c-7933-4982-95c9-e0f7c552f181,create
b0b8a724-7c65-4f07-8047-2a38e8100ad5,b0b8a724-7c65-4f07-8047-2a38e8100ad5,24PMAE02,ELECTIVE-I-GRAPH THEORY AND APPLICATIONS,116e6791-bd09-4246-9c4c-f2af9afb2055,create
b0b8a724-7c65-4f07-8047-2a38e8100ad5,b0b8a724-7c65-4f07-8047-2a38e8100ad5,24PMAE03,ELECTIVE-I-FORMAL LANGUAGES AND AUTOMATA THEORY,30aa1a85-aae3-4cb9-820e-7fd01838bfd7,create
b0b8a724-7c65-4f07-8047-2a38e8100ad5,b0b8a724-7c65-4f07-8047-2a38e8100ad5,24PMAE04,ELECTIVE-I-PROGRAMMING IN C++ AND NUMERICAL ANALYSIS,0d96abc2-a948-44e3-84ca-2dc58b099fc0,create
b0b8a724-7c65-4f07-8047-2a38e8100ad5,b0b8a724-7c65-4f07-8047-2a38e8100ad5,24PMAE05,ELECTIVE-II-LIE GROUOS AND LIE ALGEBRAS,aa692d2b-be78-4560-984b-e18f71815b37,create
b0b8a724-7c65-4f07-8047-2a38e8100ad5,b0b8a724-7c65-4f07-8047-2a38e8100ad5,24PMAE06,ELECTIVE-II-MATHEMATICAL PROGRAMMING,60776d50-f286-4603-867f-ca63bf24b2ac,create
b0b8a724-7c65-4f07-8047-2a38e8100ad5,b0b8a724-7c65-4f07-8047-2a38e8100ad5,24PMAE07,ELECTIVE-II-FUZZY SETS AND THEIR APPLICATIONS,f1c4a54c-4f4e-4fc6-aa8b-de545b4ac31e,create
b0b8a724-7c65-4f07-8047-2a38e8100ad5,b0b8a724-7c65-4f07-8047-2a38e8100ad5,24PMAE08,ELECTIVE-II-DISCRETE MATHEMATICS,08b7c0e2-f4ad-43da-9da1-7a1b5b196a08,create
b0b8a724-7c65-4f07-8047-2a38e8100ad5,b0b8a724-7c65-4f07-8047-2a38e8100ad5,24PMAE09,ELECTIVE-III-ALGEBRAIC TOPOLOGY,9b0bdd5b-929e-4261-840a-b0bcf48f70bb,create
b0b8a724-7c65-4f07-8047-2a38e8100ad5,b0b8a724-7c65-4f07-8047-2a38e8100ad5,24PMAE10,ELECTIVE-III-MATHEMATICAL STATISTICS,c647142e-dfaa-471c-993c-d9da983bf278,create
b0b8a724-7c65-4f07-8047-2a38e8100ad5,b0b8a724-7c65-4f07-8047-2a38e8100ad5,24PMAE11,ELECTIVE-III-STATISTICAL DATA ANALYSIS USING R PROGRAMMING,cc67ff41-9c5e-4ff2-b386-494c934165bc,create
b0b8a724-7c65-4f07-8047-2a38e8100ad5,b0b8a724-7c65-4f07-8047-2a38e8100ad5,24PMAE12,ELECTIVE-III-TENSOR ANALYSIS AND RELATIVITY THEORY ,d714a5eb-62b6-4c57-8b01-933f858b4f31,create
b0b8a724-7c65-4f07-8047-2a38e8100ad5,b0b8a724-7c65-4f07-8047-2a38e8100ad5,24PMAE13,ELECTIVE-IV-WAVELETS,053b6c68-9dac-4d07-8b4c-21380b98f866,create
b0b8a724-7c65-4f07-8047-2a38e8100ad5,b0b8a724-7c65-4f07-8047-2a38e8100ad5,24PMAE14,ELECTIVE-IV- MODELLING AND SIMULATION WITH EXCEL,b54fb913-e08e-43cd-ba5b-3b926199e6a7,create
b0b8a724-7c65-4f07-8047-2a38e8100ad5,b0b8a724-7c65-4f07-8047-2a38e8100ad5,24PMAE15,ELECTIVE-IV-MACHINE LEARNING AND ARTIFICIAL INTELLIGENCE,f4f01fcd-a0bc-4cce-9293-1365d050a52d,create
b0b8a724-7c65-4f07-8047-2a38e8100ad5,b0b8a724-7c65-4f07-8047-2a38e8100ad5,24PMAE16,ELECTIVE-IV-NEURAL NETWORKS ,dcbf060d-1629-45a6-80a3-53b22f35802f,create
b0b8a724-7c65-4f07-8047-2a38e8100ad5,b0b8a724-7c65-4f07-8047-2a38e8100ad5,24PMAE17,ELECTIVE-V-ALGEBRAIC NUMBER THEORY,86e56636-82fc-46bd-9d98-6f7f9b5336a7,create
b0b8a724-7c65-4f07-8047-2a38e8100ad5,b0b8a724-7c65-4f07-8047-2a38e8100ad5,24PMAE18,ELECTIVE-V-FLUID DYNAMICS,5af09db6-7993-476a-9d26-45e5179ec66c,create
b0b8a724-7c65-4f07-8047-2a38e8100ad5,b0b8a724-7c65-4f07-8047-2a38e8100ad5,24PMAE19,ELECTIVE-V-STOCHASTIC PROCESSES,dc7f7ecd-d256-4e96-9a1d-a06eba843abb,create
b0b8a724-7c65-4f07-8047-2a38e8100ad5,b0b8a724-7c65-4f07-8047-2a38e8100ad5,24PMAE20,ELECTIVE-V-MATHEMATICAL PYTHON-I,dff6e9ca-5756-4b29-8880-a54a99ed82c0,create
b0b8a724-7c65-4f07-8047-2a38e8100ad5,b0b8a724-7c65-4f07-8047-2a38e8100ad5,24PMAE21,ELECTIVE-VI-ALGEBRAIC GEOMETRY,491563fb-2287-4f6a-9c94-c31779748dc6,create
b0b8a724-7c65-4f07-8047-2a38e8100ad5,b0b8a724-7c65-4f07-8047-2a38e8100ad5,24PMAE22,ELECTIVE-VI-FINANCIAL MATHEMATICS,d44c67a9-fd7b-46bd-ba10-2350bcb776aa,create
b0b8a724-7c65-4f07-8047-2a38e8100ad5,b0b8a724-7c65-4f07-8047-2a38e8100ad5,24PMAE23,ELECTIVE-VI-RESOURCE MANAGEMENT TECHNIQUES,02e56414-e3dc-4859-839e-881580465e5e,create
b0b8a724-7c65-4f07-8047-2a38e8100ad5,b0b8a724-7c65-4f07-8047-2a38e8100ad5,24PMAE24,ELECTIVE-VI-MATHEMATICAL PYTHON,6040a5f1-55ad-4879-a0c7-3efe3171ea16,create
b0b8a724-7c65-4f07-8047-2a38e8100ad5,b0b8a724-7c65-4f07-8047-2a38e8100ad5,24PMAED1,EDC-I-MATHEMATICS FOR LIFE SCIENCES,a9b92632-bc39-40fa-bddb-a40e7f4f60b8,create
b0b8a724-7c65-4f07-8047-2a38e8100ad5,b0b8a724-7c65-4f07-8047-2a38e8100ad5,24PMAED2,EDC-I-MATHEMATICS FOR SOCIAL SCIENCES ,b6bca73d-7ae0-4cf0-8ed8-6e5dc39caeda,create
b0b8a724-7c65-4f07-8047-2a38e8100ad5,b0b8a724-7c65-4f07-8047-2a38e8100ad5,24PMAED3,EDC-I-STATISTICS FOR LIFE AND SOCIAL SCIENCES ,11770969-e62d-4bb9-b531-d8b64042aef2,create
b0b8a724-7c65-4f07-8047-2a38e8100ad5,b0b8a724-7c65-4f07-8047-2a38e8100ad5,24PMAED4,EDC-I-GAME THEORY AND STRATEGY ,7bea49b4-2da1-4af2-9835-b851a2ab226a,create
b0b8a724-7c65-4f07-8047-2a38e8100ad5,b0b8a724-7c65-4f07-8047-2a38e8100ad5,24PMAED5,EDC-I-HISTORY OF MATHEMATICS,929356e1-5805-4d5c-87f6-0425d9c36d05,create
b0b8a724-7c65-4f07-8047-2a38e8100ad5,b0b8a724-7c65-4f07-8047-2a38e8100ad5,24PMAIN01,INTERNSHIP,cec898c4-650b-4228-8cd8-421ceb1404bd,create
b0b8a724-7c65-4f07-8047-2a38e8100ad5,b0b8a724-7c65-4f07-8047-2a38e8100ad5,24PMAPR1,CORE PROJECT WITH VIVA-VOCE,6ea3515e-11f6-4f4f-bd60-aef85da4aa55,create
b0b8a724-7c65-4f07-8047-2a38e8100ad5,b0b8a724-7c65-4f07-8047-2a38e8100ad5,24PMAS02,SEC-I-MATHEMATICAL DOCUMENTATION USING LATEX,cab7de8e-ce2d-49ba-9416-afc414f7c784,create
b0b8a724-7c65-4f07-8047-2a38e8100ad5,b0b8a724-7c65-4f07-8047-2a38e8100ad5,24PZOC01,CORE-I-STRUCTURE AND FUNCTION OF INVERTEBRATES,dd67e5de-1b16-4a44-a2ba-b13401841ff4,create
b0b8a724-7c65-4f07-8047-2a38e8100ad5,b0b8a724-7c65-4f07-8047-2a38e8100ad5,24PZOC02,CORE-II-COMPARATIVE ANATOMY OF VERTEBRATES,e05df54c-1a11-496d-af1c-1e5c42641896,create
b0b8a724-7c65-4f07-8047-2a38e8100ad5,b0b8a724-7c65-4f07-8047-2a38e8100ad5,24PZOC03,CORE-III-CELL AND MOLECULAR BIOLOGY,7c36eb64-f8b5-4970-9fa7-93939069edd9,create
b0b8a724-7c65-4f07-8047-2a38e8100ad5,b0b8a724-7c65-4f07-8047-2a38e8100ad5,24PZOC04,CORE-IV-DEVELOPMENTAL BIOLOGY,0fd2dee6-fa97-4662-a616-593b8e7a8110,create
b0b8a724-7c65-4f07-8047-2a38e8100ad5,b0b8a724-7c65-4f07-8047-2a38e8100ad5,24PZOC05,CORE-V-GENETICS,88d8fd42-eef6-4149-a79d-f2afe592f002,create
b0b8a724-7c65-4f07-8047-2a38e8100ad5,b0b8a724-7c65-4f07-8047-2a38e8100ad5,24PZOC06,CORE-VI-EVOLUTION,cb19411f-f97c-4403-b104-e9f475382ad3,create
b0b8a724-7c65-4f07-8047-2a38e8100ad5,b0b8a724-7c65-4f07-8047-2a38e8100ad5,24PZOC07,CORE-VII-ANIMAL PHYSIOLOGY,b1014f18-545e-433d-9574-2af406f354b4,create
b0b8a724-7c65-4f07-8047-2a38e8100ad5,b0b8a724-7c65-4f07-8047-2a38e8100ad5,24PZOC08,CORE-VIII-IMMUNOLOGY ,dd01f771-b48b-4c88-a915-4c8848e2e2c7,create
b0b8a724-7c65-4f07-8047-2a38e8100ad5,b0b8a724-7c65-4f07-8047-2a38e8100ad5,24PZOC09,CORE-IX-ECOLOGY,0f35b6ed-a2a8-421a-a0dc-c61db61eeeb9,create
b0b8a724-7c65-4f07-8047-2a38e8100ad5,b0b8a724-7c65-4f07-8047-2a38e8100ad5,24PZOCP01,"LAB COURSE- I, INVERTEBRATES AND VERTEBRATES ",cb70c013-b97f-4c8c-9d6d-fbfaf6d6b925,create
b0b8a724-7c65-4f07-8047-2a38e8100ad5,b0b8a724-7c65-4f07-8047-2a38e8100ad5,24PZOCP02,CORE LAB-II-CELL BIOLOGY AND DEVELOPMENTAL BIOLOGY,f5ae16fe-c106-488e-9a94-eb58eb02284f,create
b0b8a724-7c65-4f07-8047-2a38e8100ad5,b0b8a724-7c65-4f07-8047-2a38e8100ad5,24PZOCP03,"CORE LAB COURSE-III-GENETICS, EVOLUTION AND ANIMAL PHYSIOLOGY",7dc3a729-6168-4b56-b3a5-ef3114e1aec2,create
b0b8a724-7c65-4f07-8047-2a38e8100ad5,b0b8a724-7c65-4f07-8047-2a38e8100ad5,24PZOCP04,CORE LAB COURSE-IV-IMMUNOLOGY & ECOLOGY,ed681b64-e539-48b2-98ef-63dd10b9ba40,create
b0b8a724-7c65-4f07-8047-2a38e8100ad5,b0b8a724-7c65-4f07-8047-2a38e8100ad5,24PZOE01,ELECTIVE-I-MOLECULES THEIR INTERACTION TO  BIOLOGY,fdafe33b-3a5d-4aa7-9e4c-c64fd5b36af9,create
b0b8a724-7c65-4f07-8047-2a38e8100ad5,b0b8a724-7c65-4f07-8047-2a38e8100ad5,24PZOE02,ELECTIVE-I-MICROBIOLOGY,a7f696c7-9efb-40a7-b25d-fbffc3501bac,create
b0b8a724-7c65-4f07-8047-2a38e8100ad5,b0b8a724-7c65-4f07-8047-2a38e8100ad5,24PZOE03,ELECTIVE-II-BIOSTATISTICS,d065dc76-035b-40cd-a2db-05288a74b1f0,create
b0b8a724-7c65-4f07-8047-2a38e8100ad5,b0b8a724-7c65-4f07-8047-2a38e8100ad5,24PZOE04,ELECTIVE-II-BIOINSTRUMENTATION,e7c34a34-3644-4930-b20c-aea92f95d756,create
b0b8a724-7c65-4f07-8047-2a38e8100ad5,b0b8a724-7c65-4f07-8047-2a38e8100ad5,24PZOE05,ELECTIVE-III-ECONOMIC ENTOMOLOGY,8109e51c-4e56-47e7-9d1a-3add808bfba7,create
b0b8a724-7c65-4f07-8047-2a38e8100ad5,b0b8a724-7c65-4f07-8047-2a38e8100ad5,24PZOE06,ELECTIVE-III-MEDICAL PARASITOLOGY,323a6d80-27cb-4863-bc37-e9eb03fea976,create
b0b8a724-7c65-4f07-8047-2a38e8100ad5,b0b8a724-7c65-4f07-8047-2a38e8100ad5,24PZOE07,ELECTIVE-IV-RESEARCH METHODOLOGY,4eca0596-bd9b-48bd-9302-95d1b4d345fc,create
b0b8a724-7c65-4f07-8047-2a38e8100ad5,b0b8a724-7c65-4f07-8047-2a38e8100ad5,24PZOE08,ELECTIVE-IV-BIOETHICS & BIOSATETY,5560620a-f1c5-41e8-bf3d-9289ea98996c,create
b0b8a724-7c65-4f07-8047-2a38e8100ad5,b0b8a724-7c65-4f07-8047-2a38e8100ad5,24PZOE09,ELECTIVE-V-MEDICAL LABORATORY TECHNIQUES,3e196546-b52c-40d8-9d8f-dad02ac8b41e,create
b0b8a724-7c65-4f07-8047-2a38e8100ad5,b0b8a724-7c65-4f07-8047-2a38e8100ad5,24PZOE10,ELECTIVE-VI-AQUACULTURE,cef410e3-602b-4714-92d8-219893dc34b7,create
b0b8a724-7c65-4f07-8047-2a38e8100ad5,b0b8a724-7c65-4f07-8047-2a38e8100ad5,24PZOED1,EDC-I-POULTRY FARMING,5f57f0f0-ddad-47c0-bbed-7c81efd3ceff,create
b0b8a724-7c65-4f07-8047-2a38e8100ad5,b0b8a724-7c65-4f07-8047-2a38e8100ad5,24PZOED2,EDC-I-APICULTURE,df8644b7-699a-4d9e-9ecb-17dfd372b05f,create
b0b8a724-7c65-4f07-8047-2a38e8100ad5,b0b8a724-7c65-4f07-8047-2a38e8100ad5,24PZOED3,EDC-II-DAIRY FARMING,d4306b64-9d10-404f-9506-64032fe6efce,create
b0b8a724-7c65-4f07-8047-2a38e8100ad5,b0b8a724-7c65-4f07-8047-2a38e8100ad5,24PZOED4,EDC-II-VERMICULTURE,4a75646d-d0fc-446f-a43f-b74f126d2f76,create
b0b8a724-7c65-4f07-8047-2a38e8100ad5,b0b8a724-7c65-4f07-8047-2a38e8100ad5,24PZOIN01,INTERNSHIP/FIELD SURVEY/INDUSTRIAL ACTIVITY,0b884e3c-6fc5-4cf6-88c5-6b3c6ffc7357,create
b0b8a724-7c65-4f07-8047-2a38e8100ad5,b0b8a724-7c65-4f07-8047-2a38e8100ad5,24PZOP01,CORE LAB-I-INVERTEBRATES AND VERTEBRATES,56900c0d-dd0c-450a-8d42-2058c6a142d7,create
b0b8a724-7c65-4f07-8047-2a38e8100ad5,b0b8a724-7c65-4f07-8047-2a38e8100ad5,24PZOPR1,PROJECT VIVA VOCE,3d9a9949-3be0-4a84-bed7-b2082c250cab,create
b0b8a724-7c65-4f07-8047-2a38e8100ad5,b0b8a724-7c65-4f07-8047-2a38e8100ad5,24PZOSEC1,SKILL ENHANCEMENT COURSE-ANIMAL BEHAVIOUR,ac507761-5ef0-485c-8264-9a1a07fc5597,create
b0b8a724-7c65-4f07-8047-2a38e8100ad5,b0b8a724-7c65-4f07-8047-2a38e8100ad5,24UADC01,CORE-I-DATA STRUCTURES,68b2cced-fbb1-4837-9ce0-7b0c62dc723b,create
b0b8a724-7c65-4f07-8047-2a38e8100ad5,b0b8a724-7c65-4f07-8047-2a38e8100ad5,24UADC02,CORE-II-INTRODUCTION ON PYTHON,321791ee-6c1f-499a-a28d-027874097e38,create
b0b8a724-7c65-4f07-8047-2a38e8100ad5,b0b8a724-7c65-4f07-8047-2a38e8100ad5,24UADC03,CORE-III-FOUNDATION OF ARTIFICIAL INTELLIGENCE,f959709c-a69b-4982-bf07-80c0653de222,create
b0b8a724-7c65-4f07-8047-2a38e8100ad5,b0b8a724-7c65-4f07-8047-2a38e8100ad5,24UADC04,CORE-IV-FUNDAMENTAL OF DATA SCIENCE,17f023c2-dce0-4963-8777-dba66e03633c,create
b0b8a724-7c65-4f07-8047-2a38e8100ad5,b0b8a724-7c65-4f07-8047-2a38e8100ad5,24UADC05,DATABASE DESIGN AND MANAGEMENT,fdba7798-79be-446d-a005-af938c49b4d2,create
b0b8a724-7c65-4f07-8047-2a38e8100ad5,b0b8a724-7c65-4f07-8047-2a38e8100ad5,24UADC06,ETHICS OF ARTIFICIAL INTELLIGENCE,d1ff84d9-5896-44f8-9456-aac88735640e,create
b0b8a724-7c65-4f07-8047-2a38e8100ad5,b0b8a724-7c65-4f07-8047-2a38e8100ad5,24UADC07,ROBOTIC PROCESS AUTOMATION,927b1cf3-ffcd-43aa-8ab0-f2691ecc729d,create
b0b8a724-7c65-4f07-8047-2a38e8100ad5,b0b8a724-7c65-4f07-8047-2a38e8100ad5,24UADC08,NATURAL LANGUAGE PROCESSING,317d965a-45aa-46a1-a0b6-8bf52663152a,create
b0b8a724-7c65-4f07-8047-2a38e8100ad5,b0b8a724-7c65-4f07-8047-2a38e8100ad5,24UADCDSE01,AGILE PROJECT MANAGEMENT,22120816-d31d-484e-8bfd-913bba62079f,create
b0b8a724-7c65-4f07-8047-2a38e8100ad5,b0b8a724-7c65-4f07-8047-2a38e8100ad5,24UADCDSE02,ANALYTICS FOR SERVICE INDUSTRY,a2b0be4e-ab04-48b4-8d36-e6fcaf4c6497,create
b0b8a724-7c65-4f07-8047-2a38e8100ad5,b0b8a724-7c65-4f07-8047-2a38e8100ad5,24UADCDSE03,ARTIFICIAL INTELLIGENCE,240d497c-003e-41ba-bd05-e901252aa7da,create
b0b8a724-7c65-4f07-8047-2a38e8100ad5,b0b8a724-7c65-4f07-8047-2a38e8100ad5,24UADCDSE04,ARTIFICIAL NEURAL NETWORK,81852fa2-ca43-4d80-aab5-2f1a6e35a355,create
b0b8a724-7c65-4f07-8047-2a38e8100ad5,b0b8a724-7c65-4f07-8047-2a38e8100ad5,24UADCDSE05,IMAGE PROCESSING,b8590684-ffba-432a-9d60-ef232b19d2ad,create
b0b8a724-7c65-4f07-8047-2a38e8100ad5,b0b8a724-7c65-4f07-8047-2a38e8100ad5,24UADCDSE06,BIG DATA ANALYTICS,52d938f8-8454-4496-8230-1cdec392f871,create
b0b8a724-7c65-4f07-8047-2a38e8100ad5,b0b8a724-7c65-4f07-8047-2a38e8100ad5,24UADCDSE07,ROBOTICS AND ITS APPLICATIONS,e89e0e4a-732a-4503-b885-30ab9908bc14,create
b0b8a724-7c65-4f07-8047-2a38e8100ad5,b0b8a724-7c65-4f07-8047-2a38e8100ad5,24UADCDSE08,COMPUTATIONAL INTELLIGENCE,aa18fac8-7568-47b2-9fab-82f438cab262,create
b0b8a724-7c65-4f07-8047-2a38e8100ad5,b0b8a724-7c65-4f07-8047-2a38e8100ad5,24UADCDSE09,CRYPTOGRAPHY,2b8918f1-a50e-4455-9974-262b0669923f,create
b0b8a724-7c65-4f07-8047-2a38e8100ad5,b0b8a724-7c65-4f07-8047-2a38e8100ad5,24UADCDSE10,SOFTWARE PROJECT MANAGEMENT,559d55be-91cc-41a1-9014-e3ffdf4ba0f3,create
b0b8a724-7c65-4f07-8047-2a38e8100ad5,b0b8a724-7c65-4f07-8047-2a38e8100ad5,24UADCDSE11,FUZZY LOGIC,258ed615-be1f-4f7c-924a-07f5b3a7b09a,create
b0b8a724-7c65-4f07-8047-2a38e8100ad5,b0b8a724-7c65-4f07-8047-2a38e8100ad5,24UADCDSE12,GRID COMPUTING,059c136c-f42b-4913-bde5-4f47d67a0a97,create
b0b8a724-7c65-4f07-8047-2a38e8100ad5,b0b8a724-7c65-4f07-8047-2a38e8100ad5,24UADCDSE13,HUMAN COMPUTER INTERACTION,fbf1a45b-6d63-478d-b841-9962187a79c1,create
b0b8a724-7c65-4f07-8047-2a38e8100ad5,b0b8a724-7c65-4f07-8047-2a38e8100ad5,24UADCDSE14,INTRODUCTION TO DATA SCIENCE,25b46cf5-a2c5-41dd-b0c1-f6cb0cdce7ba,create
b0b8a724-7c65-4f07-8047-2a38e8100ad5,b0b8a724-7c65-4f07-8047-2a38e8100ad5,24UADCDSE15,DATA VISUALIZATION,c635d796-c454-4cf2-bc36-6d89b23eb6ae,create
b0b8a724-7c65-4f07-8047-2a38e8100ad5,b0b8a724-7c65-4f07-8047-2a38e8100ad5,24UADCDSE16,IOT AND ITS APPLICATIONS,f757c9b6-cd1c-47a1-8739-449f29a5b189,create
b0b8a724-7c65-4f07-8047-2a38e8100ad5,b0b8a724-7c65-4f07-8047-2a38e8100ad5,24UADCDSE18,VIRTUAL REALITY AND MORE,de74b8d3-caff-40f0-aab9-8b6e12392a39,create
b0b8a724-7c65-4f07-8047-2a38e8100ad5,b0b8a724-7c65-4f07-8047-2a38e8100ad5,24UADCDSE19,INTERNET OF THINGS,3c73f986-2654-40ce-bd85-c99721107549,create
b0b8a724-7c65-4f07-8047-2a38e8100ad5,b0b8a724-7c65-4f07-8047-2a38e8100ad5,24UADCDSE20,COGNITIVE SCIENCE AND ANALYSIS,bc43524f-9e51-448a-bbf7-65e7adfeb538,create
b0b8a724-7c65-4f07-8047-2a38e8100ad5,b0b8a724-7c65-4f07-8047-2a38e8100ad5,24UADCP01,CORE PRACTICAL-I-COMPUTER PROGRAMMING LAB,b8eab4b4-71db-48cd-9dec-df72885b2192,create
b0b8a724-7c65-4f07-8047-2a38e8100ad5,b0b8a724-7c65-4f07-8047-2a38e8100ad5,24UADCP02,CORE PRACTICAL-II-PYTHON PROGRAMMING LAB,39dc0af3-afb6-40c3-b722-b4924cdddb75,create
b0b8a724-7c65-4f07-8047-2a38e8100ad5,b0b8a724-7c65-4f07-8047-2a38e8100ad5,24UADCP03,CORE PRACTICAL-III-INTERNET PROGRAMMING LAB,58845029-ae3f-40de-a886-16c813576e3b,create
b0b8a724-7c65-4f07-8047-2a38e8100ad5,b0b8a724-7c65-4f07-8047-2a38e8100ad5,24UADCP04,CORE PRACTICAL-IV-DATABASE PROGRAMMING IN LAB,2539131b-aae1-48b0-b025-df52a317a365,create
b0b8a724-7c65-4f07-8047-2a38e8100ad5,b0b8a724-7c65-4f07-8047-2a38e8100ad5,24UADCP05,DATA SCIENCE LAB,62472c05-6308-4686-b6ef-3ce949c3ef9c,create
b0b8a724-7c65-4f07-8047-2a38e8100ad5,b0b8a724-7c65-4f07-8047-2a38e8100ad5,24UADCP07,PROGRAMMING  IN UI PATH AUTOMATION LAB,4a67b4ec-b15d-410f-95ca-5fa6351cd551,create
b0b8a724-7c65-4f07-8047-2a38e8100ad5,b0b8a724-7c65-4f07-8047-2a38e8100ad5,24UADCPR1,PROJECT WITH VIVA VOCE,18542110-1f52-4bcd-9967-c515db2a9493,create
b0b8a724-7c65-4f07-8047-2a38e8100ad5,b0b8a724-7c65-4f07-8047-2a38e8100ad5,24UADS01,SEC-I-FUNDAMENTALS OF COMPUTER PROGRAMMING,323987d5-bed2-43b9-bc32-9b85123f819a,create
b0b8a724-7c65-4f07-8047-2a38e8100ad5,b0b8a724-7c65-4f07-8047-2a38e8100ad5,24UBAC01,CORE-I-PRINCIPLES OF MANAGEMENT,fd2dff00-f264-4c7a-b144-49d4c1161f89,create
b0b8a724-7c65-4f07-8047-2a38e8100ad5,b0b8a724-7c65-4f07-8047-2a38e8100ad5,24UBAC02,CORE-II-ACCOUNTING FOR MANAGERS-I,b4fce581-2b0a-4d23-b399-eaac874d287c,create
b0b8a724-7c65-4f07-8047-2a38e8100ad5,b0b8a724-7c65-4f07-8047-2a38e8100ad5,24UBAC03,CORE-III-MARKETING MANAGEMENT,23f1322d-aebc-4ac6-87a9-2c95ddc8881b,create
b0b8a724-7c65-4f07-8047-2a38e8100ad5,b0b8a724-7c65-4f07-8047-2a38e8100ad5,24UBAC04,CORE-IV-ACCOUNTING FOR MANAGERS-II,f605b156-1c33-46db-b028-140f5bc326e8,create
b0b8a724-7c65-4f07-8047-2a38e8100ad5,b0b8a724-7c65-4f07-8047-2a38e8100ad5,24UBAC05,CORE-V-ORGANIZATIONAL BEHAVIOUR,85247682-efeb-4770-b19d-db65acf443a3,create
b0b8a724-7c65-4f07-8047-2a38e8100ad5,b0b8a724-7c65-4f07-8047-2a38e8100ad5,24UBAC06,CORE-VI-FINANCIAL MANAGEMENT,bffa24c2-cd4f-440a-9c32-2bff221b0062,create
b0b8a724-7c65-4f07-8047-2a38e8100ad5,b0b8a724-7c65-4f07-8047-2a38e8100ad5,24UBAC07,CORE VII- BUSINESS ENVIRONMENT,7fb99645-bbbd-49b5-b1b9-a23b28be7ba8,create
b0b8a724-7c65-4f07-8047-2a38e8100ad5,b0b8a724-7c65-4f07-8047-2a38e8100ad5,24UBAC08,CORE VIII- BUSINESS REGULATORY FRAME WORK,39aa89c5-90d5-45a3-a7ab-cd860cd3a276,create
b0b8a724-7c65-4f07-8047-2a38e8100ad5,b0b8a724-7c65-4f07-8047-2a38e8100ad5,24UBAC09,HUMAN RESOURCE MANAGEMENT,cd813d0a-a93f-4304-87e0-7d277e77c4f4,create
b0b8a724-7c65-4f07-8047-2a38e8100ad5,b0b8a724-7c65-4f07-8047-2a38e8100ad5,24UBAC10,RESEARCH METHODOLOGY,878db879-0b30-47a2-adfc-a6431eae8b8f,create
b0b8a724-7c65-4f07-8047-2a38e8100ad5,b0b8a724-7c65-4f07-8047-2a38e8100ad5,24UBAC11,BUSINESS TAXATION,7b51095b-7eaa-48da-b34e-10bb52f23696,create
b0b8a724-7c65-4f07-8047-2a38e8100ad5,b0b8a724-7c65-4f07-8047-2a38e8100ad5,24UBAC12,MANAGEMENT INFORMATION SYSTEM ,ead23cbd-8639-4079-a974-83ddd80add9b,create
b0b8a724-7c65-4f07-8047-2a38e8100ad5,b0b8a724-7c65-4f07-8047-2a38e8100ad5,24UBAC13,ENTREPRENEURIAL DEVELOPMENT,65b6ad10-1401-425c-848d-7e2f92518358,create
b0b8a724-7c65-4f07-8047-2a38e8100ad5,b0b8a724-7c65-4f07-8047-2a38e8100ad5,24UBAC14,SERVICES MARKETING,aa368d50-f9d2-4fdd-bed4-f25835c56aee,create
b0b8a724-7c65-4f07-8047-2a38e8100ad5,b0b8a724-7c65-4f07-8047-2a38e8100ad5,24UBAC15,PRODUCTION AND MATERIALS MANAGEMENT,bf5ee62e-baaf-4159-8483-4a6d528662a6,create
b0b8a724-7c65-4f07-8047-2a38e8100ad5,b0b8a724-7c65-4f07-8047-2a38e8100ad5,24UBADE1,DISCIPLINE SPECIFIC ELECTIVE-I-BUSINESS STATISTICS,25beffcb-ff9a-4765-9892-09bc19e725af,create
b0b8a724-7c65-4f07-8047-2a38e8100ad5,b0b8a724-7c65-4f07-8047-2a38e8100ad5,24UBADE10,E-BUSINESS,83d0202c-c00e-415a-a6b3-68bbc5dcff04,create
b0b8a724-7c65-4f07-8047-2a38e8100ad5,b0b8a724-7c65-4f07-8047-2a38e8100ad5,24UBADE11,STRATEGIC MANAGEMENT,be183c60-111e-4f80-b872-9f144b630916,create
b0b8a724-7c65-4f07-8047-2a38e8100ad5,b0b8a724-7c65-4f07-8047-2a38e8100ad5,24UBADE2,DISCIPLINE SPECIFIC ELECTIVE-II- OPERATION RESEARCH,88bce8aa-7d64-483d-b348-ca66bcd6b089,create
b0b8a724-7c65-4f07-8047-2a38e8100ad5,b0b8a724-7c65-4f07-8047-2a38e8100ad5,24UBADE3,DIGITAL MARKETING,659fde31-23fe-497d-a8f2-5f1e82527727,create
b0b8a724-7c65-4f07-8047-2a38e8100ad5,b0b8a724-7c65-4f07-8047-2a38e8100ad5,24UBADE4,INDUSTRIAL RELATIONS,bd841b76-b479-4c6a-89c9-f4f14dac1ecb,create
b0b8a724-7c65-4f07-8047-2a38e8100ad5,b0b8a724-7c65-4f07-8047-2a38e8100ad5,24UBADE5,FINANCIAL SERVICES,ee11b301-e978-4dc9-a036-27ca1fe474b2,create
b0b8a724-7c65-4f07-8047-2a38e8100ad5,b0b8a724-7c65-4f07-8047-2a38e8100ad5,24UBADE6,CONSUMER BEHAVIOUR,66eb7112-50e0-4691-a268-3f54f68b4637,create
b0b8a724-7c65-4f07-8047-2a38e8100ad5,b0b8a724-7c65-4f07-8047-2a38e8100ad5,24UBADE7,INNOVATION MANAGEMENT,cc0c62df-a430-43fc-a20c-91f1ef4d764e,create
b0b8a724-7c65-4f07-8047-2a38e8100ad5,b0b8a724-7c65-4f07-8047-2a38e8100ad5,24UBADE8,SECURITY ANALYSIS & PORTFOLIO MANAGEMENT,4ecfa893-b2b1-4c96-aa20-f3d5cf9b760c,create
b0b8a724-7c65-4f07-8047-2a38e8100ad5,b0b8a724-7c65-4f07-8047-2a38e8100ad5,24UBADE9,FUNDAMENTALS OF LOGISTICS MANAGEMENT,5cf9200c-d9c3-428b-89f7-2b6008539fb4,create
b0b8a724-7c65-4f07-8047-2a38e8100ad5,b0b8a724-7c65-4f07-8047-2a38e8100ad5,24UBADSEP1,AI FOR BUSINESS MANAGEMENT AND STRATEGY,d53b858a-aff8-4016-a048-2426eeba0fd5,create
b0b8a724-7c65-4f07-8047-2a38e8100ad5,b0b8a724-7c65-4f07-8047-2a38e8100ad5,24UBANM1,NME-I-BASICS OF EVENT MANAGEMENT,cf8aa7f8-9d8a-4547-9647-371c9c3e4c8e,create
b0b8a724-7c65-4f07-8047-2a38e8100ad5,b0b8a724-7c65-4f07-8047-2a38e8100ad5,24UBANM2,NME-II-MANAGERIAL SKILL DEVELOPMENT,58951fac-84a9-4655-ac93-65607dcacde4,create
b0b8a724-7c65-4f07-8047-2a38e8100ad5,b0b8a724-7c65-4f07-8047-2a38e8100ad5,24UBAPR1,PROJECT WITH VIVA –VOCE,a7c6b1bc-bf9f-4d77-8e12-470971b319ae,create
b0b8a724-7c65-4f07-8047-2a38e8100ad5,b0b8a724-7c65-4f07-8047-2a38e8100ad5,24UBAS01,SEC-I-MANAGERIAL COMMUNICATION,4be28b25-aa1a-44c0-91a8-53c36dc04534,create
b0b8a724-7c65-4f07-8047-2a38e8100ad5,b0b8a724-7c65-4f07-8047-2a38e8100ad5,24UBAS02,SEC-II: BUSINESS ETIQUETTE AND CORPORATE GROOMING,be1a0855-2a1e-4d56-b48e-5c9d7740f09a,create
b0b8a724-7c65-4f07-8047-2a38e8100ad5,b0b8a724-7c65-4f07-8047-2a38e8100ad5,24UBAS03,SEC-IV-BUSINESS ENTREPRENEURIAL SKILL NEW VENTURE MANAGEMENT,d98822bd-9352-4a4e-bccf-0d580d1189c8,create
b0b8a724-7c65-4f07-8047-2a38e8100ad5,b0b8a724-7c65-4f07-8047-2a38e8100ad5,24UBAS04,SEC-VI-INTELLECTUAL PROPERTY RIGHTS,c697654f-afb2-4a99-b05d-2fe46e5b4be1,create
b0b8a724-7c65-4f07-8047-2a38e8100ad5,b0b8a724-7c65-4f07-8047-2a38e8100ad5,24UBASI1,SUMMER INTERNSHIP/  INDUSTRIAL TRAINING,2bd353a4-844d-4032-8a8f-29c78e8d5fe7,create
b0b8a724-7c65-4f07-8047-2a38e8100ad5,b0b8a724-7c65-4f07-8047-2a38e8100ad5,24UBASP01,SEC-III-COMPUTER APPLICATION IN BUSINESS-PRACTICAL,476814ec-3965-470f-894d-eb1c8c05c001,create
b0b8a724-7c65-4f07-8047-2a38e8100ad5,b0b8a724-7c65-4f07-8047-2a38e8100ad5,24UBASP02, SEC V- TALLY PRACTICAL,4290aeeb-e546-497b-ab2c-6abf7f35cfb5,create
b0b8a724-7c65-4f07-8047-2a38e8100ad5,b0b8a724-7c65-4f07-8047-2a38e8100ad5,24UBOGE01,GENERIC ELECTIVE-I: THALLOPHYTES: BRYOPHYTES: PTRERIDOPHYTES: GYMNOSPERMS: CELL BIOLOGY AND GENETICS,9da14eaa-fd6a-42fb-a7ac-c561f0daa273,create
b0b8a724-7c65-4f07-8047-2a38e8100ad5,b0b8a724-7c65-4f07-8047-2a38e8100ad5,24UBOGE02,"GENERIC ELECTIVE BOTANY-II, EXTERNAL MORPHOLOGY, TAXONOMY OF ANGIOSPERMS, ANATOMY, EMBRYOLOGY AND PLANT PHYSIOLOGY",120d0a66-ec45-43c3-9b89-379c2a343d20,create
b0b8a724-7c65-4f07-8047-2a38e8100ad5,b0b8a724-7c65-4f07-8047-2a38e8100ad5,24UBOGEP01,GENERIC ELECTIVE-I-BOTANY PRACTICAL,dff93388-1082-4c55-a6f0-8c50dcbad9dc,create
b0b8a724-7c65-4f07-8047-2a38e8100ad5,b0b8a724-7c65-4f07-8047-2a38e8100ad5,24UBOGEP01A,"GENERIC ELECTIVE-I, BOTANY PRACTICAL",f7289023-acde-4939-87ff-07e1cbebaab2,create
b0b8a724-7c65-4f07-8047-2a38e8100ad5,b0b8a724-7c65-4f07-8047-2a38e8100ad5,24UCAC01,CORE-I-PYTHON PROGRAMMING,7034337c-63b0-479b-9ff4-41088d329866,create
b0b8a724-7c65-4f07-8047-2a38e8100ad5,b0b8a724-7c65-4f07-8047-2a38e8100ad5,24UCAC02,CORE-II-OBJECT ORIENTED PROGRAMMING USING C++,6f1dce10-31ec-4334-9bbe-0a9dff0dd06e,create
b0b8a724-7c65-4f07-8047-2a38e8100ad5,b0b8a724-7c65-4f07-8047-2a38e8100ad5,24UCAC03,CORE-III-DATA STRUCTURES AND ALGORITHMS,8797d517-0c78-4634-8ec1-b495ef4f247d,create
b0b8a724-7c65-4f07-8047-2a38e8100ad5,b0b8a724-7c65-4f07-8047-2a38e8100ad5,24UCAC04,CORE-IV-PROGRAMMING IN JAVA,09fc1164-e356-4d76-9dac-fc157814a330,create
b0b8a724-7c65-4f07-8047-2a38e8100ad5,b0b8a724-7c65-4f07-8047-2a38e8100ad5,24UCAC05,OPERATING SYSTEM,f167ab02-70a0-4e80-beee-cbf484d03d9b,create
b0b8a724-7c65-4f07-8047-2a38e8100ad5,b0b8a724-7c65-4f07-8047-2a38e8100ad5,24UCAC06,ASP.NET PROGRAMMING,a53eea27-dcdf-4a69-8c05-ef13f5a9207e,create
b0b8a724-7c65-4f07-8047-2a38e8100ad5,b0b8a724-7c65-4f07-8047-2a38e8100ad5,24UCAC07,COMPUTER NETWORKS,bf9ef527-8fba-4767-a872-29e78ffcb4fa,create
b0b8a724-7c65-4f07-8047-2a38e8100ad5,b0b8a724-7c65-4f07-8047-2a38e8100ad5,24UCAC08,DATA ANALYTICS USING R PROGRAMMING,761f1189-55e4-4830-bf87-f061774b9c92,create
b0b8a724-7c65-4f07-8047-2a38e8100ad5,b0b8a724-7c65-4f07-8047-2a38e8100ad5,24UCACP01,CORE PRACTICAL-I-PYTHON PROGRAMMING LAB,a2a344b1-13c6-4dd0-bd5a-6c449d58618b,create
b0b8a724-7c65-4f07-8047-2a38e8100ad5,b0b8a724-7c65-4f07-8047-2a38e8100ad5,24UCACP02,CORE PRACTICAL-II- C++ PROGRAMMING LAB,48bfbfe6-1a9b-4e3c-a290-84ba0b4ed00a,create
b0b8a724-7c65-4f07-8047-2a38e8100ad5,b0b8a724-7c65-4f07-8047-2a38e8100ad5,24UCACP03,CORE PRACTICAL III-DATA STRUCTURES AND ALGORITHM USING C++  LAB,90cdb197-6aa6-46df-836f-539e920d8159,create
b0b8a724-7c65-4f07-8047-2a38e8100ad5,b0b8a724-7c65-4f07-8047-2a38e8100ad5,24UCACP04,CORE PRACTICAL-IV-PROGRAMMING IN JAVA LAB,9c6ce15a-ff2f-4f22-a690-26086dd3d260,create
b0b8a724-7c65-4f07-8047-2a38e8100ad5,b0b8a724-7c65-4f07-8047-2a38e8100ad5,24UCACP05,ASP.NET PROGRAMMING LAB,cf0e8e23-8842-4c69-a8a2-504731650294,create
b0b8a724-7c65-4f07-8047-2a38e8100ad5,b0b8a724-7c65-4f07-8047-2a38e8100ad5,24UCACP06,R PROGRAMMING LAB,131005ff-bf4b-4b19-a1dc-c1901731ffc9,create
b0b8a724-7c65-4f07-8047-2a38e8100ad5,b0b8a724-7c65-4f07-8047-2a38e8100ad5,24UCADSE01,AGILE PROJECT MANAGEMENT,ef36cb9a-211e-49be-8feb-eb439e354a87,create
b0b8a724-7c65-4f07-8047-2a38e8100ad5,b0b8a724-7c65-4f07-8047-2a38e8100ad5,24UCADSE02,ANALYTICS FOR SERVICE INDUSTRY,885f27e3-1f6d-44de-acac-f2fd83da26ee,create
b0b8a724-7c65-4f07-8047-2a38e8100ad5,b0b8a724-7c65-4f07-8047-2a38e8100ad5,24UCADSE10,SOFTWARE PROJECT MANAGEMENT,01e2084c-7878-49a9-a8cf-5cca18bf5335,create
b0b8a724-7c65-4f07-8047-2a38e8100ad5,b0b8a724-7c65-4f07-8047-2a38e8100ad5,24UCADSE11,FUZZY LOGIC,5ccd84f0-2f55-4960-b4c5-c2c072df79b7,create
b0b8a724-7c65-4f07-8047-2a38e8100ad5,b0b8a724-7c65-4f07-8047-2a38e8100ad5,24UCADSE12,GRID COMPUTING,e96ba108-cb7f-40f3-b8c0-1e2dff4e9aed,create
b0b8a724-7c65-4f07-8047-2a38e8100ad5,b0b8a724-7c65-4f07-8047-2a38e8100ad5,24UCADSE13,HUMAN COMPUTER INTERACTION,ad3f4ada-ee58-4681-804f-b6c194659ea3,create
b0b8a724-7c65-4f07-8047-2a38e8100ad5,b0b8a724-7c65-4f07-8047-2a38e8100ad5,24UCADSE14,INFORMATION SECURITY,7e6bd1b1-5659-45c9-9610-0e9b3d54df68,create
b0b8a724-7c65-4f07-8047-2a38e8100ad5,b0b8a724-7c65-4f07-8047-2a38e8100ad5,24UCADSE15,DATA BASE MANAGEMENT SYSTEM,891aea7a-c541-4ed5-a7e5-06c00dfb3e0f,create
b0b8a724-7c65-4f07-8047-2a38e8100ad5,b0b8a724-7c65-4f07-8047-2a38e8100ad5,24UCADSE16,IOT AND ITS APPLICATIONS,7da49d44-5a0e-4ce3-928a-1e7b1a486c83,create
b0b8a724-7c65-4f07-8047-2a38e8100ad5,b0b8a724-7c65-4f07-8047-2a38e8100ad5,24UCADSE17,NATURAL LANGUAGE PROCESSING,5a817219-0b78-4861-bfc5-94dcb23316ea,create
b0b8a724-7c65-4f07-8047-2a38e8100ad5,b0b8a724-7c65-4f07-8047-2a38e8100ad5,24UCADSE18,CLOUD COMPUTING,427655d9-6521-4c47-9891-6007684bf8f5,create
b0b8a724-7c65-4f07-8047-2a38e8100ad5,b0b8a724-7c65-4f07-8047-2a38e8100ad5,24UCADSE19,SOFTWARE METRICS,9cd01f6c-6c36-4a51-9e8c-00c4ad502fb9,create
b0b8a724-7c65-4f07-8047-2a38e8100ad5,b0b8a724-7c65-4f07-8047-2a38e8100ad5,24UCADSE3,ARTIFICIAL INTELLIGENCE,d6a67913-63c3-4863-8ce8-21d017c2801d,create
b0b8a724-7c65-4f07-8047-2a38e8100ad5,b0b8a724-7c65-4f07-8047-2a38e8100ad5,24UCADSE4,ARTIFICIAL NEURAL NETWORK,4d88faa4-0680-405c-9d82-9cc314ecc696,create
b0b8a724-7c65-4f07-8047-2a38e8100ad5,b0b8a724-7c65-4f07-8047-2a38e8100ad5,24UCADSE5,IMAGE PROCESSING,5ef69413-f3f8-43b7-a573-9b59afb10555,create
b0b8a724-7c65-4f07-8047-2a38e8100ad5,b0b8a724-7c65-4f07-8047-2a38e8100ad5,24UCADSE6,BIG DATA ANALYTICS,6d3704b5-7175-4be0-bea5-95c48880827a,create
b0b8a724-7c65-4f07-8047-2a38e8100ad5,b0b8a724-7c65-4f07-8047-2a38e8100ad5,24UCADSE7,MOBILE ADHOC NETWORK,4427ed84-e412-4eb4-b714-4aeb829bda1d,create
b0b8a724-7c65-4f07-8047-2a38e8100ad5,b0b8a724-7c65-4f07-8047-2a38e8100ad5,24UCADSE8,COMPUTATIONAL INTELLIGENCE,346e6803-a606-4f4c-bfa8-a21e5fe4f49d,create
b0b8a724-7c65-4f07-8047-2a38e8100ad5,b0b8a724-7c65-4f07-8047-2a38e8100ad5,24UCADSE9,CRYPTOGRAPHY,4d219a0b-d3db-409d-a932-1b2ec4600f08,create
b0b8a724-7c65-4f07-8047-2a38e8100ad5,b0b8a724-7c65-4f07-8047-2a38e8100ad5,24UCAS01,SEC-I-STRUCTURED PROGRAMMING IN C,d35947d1-8782-487d-a97d-d2599405969b,create
b0b8a724-7c65-4f07-8047-2a38e8100ad5,b0b8a724-7c65-4f07-8047-2a38e8100ad5,24UCASE010,ADVANCED EXCEL,d9df2b42-6235-47be-a0c3-3bc9041383d3,create
b0b8a724-7c65-4f07-8047-2a38e8100ad5,b0b8a724-7c65-4f07-8047-2a38e8100ad5,24UCASE011,BIOMETRICS,4574c93a-5c13-4e44-886f-50df9af269dd,create
b0b8a724-7c65-4f07-8047-2a38e8100ad5,b0b8a724-7c65-4f07-8047-2a38e8100ad5,24UCASE012,CYBER FORENSICS,740b03b5-4a7c-4ea8-8233-9e64c2aa9d9f,create
b0b8a724-7c65-4f07-8047-2a38e8100ad5,b0b8a724-7c65-4f07-8047-2a38e8100ad5,24UCASE013,PATTERN RECOGNITION,a0d289a1-2f0b-40c4-9a7a-7813ceff9d98,create
b0b8a724-7c65-4f07-8047-2a38e8100ad5,b0b8a724-7c65-4f07-8047-2a38e8100ad5,24UCASE014,ENTERPRISE RESOURCE PLANNING,b06d3ed4-cdc8-4a19-aea4-48fbaedfb466,create
b0b8a724-7c65-4f07-8047-2a38e8100ad5,b0b8a724-7c65-4f07-8047-2a38e8100ad5,24UCASE015,SIMULATION AND MODELING,0753fa19-e255-476a-847b-06d20de09146,create
b0b8a724-7c65-4f07-8047-2a38e8100ad5,b0b8a724-7c65-4f07-8047-2a38e8100ad5,24UCASE016,ORGANIZATION BEHAVIOR AND MORE,72f42145-015e-4a2c-ab07-7b90c900e65b,create
b0b8a724-7c65-4f07-8047-2a38e8100ad5,b0b8a724-7c65-4f07-8047-2a38e8100ad5,24UCASE03,WEB DESIGNING,01464747-7b20-443e-b4d8-90ce36f769b2,create
b0b8a724-7c65-4f07-8047-2a38e8100ad5,b0b8a724-7c65-4f07-8047-2a38e8100ad5,24UCASE04,PHP PROGRAMMING,1b8db705-d1fa-4c78-b8d4-4458430863b8,create
b0b8a724-7c65-4f07-8047-2a38e8100ad5,b0b8a724-7c65-4f07-8047-2a38e8100ad5,24UCASE05,SOFTWARE TESTING,49cdadfe-a71d-4358-b062-5f2b219fb12f,create
b0b8a724-7c65-4f07-8047-2a38e8100ad5,b0b8a724-7c65-4f07-8047-2a38e8100ad5,24UCASE06,UNDERSTANDING INTERNET,0251bd13-babe-4688-b7bb-1a7dc08dbfcb,create
b0b8a724-7c65-4f07-8047-2a38e8100ad5,b0b8a724-7c65-4f07-8047-2a38e8100ad5,24UCASE07,OFFICE AUTOMATION,d78a3505-1910-4c8b-a83d-0b12589a2c08,create
b0b8a724-7c65-4f07-8047-2a38e8100ad5,b0b8a724-7c65-4f07-8047-2a38e8100ad5,24UCASE08,QUANTITATIVE APTITUDE,9fa308f1-0c04-4ebe-ba80-4f40ff4388cb,create
b0b8a724-7c65-4f07-8047-2a38e8100ad5,b0b8a724-7c65-4f07-8047-2a38e8100ad5,24UCASE09,MULTIMEDIA SYSTEMS,6047ed57-baf8-41cc-8643-69c036e695db,create
b0b8a724-7c65-4f07-8047-2a38e8100ad5,b0b8a724-7c65-4f07-8047-2a38e8100ad5,24UCCC01,CORE-I: FINANCIAL ACCOUNTING - I,9a155a8c-c10e-4648-a59d-c5cbb84a339d,create
b0b8a724-7c65-4f07-8047-2a38e8100ad5,b0b8a724-7c65-4f07-8047-2a38e8100ad5,24UCCC02,CORE-II-PRINCIPLES OF MANAGEMENT,a3fe497f-68f7-4a28-a388-846084731d53,create
b0b8a724-7c65-4f07-8047-2a38e8100ad5,b0b8a724-7c65-4f07-8047-2a38e8100ad5,24UCCC03,CORE-III-FINANCIAL ACCOUNTING-II,389452f6-fd03-4d09-890d-e21d02cd6db0,create
b0b8a724-7c65-4f07-8047-2a38e8100ad5,b0b8a724-7c65-4f07-8047-2a38e8100ad5,24UCCC04,CORE-IV-BUSINESS LAW,0a71e94f-c6da-463e-a3ee-109875b13b1d,create
b0b8a724-7c65-4f07-8047-2a38e8100ad5,b0b8a724-7c65-4f07-8047-2a38e8100ad5,24UCCC05,CORE-V-CORPORATE ACCOUNTING I,3226bae2-e97f-458f-ba53-3a25ca5e350b,create
b0b8a724-7c65-4f07-8047-2a38e8100ad5,b0b8a724-7c65-4f07-8047-2a38e8100ad5,24UCCC06,CORE-VI-BUSINESS MATHEMATICS AND STATISTICS,33b6958e-5553-4b51-851d-ba40d203abea,create
b0b8a724-7c65-4f07-8047-2a38e8100ad5,b0b8a724-7c65-4f07-8047-2a38e8100ad5,24UCCC07,CORE-VII-CORPORATE ACCOUNTING II,c36b7870-aed2-458b-901a-81377c7a9557,create
b0b8a724-7c65-4f07-8047-2a38e8100ad5,b0b8a724-7c65-4f07-8047-2a38e8100ad5,24UCCC08,CORE-VIII-COMPANY LAW,7d613523-e4a0-4b7f-9d09-38f8374b7e65,create
b0b8a724-7c65-4f07-8047-2a38e8100ad5,b0b8a724-7c65-4f07-8047-2a38e8100ad5,24UCCC09,COST ACCOUNTING I,81c733ec-5514-4a27-8f09-6f22cc36fe1b,create
b0b8a724-7c65-4f07-8047-2a38e8100ad5,b0b8a724-7c65-4f07-8047-2a38e8100ad5,24UCCC10,BANKING LAW AND PRACTICE,db657036-703e-49f8-b353-b397cf685e79,create
b0b8a724-7c65-4f07-8047-2a38e8100ad5,b0b8a724-7c65-4f07-8047-2a38e8100ad5,24UCCC11,INCOME TAX LAW AND PRACTICE I,f0eb3aa7-06b3-4d2f-a199-08b49e46f30b,create
b0b8a724-7c65-4f07-8047-2a38e8100ad5,b0b8a724-7c65-4f07-8047-2a38e8100ad5,24UCCC12,AUDITING AND CORPORATE GOVERNANCE,c8e55778-1401-48bb-8ae4-5f203d5858f2,create
b0b8a724-7c65-4f07-8047-2a38e8100ad5,b0b8a724-7c65-4f07-8047-2a38e8100ad5,24UCCC13,COST ACCOUNTING II,a25e0bdd-0864-4dd9-9e22-f4dd3784099e,create
b0b8a724-7c65-4f07-8047-2a38e8100ad5,b0b8a724-7c65-4f07-8047-2a38e8100ad5,24UCCC14,MANAGEMENT ACCOUNTING,b9f2f234-d771-48a2-8aed-0ed58d474220,create
b0b8a724-7c65-4f07-8047-2a38e8100ad5,b0b8a724-7c65-4f07-8047-2a38e8100ad5,24UCCC15,INCOME TAX LAW AND PRACTICE - II,8ecddef2-2a6c-4f0d-befd-d3011254de14,create
b0b8a724-7c65-4f07-8047-2a38e8100ad5,b0b8a724-7c65-4f07-8047-2a38e8100ad5,24UCCCPR1,PROJECT WORK (GROUP),28ec7932-226b-4eb0-8c1c-16ec866975af,create
b0b8a724-7c65-4f07-8047-2a38e8100ad5,b0b8a724-7c65-4f07-8047-2a38e8100ad5,24UCCDSE1,FINANCIAL MANAGEMENT ,ff27d5ca-3f2a-4c1d-932f-1a40a9a06007,create
b0b8a724-7c65-4f07-8047-2a38e8100ad5,b0b8a724-7c65-4f07-8047-2a38e8100ad5,24UCCDSE2,INDIRECT TAXATION,643eb133-43f6-4c09-b2d7-e816754cf148,create
b0b8a724-7c65-4f07-8047-2a38e8100ad5,b0b8a724-7c65-4f07-8047-2a38e8100ad5,24UCCDSE3,ENTREPRENEURIAL DEVELOPMENT,c7d80098-1bcf-421b-bc38-ab6bdaeab65f,create
b0b8a724-7c65-4f07-8047-2a38e8100ad5,b0b8a724-7c65-4f07-8047-2a38e8100ad5,24UCCDSE4,HUMAN RESOURCE MANAGEMENT,d708a95e-cec5-4cb0-8931-dfca97b45eb8,create
b0b8a724-7c65-4f07-8047-2a38e8100ad5,b0b8a724-7c65-4f07-8047-2a38e8100ad5,24UCCDSEP1,SOFTWARE ENGINEERING AND UML LAB,3dd7071a-3998-4269-87bb-1cb606fa5be6,create
b0b8a724-7c65-4f07-8047-2a38e8100ad5,b0b8a724-7c65-4f07-8047-2a38e8100ad5,24UCCDSEP2,OBJECT ORIENTED ANALYSIS AND DESIGN AND UML LAB,fb1096c4-93d8-43bc-a89f-6863afc65d52,create
b0b8a724-7c65-4f07-8047-2a38e8100ad5,b0b8a724-7c65-4f07-8047-2a38e8100ad5,24UCCDSEP3,R LANGUAGE,bf20b0d7-42ed-4b61-ac84-4cd317660a51,create
b0b8a724-7c65-4f07-8047-2a38e8100ad5,b0b8a724-7c65-4f07-8047-2a38e8100ad5,24UCCDSEP4,PRACTICAL TALLY,f6230252-ba00-4b56-94d2-a1ea1eb13afd,create
b0b8a724-7c65-4f07-8047-2a38e8100ad5,b0b8a724-7c65-4f07-8047-2a38e8100ad5,24UCCDSEP5,ARTIFICIAL INTELLIGENCE AND EXPERT SYSTEMS,21914ff3-bfdc-4c32-8907-4d887fd3f630,create
b0b8a724-7c65-4f07-8047-2a38e8100ad5,b0b8a724-7c65-4f07-8047-2a38e8100ad5,24UCCNM1,NME-I-BUSINESS ORGANIZATION,9c6d228e-0208-4b2a-9ede-f5b85f43ce72,create
b0b8a724-7c65-4f07-8047-2a38e8100ad5,b0b8a724-7c65-4f07-8047-2a38e8100ad5,24UCCNM2,NME-II-ADVERTISING ,46baad7a-7aad-43af-9ea1-fe61d22f0172,create
b0b8a724-7c65-4f07-8047-2a38e8100ad5,b0b8a724-7c65-4f07-8047-2a38e8100ad5,24UCCPCE01,PROFESSIONAL COMPETENCY ENHANCEMENT - GENERAL AWARENESS FOR COMPETITIVE EXAMINATION,ea124a8b-f3ef-4d9b-ba6f-3f98bd113975,create
b0b8a724-7c65-4f07-8047-2a38e8100ad5,b0b8a724-7c65-4f07-8047-2a38e8100ad5,24UCCS01,SEC-I-ELEMENTS OF INDUSTRY 4.O,74983239-7595-4236-9d96-d2a1bfe3572b,create
b0b8a724-7c65-4f07-8047-2a38e8100ad5,b0b8a724-7c65-4f07-8047-2a38e8100ad5,24UCCS02,SEC-II-INDUSTRIAL LAW,fce201a2-b1d7-4fa2-a24e-04af2e7f2b3f,create
b0b8a724-7c65-4f07-8047-2a38e8100ad5,b0b8a724-7c65-4f07-8047-2a38e8100ad5,24UCCS03,SEC-III-PERSONAL SELLING,7575e27f-a67a-4475-897f-ccba670bd941,create
b0b8a724-7c65-4f07-8047-2a38e8100ad5,b0b8a724-7c65-4f07-8047-2a38e8100ad5,24UCCS04,SEC-IV-CAPITAL MARKETS,02099659-c458-48d6-a676-a9f9e7c612b1,create
b0b8a724-7c65-4f07-8047-2a38e8100ad5,b0b8a724-7c65-4f07-8047-2a38e8100ad5,24UCCS05,SEC-V-SERVICE MARKETING,068da94a-07ad-47f7-92b4-b141c19f9226,create
b0b8a724-7c65-4f07-8047-2a38e8100ad5,b0b8a724-7c65-4f07-8047-2a38e8100ad5,24UCCSP01,SEC-VI-COMMERCE PRACTICAL,4b97e2ef-8ab6-4a6a-96a3-8908cd000a77,create
b0b8a724-7c65-4f07-8047-2a38e8100ad5,b0b8a724-7c65-4f07-8047-2a38e8100ad5,24UCHC01,CORE-I-GENERAL CHEMISTRY-I,09784cfb-fa84-48ea-bb50-49e408682cc0,create
b0b8a724-7c65-4f07-8047-2a38e8100ad5,b0b8a724-7c65-4f07-8047-2a38e8100ad5,24UCHC010,PHYSICAL CHEMISTRY - II,be1376e5-308e-45f6-be81-4ebded3a5f9c,create
b0b8a724-7c65-4f07-8047-2a38e8100ad5,b0b8a724-7c65-4f07-8047-2a38e8100ad5,24UCHC02,CORE-II-GENERAL CHEMISTRY-II,f0e52eba-d595-4efb-ab3a-bdcd6ae707d1,create
b0b8a724-7c65-4f07-8047-2a38e8100ad5,b0b8a724-7c65-4f07-8047-2a38e8100ad5,24UCHC03,CORE-III-GENERAL CHEMISTRY-III,71eb299b-9f4e-42c6-ab09-568e61129143,create
b0b8a724-7c65-4f07-8047-2a38e8100ad5,b0b8a724-7c65-4f07-8047-2a38e8100ad5,24UCHC04,CORE-IV GENERAL CHEMISTRY-IV ,ff566a8a-d734-439e-b76c-595d42f84f3e,create
b0b8a724-7c65-4f07-8047-2a38e8100ad5,b0b8a724-7c65-4f07-8047-2a38e8100ad5,24UCHC05,ORGANIC CHEMISTRY-I,c42058d6-7d59-47a4-ae44-04acde1c9c76,create
b0b8a724-7c65-4f07-8047-2a38e8100ad5,b0b8a724-7c65-4f07-8047-2a38e8100ad5,24UCHC06,INORGANIC CHEMISTRY-I,809d923a-cc02-4e0e-975f-ee358f47df00,create
b0b8a724-7c65-4f07-8047-2a38e8100ad5,b0b8a724-7c65-4f07-8047-2a38e8100ad5,24UCHC07,CORE - 7 PHYSICAL CHEMISTRY - I,ee1dabee-8131-4416-ae21-3b453437ad38,create
b0b8a724-7c65-4f07-8047-2a38e8100ad5,b0b8a724-7c65-4f07-8047-2a38e8100ad5,24UCHC08,ORGANIC CHEMISTRY-II,90f301d5-4f3c-4fe9-8342-e183b30c3938,create
b0b8a724-7c65-4f07-8047-2a38e8100ad5,b0b8a724-7c65-4f07-8047-2a38e8100ad5,24UCHC09,INORGANIC CHEMISTRY-II,de5d6426-c0d5-45fb-80d1-86e524f08cf7,create
b0b8a724-7c65-4f07-8047-2a38e8100ad5,b0b8a724-7c65-4f07-8047-2a38e8100ad5,24UCHCP01,CORE PRACTICAL-I-QUALITATIVE INORGANIC ESTIMATIONS AND (TITRIMETRY) INORGANIC PREPARATION,24eb1340-b3ca-43d0-9219-70491458c194,create
b0b8a724-7c65-4f07-8047-2a38e8100ad5,b0b8a724-7c65-4f07-8047-2a38e8100ad5,24UCHCP02,CORE PRACTICAL-II-QUALITATIVE ORGANIC ANALYSIS AND PREPARATION OF ORGANIC COMPOUNDS,4df2f2c9-9176-4e17-bdbc-204e48f28909,create
b0b8a724-7c65-4f07-8047-2a38e8100ad5,b0b8a724-7c65-4f07-8047-2a38e8100ad5,24UCHCP03,CORE PRACTICAL-III-QUALITATIVE INORGANIC ANALYSIS,15c3c5b4-7032-4bf6-a519-b20d4254019b,create
b0b8a724-7c65-4f07-8047-2a38e8100ad5,b0b8a724-7c65-4f07-8047-2a38e8100ad5,24UCHCP04,CORE PRACTICAL-IV-PHYSICAL CHEMISTRY PRACTICAL-I,5f89a606-118f-492c-a1e5-85ece45dc4cc,create
b0b8a724-7c65-4f07-8047-2a38e8100ad5,b0b8a724-7c65-4f07-8047-2a38e8100ad5,24UCHCP05,PHYSICAL CHEMISTRY PRACTICAL – II,be088c0b-9f61-48df-afee-0a3fcdde2b91,create
b0b8a724-7c65-4f07-8047-2a38e8100ad5,b0b8a724-7c65-4f07-8047-2a38e8100ad5,24UCHCP06,GRAVIMETRIC ESTIMATION PRACTICAL,51a64d69-0728-468d-bb35-7219167a4d1d,create
b0b8a724-7c65-4f07-8047-2a38e8100ad5,b0b8a724-7c65-4f07-8047-2a38e8100ad5,24UCHE03,BIOCHEMISTRY,7f487216-3b42-434a-88f8-078d3a054408,create
b0b8a724-7c65-4f07-8047-2a38e8100ad5,b0b8a724-7c65-4f07-8047-2a38e8100ad5,24UCHE04,INDUSTRIAL CHEMISTRY,73530e55-e86d-4d13-b7a0-88637e860493,create
b0b8a724-7c65-4f07-8047-2a38e8100ad5,b0b8a724-7c65-4f07-8047-2a38e8100ad5,24UCHE05,FUNDAMENTALS OF SPECTROSCOPY,d4edfc20-1a68-423b-9f07-f7fcea70b5a7,create
b0b8a724-7c65-4f07-8047-2a38e8100ad5,b0b8a724-7c65-4f07-8047-2a38e8100ad5,24UCHE06,POLYMER SCIENCE,a0ba6109-a78e-4ea0-af63-387156dde812,create
b0b8a724-7c65-4f07-8047-2a38e8100ad5,b0b8a724-7c65-4f07-8047-2a38e8100ad5,24UCHGE1,CHEMISTRY FOR PHYSICAL SCIENCES - I,1cea1a6d-68a6-49c1-94a1-3b78801a1b21,create
b0b8a724-7c65-4f07-8047-2a38e8100ad5,b0b8a724-7c65-4f07-8047-2a38e8100ad5,24UCHGE2,GENERIC ELECTIVE CHEMISTRY FOR PHYSICAL SCIENCES-II,4f2ff243-fa77-4c15-9e03-5b67d0519b38,create
b0b8a724-7c65-4f07-8047-2a38e8100ad5,b0b8a724-7c65-4f07-8047-2a38e8100ad5,24UCHGE3,GENERIC ELECTIVE-III-CHEMISTRY FOR BIOLOGICAL SCIENCES-I,8b2cc301-c3ee-4622-aee9-3f23cf0fb5db,create
b0b8a724-7c65-4f07-8047-2a38e8100ad5,b0b8a724-7c65-4f07-8047-2a38e8100ad5,24UCHGE4,CHEMISTRY FOR BIOLOGICAL SCIENCES-II,38dd5311-3ef3-46bb-9ea2-d69aeeb17bdd,create
b0b8a724-7c65-4f07-8047-2a38e8100ad5,b0b8a724-7c65-4f07-8047-2a38e8100ad5,24UCHGEP01,GENERIC ELECTIVE PRACTICAL-I-CHEMISTRY PRACTICAL  FOR PHYSICAL AND BIOLOGICAL SCIENCES-I,328c5724-f4e9-422b-8182-5cd344c9578a,create
b0b8a724-7c65-4f07-8047-2a38e8100ad5,b0b8a724-7c65-4f07-8047-2a38e8100ad5,24UCHGEP02,GENERIC ELECTIVE PRACTICAL-II- CHEMISTRY PRACTICAL  FOR PHYSICAL AND BIOLOGICAL SCIENCES-II,556e7402-5ece-48ad-8c33-8f49bc1ceef8,create
b0b8a724-7c65-4f07-8047-2a38e8100ad5,b0b8a724-7c65-4f07-8047-2a38e8100ad5,24UCHNM1,NME-I-FOOD CHEMISTRY,e3d956bd-8094-42e5-a68e-dd550cb28e95,create
b0b8a724-7c65-4f07-8047-2a38e8100ad5,b0b8a724-7c65-4f07-8047-2a38e8100ad5,24UCHNM2,NME-II-DAIRY CHEMISTRY,fc1032e3-629d-4bb1-8154-cf19f638ea23,create
b0b8a724-7c65-4f07-8047-2a38e8100ad5,b0b8a724-7c65-4f07-8047-2a38e8100ad5,24UCHS01,SEC-I-FOUNDATION COURSE IN CHEMISTRY,c9583457-7032-4842-b91e-25ab4da74587,create
b0b8a724-7c65-4f07-8047-2a38e8100ad5,b0b8a724-7c65-4f07-8047-2a38e8100ad5,24UCHS02,SEC-II-COSMETICS AND PERSONAL CARE PRODUCTS,6c928d6b-801d-49bb-8abc-64ca60dac06a,create
b0b8a724-7c65-4f07-8047-2a38e8100ad5,b0b8a724-7c65-4f07-8047-2a38e8100ad5,24UCHS03,SEC-III-ENTREPRENEURIAL SKILLS IN CHEMISTRY,54ff40af-20b0-48d2-9214-f46a48c8f5cf,create
b0b8a724-7c65-4f07-8047-2a38e8100ad5,b0b8a724-7c65-4f07-8047-2a38e8100ad5,24UCHS04,SEC-IV-AGRICULTURAL CHEMISTRY,4d4eea3b-7357-4b1e-b0b0-22610c8c48c4,create
b0b8a724-7c65-4f07-8047-2a38e8100ad5,b0b8a724-7c65-4f07-8047-2a38e8100ad5,24UCHS05,SEC-V-INSTRUMENTAL METHODS OF CHEMICAL ANALYSIS,55bd7c0d-36a4-4caf-b178-6b72d4a1d041,create
b0b8a724-7c65-4f07-8047-2a38e8100ad5,b0b8a724-7c65-4f07-8047-2a38e8100ad5,24UCHS06,SEC-VI-WATER POLLUTION AND MANAGEMENT ,600cb3b2-f4ed-4261-95f6-216b000fe32f,create
b0b8a724-7c65-4f07-8047-2a38e8100ad5,b0b8a724-7c65-4f07-8047-2a38e8100ad5,24UCMC01,CORE-I-FINANCIAL ACCOUNTING-I,3acfa438-19db-449c-a9ae-5f3a9f751e7e,create
b0b8a724-7c65-4f07-8047-2a38e8100ad5,b0b8a724-7c65-4f07-8047-2a38e8100ad5,24UCMC02,CORE-II: PRINCIPLES OF MANAGEMENT ,d63c49a2-a776-425c-bdb6-4dd7f5f06de5,create
b0b8a724-7c65-4f07-8047-2a38e8100ad5,b0b8a724-7c65-4f07-8047-2a38e8100ad5,24UCMC03,CORE- III-FINANCIAL ACCOUNTING II,49f264ef-2f6f-4eb9-bd62-a7e4edaa9bad,create
b0b8a724-7c65-4f07-8047-2a38e8100ad5,b0b8a724-7c65-4f07-8047-2a38e8100ad5,24UCMC04,CORE-IV-BUSINESS LAW,3a5e47f7-bda0-4dd0-8a81-5c5bb6f81da4,create
b0b8a724-7c65-4f07-8047-2a38e8100ad5,b0b8a724-7c65-4f07-8047-2a38e8100ad5,24UCMC05,CORE-V-CORPORATE ACCOUNTING I,27215a3f-d3ec-4d3a-ba61-51bfc562a1d3,create
b0b8a724-7c65-4f07-8047-2a38e8100ad5,b0b8a724-7c65-4f07-8047-2a38e8100ad5,24UCMC06,CORE-VI-COMPANY LAW,af956e58-e250-4c1f-8a3d-680d4f762160,create
b0b8a724-7c65-4f07-8047-2a38e8100ad5,b0b8a724-7c65-4f07-8047-2a38e8100ad5,24UCMC07,CORE-VII-CORPORATE ACCOUNTING II,8e2a7e6d-42d2-43ae-9c42-a2dfdc91b192,create
b0b8a724-7c65-4f07-8047-2a38e8100ad5,b0b8a724-7c65-4f07-8047-2a38e8100ad5,24UCMC08,CORE-VIII-PRINCIPLES OF MARKETING,8567c4c2-9296-4e7c-b41a-33cb16f14b99,create
b0b8a724-7c65-4f07-8047-2a38e8100ad5,b0b8a724-7c65-4f07-8047-2a38e8100ad5,24UCMC09,COST ACCOUNTING I,c14ced4f-bb52-4a1c-bb02-a4b57fbd6173,create
b0b8a724-7c65-4f07-8047-2a38e8100ad5,b0b8a724-7c65-4f07-8047-2a38e8100ad5,24UCMC10,BANKING LAW AND PRACTICE,a90ba0a5-07d0-4857-9b28-1965c6cb7301,create
b0b8a724-7c65-4f07-8047-2a38e8100ad5,b0b8a724-7c65-4f07-8047-2a38e8100ad5,24UCMC11,INCOME TAX LAW AND PRACTICE I,00e32d08-6f46-47a2-b7b8-afee2d14d8b6,create
b0b8a724-7c65-4f07-8047-2a38e8100ad5,b0b8a724-7c65-4f07-8047-2a38e8100ad5,24UCMC13,COST ACCOUNTING II,59afbaca-536e-438c-9f70-86064233629e,create
b0b8a724-7c65-4f07-8047-2a38e8100ad5,b0b8a724-7c65-4f07-8047-2a38e8100ad5,24UCMC14,MANAGEMENT ACCOUNTING,b9e9b524-c1fd-44e1-8dfa-63d45221716d,create
b0b8a724-7c65-4f07-8047-2a38e8100ad5,b0b8a724-7c65-4f07-8047-2a38e8100ad5,24UCMC15,INCOME TAX LAW AND PRACTICE II,a1d9809a-4473-4be9-be76-6fe7bae60f70,create
b0b8a724-7c65-4f07-8047-2a38e8100ad5,b0b8a724-7c65-4f07-8047-2a38e8100ad5,24UCMCPR1,PROJECT VIVA VOCE,ea4f045b-7526-4bef-b738-ffb7ae543f1e,create
b0b8a724-7c65-4f07-8047-2a38e8100ad5,b0b8a724-7c65-4f07-8047-2a38e8100ad5,24UCMDE1,DISCIPLINE SPECIFIC ELECTIVE-I-BUSINESS COMMUNICATION,fc4978be-1569-41cb-ac76-6b498f79c5bb,create
b0b8a724-7c65-4f07-8047-2a38e8100ad5,b0b8a724-7c65-4f07-8047-2a38e8100ad5,24UCMDE10,HUMAN RESOURCE MANAGEMENT,4497ffb6-c27d-44d2-92e2-94de563dc5e0,create
b0b8a724-7c65-4f07-8047-2a38e8100ad5,b0b8a724-7c65-4f07-8047-2a38e8100ad5,24UCMDE12,ENTREPRENEURIAL DEVELOPMENT,979cceb5-8e85-4d44-a232-ad7c42c49478,create
b0b8a724-7c65-4f07-8047-2a38e8100ad5,b0b8a724-7c65-4f07-8047-2a38e8100ad5,24UCMDE13,LOGISTICS AND SUPPLY CHAIN MANAGEMENT,1e14e2b4-2322-4be2-9b3c-cde77d61d3b2,create
b0b8a724-7c65-4f07-8047-2a38e8100ad5,b0b8a724-7c65-4f07-8047-2a38e8100ad5,24UCMDE2,DISCIPLINE SPECIFIC ELECTIVE-II-BUSINESS ENVIRONMENT,8c94378a-ebec-4d25-8bfc-2907c76b5326,create
b0b8a724-7c65-4f07-8047-2a38e8100ad5,b0b8a724-7c65-4f07-8047-2a38e8100ad5,24UCMDE3,DISCIPLINE SPECIFIC ELECTIVE-II-INSURANCE AND RISK MANAGEMENT,1cbfc809-e34a-4263-b6d1-1d4a0f5fac6f,create
b0b8a724-7c65-4f07-8047-2a38e8100ad5,b0b8a724-7c65-4f07-8047-2a38e8100ad5,24UCMDE4,DISCIPLINE SPECIFIC ELECTIVE-BUSINESS LEGISLATION,1162e4e3-2b93-499c-9aed-4af7d6b0c79f,create
b0b8a724-7c65-4f07-8047-2a38e8100ad5,b0b8a724-7c65-4f07-8047-2a38e8100ad5,24UCMDE5,DISCIPLINE SPECIFIC ELECTIVE-E-COMMERCE,a27107d0-7741-4440-bb95-c3b9e259d483,create
b0b8a724-7c65-4f07-8047-2a38e8100ad5,b0b8a724-7c65-4f07-8047-2a38e8100ad5,24UCMDE6,DISCIPLINE SPECIFIC ELECTIVE-FINANCIAL SERVICES,9b7acea0-701e-4bb0-ae62-4c9f2a26558f,create
b0b8a724-7c65-4f07-8047-2a38e8100ad5,b0b8a724-7c65-4f07-8047-2a38e8100ad5,24UCMDE7,DISCIPLINE SPECIFIC ELECTIVE-CONSUMERISM & CONSUMER PROTECTION,6d5b3cc4-9c5d-4a38-a30b-a21181a5655c,create
b0b8a724-7c65-4f07-8047-2a38e8100ad5,b0b8a724-7c65-4f07-8047-2a38e8100ad5,24UCMDE9,INDIRECT TAXATION,54edfc38-6c0e-43e3-9aa8-2916f042dd24,create
b0b8a724-7c65-4f07-8047-2a38e8100ad5,b0b8a724-7c65-4f07-8047-2a38e8100ad5,24UCMNM1,NME-I-BUSINESS ORGANISATION ,1cd58a81-54d7-409d-9cdc-0a9f41c3a325,create
b0b8a724-7c65-4f07-8047-2a38e8100ad5,b0b8a724-7c65-4f07-8047-2a38e8100ad5,24UCMNM2,NME-II-ADVERTISING,38dcd2e7-2dd7-4179-b369-ec000aff0035,create
b0b8a724-7c65-4f07-8047-2a38e8100ad5,b0b8a724-7c65-4f07-8047-2a38e8100ad5,24UCMPC1,GENERAL AWARENESS FOR COMPETITITVE EXMAINATION,8894683a-6099-4855-8058-51035e4d8d8f,create
b0b8a724-7c65-4f07-8047-2a38e8100ad5,b0b8a724-7c65-4f07-8047-2a38e8100ad5,24UCMS01,SEC-I-ELEMENTS OF INDUSTRY 4.0,f7a1ab52-f314-4271-baa1-f80117b6aa45,create
b0b8a724-7c65-4f07-8047-2a38e8100ad5,b0b8a724-7c65-4f07-8047-2a38e8100ad5,24UCMS02,SEC-II-INDUSTRIAL LAW,991d1e97-72ab-4fe2-8b49-6264f3136e05,create
b0b8a724-7c65-4f07-8047-2a38e8100ad5,b0b8a724-7c65-4f07-8047-2a38e8100ad5,24UCMS04,SEC-IV-CAPTITAL MARKETS,a2a1c5b8-c0bf-404e-a993-7ab717aa2e72,create
b0b8a724-7c65-4f07-8047-2a38e8100ad5,b0b8a724-7c65-4f07-8047-2a38e8100ad5,24UCMS05,SEC-V-PROJECT METHODOLOGY,d26301c5-3664-4612-bacc-76b7b7c228eb,create
b0b8a724-7c65-4f07-8047-2a38e8100ad5,b0b8a724-7c65-4f07-8047-2a38e8100ad5,24UCMSP01,SEC-III-TALLY PRACTICAL,3a4dec61-aeff-4817-a480-864fcde8467a,create
b0b8a724-7c65-4f07-8047-2a38e8100ad5,b0b8a724-7c65-4f07-8047-2a38e8100ad5,24UCMSP02,SEC-VI-COMMERCE PRACTICAL,83e8315f-740a-452b-9a47-c012f3a5ade6,create
b0b8a724-7c65-4f07-8047-2a38e8100ad5,b0b8a724-7c65-4f07-8047-2a38e8100ad5,24UCSC01,CORE-I-PYTHON PROGRAMMING,228c7058-a157-47f3-a185-9d9985a34c41,create
b0b8a724-7c65-4f07-8047-2a38e8100ad5,b0b8a724-7c65-4f07-8047-2a38e8100ad5,24UCSC02,CORE-II-DATA STRUCTURE AND ALGORITHMS,b29ebb76-535a-444d-9ea9-f91b0afe8a19,create
b0b8a724-7c65-4f07-8047-2a38e8100ad5,b0b8a724-7c65-4f07-8047-2a38e8100ad5,24UCSC03,CORE-III-MICROPROCESSOR AND MICROCONTROLLER,380b64c3-f818-4b6d-bb3f-ee4d61ffc623,create
b0b8a724-7c65-4f07-8047-2a38e8100ad5,b0b8a724-7c65-4f07-8047-2a38e8100ad5,24UCSC04,CORE-IV-JAVA PROGRAMMING,37bbc9d0-8c0a-48a1-b452-2daf1d323829,create
b0b8a724-7c65-4f07-8047-2a38e8100ad5,b0b8a724-7c65-4f07-8047-2a38e8100ad5,24UCSC05,SOFTWARE  ENGINEERING,6160d39e-0039-4783-8669-63740ccb96ca,create
b0b8a724-7c65-4f07-8047-2a38e8100ad5,b0b8a724-7c65-4f07-8047-2a38e8100ad5,24UCSC06,DATABASE MANAGEMENT SYSTEM,f5aca724-a8b6-4414-8b87-812a27c94ea7,create
b0b8a724-7c65-4f07-8047-2a38e8100ad5,b0b8a724-7c65-4f07-8047-2a38e8100ad5,24UCSC07,COMPUTER NETWORKS,f19154fb-fc3b-4af7-8dd6-461b9c3e55f7,create
b0b8a724-7c65-4f07-8047-2a38e8100ad5,b0b8a724-7c65-4f07-8047-2a38e8100ad5,24UCSC08,.NET PROGRAMMING,435d1b10-9f5c-42df-914e-2ec9fc90d56d,create
b0b8a724-7c65-4f07-8047-2a38e8100ad5,b0b8a724-7c65-4f07-8047-2a38e8100ad5,24UCSCP01,CORE PRACTICAL-I-PYTHON PROGRAMMING LAB,ba99dc3e-0741-4ca4-aff0-f0ab586fc427,create
b0b8a724-7c65-4f07-8047-2a38e8100ad5,b0b8a724-7c65-4f07-8047-2a38e8100ad5,24UCSCP02,CORE PRACTICAL-II-DATA STRUCTURE AND ALGORITHMS LAB,6168c849-66ea-46d1-919f-56bbb5eb8272,create
b0b8a724-7c65-4f07-8047-2a38e8100ad5,b0b8a724-7c65-4f07-8047-2a38e8100ad5,24UCSCP03,CORE PRACTICAL-III-MICROPROCESSOR AND MICROCONTROLLER LAB,bc4ffd37-04eb-47a6-9880-d08c7d3642d0,create
b0b8a724-7c65-4f07-8047-2a38e8100ad5,b0b8a724-7c65-4f07-8047-2a38e8100ad5,24UCSCP04,CORE PRACTICAL-IV-JAVA PROGRAMMING LAB,64a06cc0-a812-47fb-9920-8f519c0f45a9,create
b0b8a724-7c65-4f07-8047-2a38e8100ad5,b0b8a724-7c65-4f07-8047-2a38e8100ad5,24UCSCP05,DATABASE MANAGEMENT SYSTEM LAB,612291b5-da6a-4c17-9965-c4c290556173,create
b0b8a724-7c65-4f07-8047-2a38e8100ad5,b0b8a724-7c65-4f07-8047-2a38e8100ad5,24UCSCP06,.NET PROGRAMMING LAB,0193ff8f-7f7c-4bcd-a4c6-14dadd7bc5bc,create
b0b8a724-7c65-4f07-8047-2a38e8100ad5,b0b8a724-7c65-4f07-8047-2a38e8100ad5,24UCSCPR01,PROJECT WITH VIVA- VOCE,4f2465d3-5ae7-49e7-bf50-6acebdc74bef,create
b0b8a724-7c65-4f07-8047-2a38e8100ad5,b0b8a724-7c65-4f07-8047-2a38e8100ad5,24UCSCPR1,PROJECT WITH VIVA- VOCE,c3cf009a-8dfa-4179-8f3e-5ba308729ac5,create
b0b8a724-7c65-4f07-8047-2a38e8100ad5,b0b8a724-7c65-4f07-8047-2a38e8100ad5,24UCSDSE01,AGILE PROJECT MANAGEMENT,89bfac8b-6937-449a-80e2-b75bb2dce84b,create
b0b8a724-7c65-4f07-8047-2a38e8100ad5,b0b8a724-7c65-4f07-8047-2a38e8100ad5,24UCSDSE02,ANALYTICS FOR SERVICE INDUSTRY,39447c96-05f6-43d1-859f-b477ac085f81,create
b0b8a724-7c65-4f07-8047-2a38e8100ad5,b0b8a724-7c65-4f07-8047-2a38e8100ad5,24UCSDSE03,ARTIFICIAL INTELLIGENCE,3ca031ce-ddb2-4f15-a169-43aea4588571,create
b0b8a724-7c65-4f07-8047-2a38e8100ad5,b0b8a724-7c65-4f07-8047-2a38e8100ad5,24UCSDSE04,ARTIFICIAL NEURAL NETWORK,afaf531b-ccf8-4a74-ab32-c5b0fa751e22,create
b0b8a724-7c65-4f07-8047-2a38e8100ad5,b0b8a724-7c65-4f07-8047-2a38e8100ad5,24UCSDSE05,IMAGE PROCESSINGE,8aba2385-a55c-41de-a82d-72bda43e55dd,create
b0b8a724-7c65-4f07-8047-2a38e8100ad5,b0b8a724-7c65-4f07-8047-2a38e8100ad5,24UCSDSE06,BIG DATA ANALYTICS,564a6e67-e18b-42fe-9fc6-877f0a022f36,create
b0b8a724-7c65-4f07-8047-2a38e8100ad5,b0b8a724-7c65-4f07-8047-2a38e8100ad5,24UCSDSE07,ROBOTICS AND ITS APPLICATIONS,01f40bc8-81e8-4b56-b80f-e7048e87da20,create
b0b8a724-7c65-4f07-8047-2a38e8100ad5,b0b8a724-7c65-4f07-8047-2a38e8100ad5,24UCSDSE08,COMPUTATIONAL INTELLIGENCE,84c74361-2efa-4e3b-a497-ce5aa777225c,create
b0b8a724-7c65-4f07-8047-2a38e8100ad5,b0b8a724-7c65-4f07-8047-2a38e8100ad5,24UCSDSE09,CRYPTOGRAPHY,6e7d5fbc-b3e1-4672-bc70-db43c90e1149,create
b0b8a724-7c65-4f07-8047-2a38e8100ad5,b0b8a724-7c65-4f07-8047-2a38e8100ad5,24UCSDSE10,SOFTWARE PROJECT MANAGEMENT,a864c3ca-6016-43d9-af99-331dc35c402b,create
b0b8a724-7c65-4f07-8047-2a38e8100ad5,b0b8a724-7c65-4f07-8047-2a38e8100ad5,24UCSDSE11,FUZZY LOGIC,a37cdbc2-2522-4a96-8919-1e4bc4c13ae4,create
b0b8a724-7c65-4f07-8047-2a38e8100ad5,b0b8a724-7c65-4f07-8047-2a38e8100ad5,24UCSDSE12,GRID COMPUTING,8034e03f-20e9-43e6-8e61-d43174ec49a7,create
b0b8a724-7c65-4f07-8047-2a38e8100ad5,b0b8a724-7c65-4f07-8047-2a38e8100ad5,24UCSDSE13,HUMAN COMPUTER INTERACTION,9b669c1a-f555-4590-b571-820dc56b992e,create
b0b8a724-7c65-4f07-8047-2a38e8100ad5,b0b8a724-7c65-4f07-8047-2a38e8100ad5,24UCSDSE14,INTRODUCTION TO DATA SCIENCE,75ed6b6e-1dfc-44ef-bbec-ae680aeeb799,create
b0b8a724-7c65-4f07-8047-2a38e8100ad5,b0b8a724-7c65-4f07-8047-2a38e8100ad5,24UCSDSE15,IOT AND ITS APPLICATIONS,ed1dfa74-5c0c-4582-a47d-06d901d8fcff,create
b0b8a724-7c65-4f07-8047-2a38e8100ad5,b0b8a724-7c65-4f07-8047-2a38e8100ad5,24UCSDSE16,NATURAL LANGUAGE PROCESSING,d1ce65d4-9f2b-4e4a-af91-a14d8f9f84b4,create
b0b8a724-7c65-4f07-8047-2a38e8100ad5,b0b8a724-7c65-4f07-8047-2a38e8100ad5,24UCSDSE17,CLOUD COMPUTING,f8a33926-6a39-4937-9214-3963bef3a8b5,create
b0b8a724-7c65-4f07-8047-2a38e8100ad5,b0b8a724-7c65-4f07-8047-2a38e8100ad5,24UCSDSE18,VIRTUAL REALITY AND MORE,aa5dd7ac-f932-4871-a48e-48b382efbadd,create
b0b8a724-7c65-4f07-8047-2a38e8100ad5,b0b8a724-7c65-4f07-8047-2a38e8100ad5,24UCSGE09,GENERIC ELECTIVE-IV-RELATIONAL DATABASE MANAGEMENT SYSTEM,96480cc2-68d0-4bba-b3fc-ce81ebf295ff,create
b0b8a724-7c65-4f07-8047-2a38e8100ad5,b0b8a724-7c65-4f07-8047-2a38e8100ad5,24UCSGE10,GENERIC ELECTIVE-IV-INTRODUCTION TO DATA SCIENCE,b6ce9683-8a55-47d6-8075-aa73c23bcde9,create
b0b8a724-7c65-4f07-8047-2a38e8100ad5,b0b8a724-7c65-4f07-8047-2a38e8100ad5,24UCSGEP03,GENERIC ELECTIVE-I-PROGRAMMING C AND LAB,70ddeeb6-f48b-4b19-bb04-5e8ba994f304,create
b0b8a724-7c65-4f07-8047-2a38e8100ad5,b0b8a724-7c65-4f07-8047-2a38e8100ad5,24UCSGEP04,GENERIC ELECTIVE-I-PYTHON PROGRAMMING AND LAB,f8be96c7-cecb-454d-b3ee-00ff7f3edc6e,create
b0b8a724-7c65-4f07-8047-2a38e8100ad5,b0b8a724-7c65-4f07-8047-2a38e8100ad5,24UCSGEP05,GENERIC ELECTIVE-II-OFFICE AUTOMATION LAB,a7e07166-f01c-4abe-94f5-11e40a921cb8,create
b0b8a724-7c65-4f07-8047-2a38e8100ad5,b0b8a724-7c65-4f07-8047-2a38e8100ad5,24UCSGEP06,GENERIC ELECTIVE-II-PROGRAMMING IN C++ AND LAB,c72e1b79-c9ff-4dd5-8f88-21051b986852,create
b0b8a724-7c65-4f07-8047-2a38e8100ad5,b0b8a724-7c65-4f07-8047-2a38e8100ad5,24UCSGEP07,GENERIC ELECTIVE-III-PROGRAMMING IN JAVA AND LAB,cc895645-16a5-49fb-be38-3a7e3dd540ee,create
b0b8a724-7c65-4f07-8047-2a38e8100ad5,b0b8a724-7c65-4f07-8047-2a38e8100ad5,24UCSGEP08,GENERIC ELECTIVE-III-WEB TECHNOLOGY(PHP) AND LAB ,8607279f-a0f7-4c00-99b8-c681159afc4a,create
b0b8a724-7c65-4f07-8047-2a38e8100ad5,b0b8a724-7c65-4f07-8047-2a38e8100ad5,24UCSIN01,SUMMER INTERNSHIP /INDUSTRIAL TRAINING,54506042-77ce-4c04-98f0-f18ab244b433,create
b0b8a724-7c65-4f07-8047-2a38e8100ad5,b0b8a724-7c65-4f07-8047-2a38e8100ad5,24UCSNM1,NME-I-FUNDAMENTALS OF INFORMATION TECHNOLOGY,ade756a3-7618-4a92-ae24-b2f6af7ab0eb,create
b0b8a724-7c65-4f07-8047-2a38e8100ad5,b0b8a724-7c65-4f07-8047-2a38e8100ad5,24UCSNM2,NME-II-ADVANCED EXCEL,c94368d3-ff97-473e-af6a-661e48703fb4,create
b0b8a724-7c65-4f07-8047-2a38e8100ad5,b0b8a724-7c65-4f07-8047-2a38e8100ad5,24UCSS01,SEC-I-PROBLEM SOLVING TECHNIQUES,ee09ee15-9489-4998-8d2e-dc3ef437dd91,create
b0b8a724-7c65-4f07-8047-2a38e8100ad5,b0b8a724-7c65-4f07-8047-2a38e8100ad5,24UCSS02,SEC-II-INTRODUCTION TO HTML,1074c04c-1de9-4530-9439-77eaef8579d0,create
b0b8a724-7c65-4f07-8047-2a38e8100ad5,b0b8a724-7c65-4f07-8047-2a38e8100ad5,24UCSS03,SEC-III-WEB DESIGNING,ded4c17f-8fee-45ec-ab84-5131e40500d5,create
b0b8a724-7c65-4f07-8047-2a38e8100ad5,b0b8a724-7c65-4f07-8047-2a38e8100ad5,24UCSS04,SEC-IV-ADVANCED EXCEL,ea7a1ed1-7991-4ec4-b7f2-79f8ed1d2b95,create
b0b8a724-7c65-4f07-8047-2a38e8100ad5,b0b8a724-7c65-4f07-8047-2a38e8100ad5,24UCSS05,SEC-V-PHP PROGRAMMING,c13553c8-5d9b-4768-adef-392d6ca519fa,create
b0b8a724-7c65-4f07-8047-2a38e8100ad5,b0b8a724-7c65-4f07-8047-2a38e8100ad5,24UCSS06,SEC-VI-MULTIMEDIA SYSTEMS,5dc8e0fd-59da-4ec7-be99-7466bf917996,create
b0b8a724-7c65-4f07-8047-2a38e8100ad5,b0b8a724-7c65-4f07-8047-2a38e8100ad5,24UCSS07,FUNDAMENTALS OF NFORAMATION TECHNOLOGY,64c5b058-0397-43ea-b905-e2e933c55d31,create
b0b8a724-7c65-4f07-8047-2a38e8100ad5,b0b8a724-7c65-4f07-8047-2a38e8100ad5,24UCSS08,SOFTWARE TESTING,d456a9d9-1f44-4b4b-ab44-4801e54b4e2c,create
b0b8a724-7c65-4f07-8047-2a38e8100ad5,b0b8a724-7c65-4f07-8047-2a38e8100ad5,24UCSS09,UNDERSTANDING INTERNET,02c5c134-1f9c-43be-a9a7-b485da8a8825,create
b0b8a724-7c65-4f07-8047-2a38e8100ad5,b0b8a724-7c65-4f07-8047-2a38e8100ad5,24UCSS10,OFFICE AUTOMATION,993c33a8-db8a-4de0-bb3c-05fb48e0139f,create
b0b8a724-7c65-4f07-8047-2a38e8100ad5,b0b8a724-7c65-4f07-8047-2a38e8100ad5,24UCSS11,QUANTITATIVE APTITUDE,6f33dc35-1690-4ea0-b2de-aa5ba5ca59d9,create
b0b8a724-7c65-4f07-8047-2a38e8100ad5,b0b8a724-7c65-4f07-8047-2a38e8100ad5,24UCSS12,BIOMETRICS,951069b7-68ca-4c12-bca5-665f081e0f71,create
b0b8a724-7c65-4f07-8047-2a38e8100ad5,b0b8a724-7c65-4f07-8047-2a38e8100ad5,24UCSS13,PATTERN RECOGNITION,ef719b20-84f4-4e06-9d93-1a6171a5747f,create
b0b8a724-7c65-4f07-8047-2a38e8100ad5,b0b8a724-7c65-4f07-8047-2a38e8100ad5,24UCSS14,ENTERPRISE RESOURCE PLANNING,212555e3-919f-4801-ae2a-a5181bfe6fb2,create
b0b8a724-7c65-4f07-8047-2a38e8100ad5,b0b8a724-7c65-4f07-8047-2a38e8100ad5,24UCSS15,SIMULATION AND MODELING,9575178b-a2f8-4f00-b9d7-b91f7cbb2a28,create
b0b8a724-7c65-4f07-8047-2a38e8100ad5,b0b8a724-7c65-4f07-8047-2a38e8100ad5,24UCSS16,ORGANIZATIONAL BEHAVIOR,7762889d-30e5-43ac-b2fd-49bf690bac78,create
b0b8a724-7c65-4f07-8047-2a38e8100ad5,b0b8a724-7c65-4f07-8047-2a38e8100ad5,24UCSS17,SOCIAL MEDIA & SECURITY,bb485733-1f77-4a2f-9fe6-3417ef29f45e,create
b0b8a724-7c65-4f07-8047-2a38e8100ad5,b0b8a724-7c65-4f07-8047-2a38e8100ad5,24UCSSE01,FUNDAMENTALS OF INFORMATION TECHNOLOGY,8ae5f7df-43ea-4698-b6f6-029cde354741,create
b0b8a724-7c65-4f07-8047-2a38e8100ad5,b0b8a724-7c65-4f07-8047-2a38e8100ad5,24UCSSE02,INTRODUCTION TO HTML,7d6c328e-b7e4-448b-8935-154cb6add672,create
b0b8a724-7c65-4f07-8047-2a38e8100ad5,b0b8a724-7c65-4f07-8047-2a38e8100ad5,24UCSSE07,FUNDAMENTALS OF INFORMATION TECHNOLOGY,1f078745-1558-4ce3-b933-5101e87a5700,create
b0b8a724-7c65-4f07-8047-2a38e8100ad5,b0b8a724-7c65-4f07-8047-2a38e8100ad5,24UCSSE08,SOFTWARE TESTING,95a146f4-db33-43d6-a480-1ad9a6f4e4ab,create
b0b8a724-7c65-4f07-8047-2a38e8100ad5,b0b8a724-7c65-4f07-8047-2a38e8100ad5,24UCSSE09,UNDERSTANDING INTERNET,5f2c2f45-f2d5-45f8-b3a9-dc0669aae6f5,create
b0b8a724-7c65-4f07-8047-2a38e8100ad5,b0b8a724-7c65-4f07-8047-2a38e8100ad5,24UCSSE10,OFFICE AUTOMATION,70a74ef7-e919-4276-ade8-46a89f595df3,create
b0b8a724-7c65-4f07-8047-2a38e8100ad5,b0b8a724-7c65-4f07-8047-2a38e8100ad5,24UCSSE11,QUANTITATIVE APTITUDE,0664aabb-7efb-4dac-92b3-ce2e31a36d44,create
b0b8a724-7c65-4f07-8047-2a38e8100ad5,b0b8a724-7c65-4f07-8047-2a38e8100ad5,24UCSSE12,BIOMETRICS,e90e6de1-a98a-4077-aa2a-2b3c77fbc1a5,create
b0b8a724-7c65-4f07-8047-2a38e8100ad5,b0b8a724-7c65-4f07-8047-2a38e8100ad5,24UCSSE13,PATTERN RECOGNITION,fb007aef-71db-4fb6-9cbe-18cd053eaf80,create
b0b8a724-7c65-4f07-8047-2a38e8100ad5,b0b8a724-7c65-4f07-8047-2a38e8100ad5,24UCSSE14,ENTERPRISE RESOURCE PLANNING,63419fb1-4ccd-48c6-b6f6-5551ba9744a0,create
b0b8a724-7c65-4f07-8047-2a38e8100ad5,b0b8a724-7c65-4f07-8047-2a38e8100ad5,24UCSSE15,SIMULATION AND MODELING,ce9f446c-1673-44e8-a8c6-28e6140e3bf3,create
b0b8a724-7c65-4f07-8047-2a38e8100ad5,b0b8a724-7c65-4f07-8047-2a38e8100ad5,24UCSSE16,CYBER FORENSICS,53abbf53-9d4e-4791-ae1b-402a0e5eba48,create
b0b8a724-7c65-4f07-8047-2a38e8100ad5,b0b8a724-7c65-4f07-8047-2a38e8100ad5,24UCSSE17,ORGANIZATION BEHAVIOR AND MORE,c40f4353-de73-4019-aba9-3c7c45ec0391,create
b0b8a724-7c65-4f07-8047-2a38e8100ad5,b0b8a724-7c65-4f07-8047-2a38e8100ad5,24UCSSE18,PROBLEM SOLVING TECHNIQUES,ef19eedc-4909-4e5f-bd16-3bf513331baf,create
b0b8a724-7c65-4f07-8047-2a38e8100ad5,b0b8a724-7c65-4f07-8047-2a38e8100ad5,24UCSSE19,OPEN SOURCE SOFTWARE TECHNOLOGIES,2de50f10-1fe2-4cdf-ab9c-f63dfc5c2905,create
b0b8a724-7c65-4f07-8047-2a38e8100ad5,b0b8a724-7c65-4f07-8047-2a38e8100ad5,24UCSSE20,ROBOTICS AND APPLICATIONS,b411fc9c-14e6-41cc-b930-48eea5f4ad48,create
b0b8a724-7c65-4f07-8047-2a38e8100ad5,b0b8a724-7c65-4f07-8047-2a38e8100ad5,24UCYC01,CORE-I-PROGRAMMING IN C,08333267-2170-43af-86bf-3c8e6c7d95ee,create
b0b8a724-7c65-4f07-8047-2a38e8100ad5,b0b8a724-7c65-4f07-8047-2a38e8100ad5,24UCYC02,CORE-II-DATA STRUCTURES AND ALGORITHMS,cdda5d5b-bd1a-4245-811f-a697594ac577,create
b0b8a724-7c65-4f07-8047-2a38e8100ad5,b0b8a724-7c65-4f07-8047-2a38e8100ad5,24UCYC03,CORE-III-OBJECT ORIENTED PROGRAMMING WITH JAVA,ce9ac3cc-8eb4-421f-b676-563ec15b26c3,create
b0b8a724-7c65-4f07-8047-2a38e8100ad5,b0b8a724-7c65-4f07-8047-2a38e8100ad5,24UCYC04,CORE-IV-TOOLS AND TECHNIQUES FOR CYBER SECURITY,a1533c31-8b45-47c6-95d8-1860ea75309e,create
b0b8a724-7c65-4f07-8047-2a38e8100ad5,b0b8a724-7c65-4f07-8047-2a38e8100ad5,24UCYC05,RELATIONAL DATABASE MANAGEMENT SYSTEM,c1375b35-541e-4983-9480-c0101d7fe3fb,create
b0b8a724-7c65-4f07-8047-2a38e8100ad5,b0b8a724-7c65-4f07-8047-2a38e8100ad5,24UCYC06,ESSENTIALS OF CYBER SECURITY,b907dfe7-9310-41ca-9e60-9c788a7ae6bb,create
b0b8a724-7c65-4f07-8047-2a38e8100ad5,b0b8a724-7c65-4f07-8047-2a38e8100ad5,24UCYC07,ETHICAL HACKING AND CYBER SECURITY,2f665038-b425-4925-91b6-cc13fddb3889,create
b0b8a724-7c65-4f07-8047-2a38e8100ad5,b0b8a724-7c65-4f07-8047-2a38e8100ad5,24UCYC08,NETWORK SECURITY,59a2ea57-387a-491b-9f18-80ef24fde574,create
b0b8a724-7c65-4f07-8047-2a38e8100ad5,b0b8a724-7c65-4f07-8047-2a38e8100ad5,24UCYCDSE01,E-COMMERCE&DIGITAL PAYMENT,ddcae95b-effc-4285-b2c3-176143a1793c,create
b0b8a724-7c65-4f07-8047-2a38e8100ad5,b0b8a724-7c65-4f07-8047-2a38e8100ad5,24UCYCDSE02,WEB TECHNOLOGY,92b95db3-e2a1-4d55-a84d-d70cbaecfb08,create
b0b8a724-7c65-4f07-8047-2a38e8100ad5,b0b8a724-7c65-4f07-8047-2a38e8100ad5,24UCYCDSE03,OPERATING SYSTEM,097d2435-501e-4eb1-a17c-e8219ee47788,create
b0b8a724-7c65-4f07-8047-2a38e8100ad5,b0b8a724-7c65-4f07-8047-2a38e8100ad5,24UCYCDSE04,DATA COMMUNICATION AND COMPUTER NETWORKS,34d73a6a-ee88-4a91-bf41-6e01b3ecfa8e,create
b0b8a724-7c65-4f07-8047-2a38e8100ad5,b0b8a724-7c65-4f07-8047-2a38e8100ad5,24UCYCDSE05,COMPUTING INTELLIGENCE,bf000632-ce1e-42d4-bfc8-6f9a3fa6d7e8,create
b0b8a724-7c65-4f07-8047-2a38e8100ad5,b0b8a724-7c65-4f07-8047-2a38e8100ad5,24UCYCDSE06,CRYPTOGRAPHY,3938c9be-06ea-4ea2-a445-fad89049f718,create
b0b8a724-7c65-4f07-8047-2a38e8100ad5,b0b8a724-7c65-4f07-8047-2a38e8100ad5,24UCYCDSE07,GRID COMPUTING,4a7edcca-6f71-40d0-9702-961c942a46f0,create
b0b8a724-7c65-4f07-8047-2a38e8100ad5,b0b8a724-7c65-4f07-8047-2a38e8100ad5,24UCYCDSE08,CYBER CRIME & LAW,c04e144f-e898-41d4-a1ad-cae964afed84,create
b0b8a724-7c65-4f07-8047-2a38e8100ad5,b0b8a724-7c65-4f07-8047-2a38e8100ad5,24UCYCDSE09,INFORMATION SECURITY,b0e341aa-0309-4e9c-b4bf-287bab2148c7,create
b0b8a724-7c65-4f07-8047-2a38e8100ad5,b0b8a724-7c65-4f07-8047-2a38e8100ad5,24UCYCDSE10,DIGITAL FORENSICS,a8a46e9d-4d0d-416e-835f-b3f3bc000c7a,create
b0b8a724-7c65-4f07-8047-2a38e8100ad5,b0b8a724-7c65-4f07-8047-2a38e8100ad5,24UCYCDSE11,WIRELESS NETWORKS,193dcbae-812d-4672-b8f0-1d5b4b3d86b7,create
b0b8a724-7c65-4f07-8047-2a38e8100ad5,b0b8a724-7c65-4f07-8047-2a38e8100ad5,24UCYCDSE12,MOBILE COMPUTING,9574f161-554b-45c6-8d7c-47726f1ebc1e,create
b0b8a724-7c65-4f07-8047-2a38e8100ad5,b0b8a724-7c65-4f07-8047-2a38e8100ad5,24UCYCP01,CORE PRACTICAL-I-PROGRAMMING IN C LAB,e268be01-bdb2-42ad-8a84-5057698ab1a4,create
b0b8a724-7c65-4f07-8047-2a38e8100ad5,b0b8a724-7c65-4f07-8047-2a38e8100ad5,24UCYCP02,CORE PRACTICAL-II-DATA STRUCTURES AND ALGORITHMS LAB,7510105d-57f5-4287-9bc0-51d044bcd7c2,create
b0b8a724-7c65-4f07-8047-2a38e8100ad5,b0b8a724-7c65-4f07-8047-2a38e8100ad5,24UCYCP03,CORE PRACTICAL-III-OBJECT ORIENTED PROGRAMMING WITH JAVA LAB,33342663-b04a-49a0-aa08-760a43e490ff,create
b0b8a724-7c65-4f07-8047-2a38e8100ad5,b0b8a724-7c65-4f07-8047-2a38e8100ad5,24UCYCP04,CORE PRACTICAL-IV-CYBER SECURITY LAB,a922cd7c-bcb6-4a6b-89c3-ed1d32ba1cac,create
b0b8a724-7c65-4f07-8047-2a38e8100ad5,b0b8a724-7c65-4f07-8047-2a38e8100ad5,24UCYCP05,RDBMS USING ORACLE LAB,9bf246f7-5cbb-49b0-970a-9268df3e2974,create
b0b8a724-7c65-4f07-8047-2a38e8100ad5,b0b8a724-7c65-4f07-8047-2a38e8100ad5,24UCYCP07,ETHICAL HACKING LAB,fbb8b96b-a83c-46df-84e8-7c04d16e52d7,create
b0b8a724-7c65-4f07-8047-2a38e8100ad5,b0b8a724-7c65-4f07-8047-2a38e8100ad5,24UCYCPR1,PROJECT WITH VIVA VOCE,be78315d-a67b-48ab-9537-35b5a2161c8a,create
b0b8a724-7c65-4f07-8047-2a38e8100ad5,b0b8a724-7c65-4f07-8047-2a38e8100ad5,24UECGE1,GENERIC ELECTIVE-I-INDIAN ECONOMIC DEVELOPMENT,54fcf9c2-1958-49e6-8a9f-dca70ff3f877,create
b0b8a724-7c65-4f07-8047-2a38e8100ad5,b0b8a724-7c65-4f07-8047-2a38e8100ad5,24UECGE2,GENERIC ELECTIVE-I-BUSINESS ECONOMICS,78243df0-c03f-40fc-95ec-dffa1b7853b8,create
b0b8a724-7c65-4f07-8047-2a38e8100ad5,b0b8a724-7c65-4f07-8047-2a38e8100ad5,24UECGE3,GENERIC ELECTIVE-I-MANAGERIAL ECONOMICS,19cf5dfb-9b0a-46b6-8fa8-3bf92d11d7ca,create
b0b8a724-7c65-4f07-8047-2a38e8100ad5,b0b8a724-7c65-4f07-8047-2a38e8100ad5,24UECGE4,GENERIC ELECTIVE-II-INTERNATIONAL TRADE,96c1a699-1b14-4594-9c1a-e6279a36c899,create
b0b8a724-7c65-4f07-8047-2a38e8100ad5,b0b8a724-7c65-4f07-8047-2a38e8100ad5,24UECGE5,GENERIC ELECTIVE-II-INTERNATIONAL BUSINESS,2fca4917-4de1-4123-b1a1-ca94acab8a34,create
b0b8a724-7c65-4f07-8047-2a38e8100ad5,b0b8a724-7c65-4f07-8047-2a38e8100ad5,24UECGE6,GENERIC ELECTIVE-III-INDIAN ECONOMY PROBLEMS AND POLICIES-I,e3e6d0b0-fb1f-4ee8-8fd2-cd98950b6d0d,create
b0b8a724-7c65-4f07-8047-2a38e8100ad5,b0b8a724-7c65-4f07-8047-2a38e8100ad5,24UECGE7,GENERIC ELECTIVE-IV-INDIAN ECONOMY PROBLEMS AND POLICIES-II,856c094f-df1f-49f5-b55f-2254c44af429,create
b0b8a724-7c65-4f07-8047-2a38e8100ad5,b0b8a724-7c65-4f07-8047-2a38e8100ad5,24UENC01,CORE-I-INTRODUCTION TO LITERATURE,a08ff18c-5e80-4263-baa7-56370ad39f5c,create
b0b8a724-7c65-4f07-8047-2a38e8100ad5,b0b8a724-7c65-4f07-8047-2a38e8100ad5,24UENC02,CORE-II-INDIAN WRITING IN ENGLISH,0c2a4a3d-1d46-459b-a565-9fe3ffe31d83,create
b0b8a724-7c65-4f07-8047-2a38e8100ad5,b0b8a724-7c65-4f07-8047-2a38e8100ad5,24UENC03,CORE-III-BRITISH LITERATURE-I,b67afc9d-0433-429b-8ba2-89da7b127cb9,create
b0b8a724-7c65-4f07-8047-2a38e8100ad5,b0b8a724-7c65-4f07-8047-2a38e8100ad5,24UENC04,CORE-IV-AMERICAN LITERATURE,a3ab56d8-ffaa-44ad-abe2-efdf73ee6f7b,create
b0b8a724-7c65-4f07-8047-2a38e8100ad5,b0b8a724-7c65-4f07-8047-2a38e8100ad5,24UENC05,CORE-V-BRITISH LITERATURE-II,3aa1461c-4560-4e41-9ad1-9c9cad30e7f5,create
b0b8a724-7c65-4f07-8047-2a38e8100ad5,b0b8a724-7c65-4f07-8047-2a38e8100ad5,24UENC06,CORE-VI-CHILDREN’S LITERATURE,7685839d-9d7a-40d1-8cf8-a81c24cd47b5,create
b0b8a724-7c65-4f07-8047-2a38e8100ad5,b0b8a724-7c65-4f07-8047-2a38e8100ad5,24UENC07,CORE-VII-WORLD LITERATURE IN TRANSLATION,df33107e-2388-4bdf-8020-70729f27d7e2,create
b0b8a724-7c65-4f07-8047-2a38e8100ad5,b0b8a724-7c65-4f07-8047-2a38e8100ad5,24UENC08,CORE-VIII-LANGUAGE AND LINGUISTICS,6657ff03-569f-4afb-b145-e9a83f55615f,create
b0b8a724-7c65-4f07-8047-2a38e8100ad5,b0b8a724-7c65-4f07-8047-2a38e8100ad5,24UENC09,WOMEN’S WRITING,4e4bcc36-bad0-415c-9371-74bbd22f2da6,create
b0b8a724-7c65-4f07-8047-2a38e8100ad5,b0b8a724-7c65-4f07-8047-2a38e8100ad5,24UENC10,INTRODUCTION TO FOLK  LITERATURE,c3b3c21e-102c-465f-bdbc-3725c2497a8e,create
b0b8a724-7c65-4f07-8047-2a38e8100ad5,b0b8a724-7c65-4f07-8047-2a38e8100ad5,24UENC11,INDIAN WRITING IN TRANSLATION,4b2211ad-39ba-42d0-be00-99a9634f44a4,create
b0b8a724-7c65-4f07-8047-2a38e8100ad5,b0b8a724-7c65-4f07-8047-2a38e8100ad5,24UENC12,MYTH AND LITERATURE,ae2a29f9-baad-4086-8e2d-a4ce7b38953b,create
b0b8a724-7c65-4f07-8047-2a38e8100ad5,b0b8a724-7c65-4f07-8047-2a38e8100ad5,24UENC13,LITERARY CRITICISM,b2b4fbe2-342f-4ba8-9325-ea5966aa2110,create
b0b8a724-7c65-4f07-8047-2a38e8100ad5,b0b8a724-7c65-4f07-8047-2a38e8100ad5,24UENC14,NEW LITERATURES IN  ENGLISH,8630785c-72a6-4718-8f1f-945330e01ecd,create
b0b8a724-7c65-4f07-8047-2a38e8100ad5,b0b8a724-7c65-4f07-8047-2a38e8100ad5,24UENC15,SHAKESPEARE,5f35acbd-5f0f-4bdb-99e5-5b9a43ecbb54,create
b0b8a724-7c65-4f07-8047-2a38e8100ad5,b0b8a724-7c65-4f07-8047-2a38e8100ad5,24UENCN01,SUMMER INTERNSHIP/ INDUSTRIAL TRAINING,0c0e3b07-604f-4363-ac1e-dabeadce806d,create
b0b8a724-7c65-4f07-8047-2a38e8100ad5,b0b8a724-7c65-4f07-8047-2a38e8100ad5,24UENDE1,DISCIPLINE SPECIFIC ELECTIVE-I-SOCIAL HISTORY OF ENGLAND-I,fe9c7038-dd26-48b1-b0cc-ffdb336dd1af,create
b0b8a724-7c65-4f07-8047-2a38e8100ad5,b0b8a724-7c65-4f07-8047-2a38e8100ad5,24UENDE2,DISCIPLINE SPECIFIC ELECTIVE-II-SOCIAL HISTORY OF ENGLAND-II,69d2a7ad-42d6-4ea4-8825-33d485453312,create
b0b8a724-7c65-4f07-8047-2a38e8100ad5,b0b8a724-7c65-4f07-8047-2a38e8100ad5,24UENDE3,DISCIPLINE SPECIFIC ELECTIVE-III-HISTORY OF ENGLISH LITERATURE-I,dc43a249-de42-4851-984e-c94ce858bd1b,create
b0b8a724-7c65-4f07-8047-2a38e8100ad5,b0b8a724-7c65-4f07-8047-2a38e8100ad5,24UENDE4,DSE-IV-HISTORY OF ENGLISH LITERATURE-II,38e6640e-8e71-4634-8b57-145faa744601,create
b0b8a724-7c65-4f07-8047-2a38e8100ad5,b0b8a724-7c65-4f07-8047-2a38e8100ad5,24UENDE5,ELECTIVE- LITERARY FORMS,6347aec5-c4a7-4a10-9b63-2193d04b0e04,create
b0b8a724-7c65-4f07-8047-2a38e8100ad5,b0b8a724-7c65-4f07-8047-2a38e8100ad5,24UENDE6,ELECTIVE- LITERATURE AND ENVIRONMENT,7c5043ff-d99c-4fbc-801e-69e96d8f0498,create
b0b8a724-7c65-4f07-8047-2a38e8100ad5,b0b8a724-7c65-4f07-8047-2a38e8100ad5,24UENDE7,ELECTIVE- ENGLISH LANGUAGE TEACHING,3795abb4-3d11-4c1e-9792-a664c0852ca8,create
b0b8a724-7c65-4f07-8047-2a38e8100ad5,b0b8a724-7c65-4f07-8047-2a38e8100ad5,24UENDE8,ELECTIVE- JOURNALISM  AND MASS COMMUNICATION,2520d5fd-eb38-4230-9a0a-99f47807ccff,create
b0b8a724-7c65-4f07-8047-2a38e8100ad5,b0b8a724-7c65-4f07-8047-2a38e8100ad5,24UENNM1,NME-I-ENGLISH AND COMMUNICATION,68e062e7-d7f0-4f49-bd5a-683d8534ea35,create
b0b8a724-7c65-4f07-8047-2a38e8100ad5,b0b8a724-7c65-4f07-8047-2a38e8100ad5,24UENNM2,NME-II-FILM STUDIES,558bb99c-4fc7-49e6-bf7f-987b4af538ef,create
b0b8a724-7c65-4f07-8047-2a38e8100ad5,b0b8a724-7c65-4f07-8047-2a38e8100ad5,24UENPC1,PROFESSIONAL COMPETENCY SKILL/ ENGLISH FOR COMPETITIVE EXAMINATIONS,c7a92fba-d318-4c1f-87d2-99ba721be018,create
b0b8a724-7c65-4f07-8047-2a38e8100ad5,b0b8a724-7c65-4f07-8047-2a38e8100ad5,24UENS01,SEC-I-BRIDGE COURSE-FUNCTIONAL ENGLISH,8bc35091-2038-4091-8be0-4a5f6263465b,create
b0b8a724-7c65-4f07-8047-2a38e8100ad5,b0b8a724-7c65-4f07-8047-2a38e8100ad5,24UENS02,SEC-II-DIGITAL LITERACY AND CONCEPTS,3d508299-8329-4ae6-a41b-3d9d1beb7a72,create
b0b8a724-7c65-4f07-8047-2a38e8100ad5,b0b8a724-7c65-4f07-8047-2a38e8100ad5,24UENS03,SEC-III-ENTREPRENEURIAL SKILLS,e01b2393-d66e-4427-8fc6-edde8fe4a6ab,create
b0b8a724-7c65-4f07-8047-2a38e8100ad5,b0b8a724-7c65-4f07-8047-2a38e8100ad5,24UENS04,SEC-IV-PERSONALITY DEVELOPMENT,eb6532e1-125d-4974-8b56-c1708bedfb81,create
b0b8a724-7c65-4f07-8047-2a38e8100ad5,b0b8a724-7c65-4f07-8047-2a38e8100ad5,24UENS05,SEC-V-INTERVIEW SKILLS,cbc427b9-9dec-4b2d-954d-e1f0de031ec5,create
b0b8a724-7c65-4f07-8047-2a38e8100ad5,b0b8a724-7c65-4f07-8047-2a38e8100ad5,24UENS06,SEC-VI-CREATIVE WRITING,bcd3e9d3-87f6-449d-aada-de8c914d9888,create
b0b8a724-7c65-4f07-8047-2a38e8100ad5,b0b8a724-7c65-4f07-8047-2a38e8100ad5,24UEVS01,ENVIRONMENTAL STUDIES,1b281ed3-970d-40ad-a858-c765b3ba8680,create
b0b8a724-7c65-4f07-8047-2a38e8100ad5,b0b8a724-7c65-4f07-8047-2a38e8100ad5,24UEVS01A,ENVIRONMENTAL STUDIES,7c8c9bad-22c0-4bad-aada-25af70dd26bf,create
b0b8a724-7c65-4f07-8047-2a38e8100ad5,b0b8a724-7c65-4f07-8047-2a38e8100ad5,24UEXA01,EXTENSION ACTIVITY,3f6cff62-761d-49e5-9c87-70b7d5f76ded,create
b0b8a724-7c65-4f07-8047-2a38e8100ad5,b0b8a724-7c65-4f07-8047-2a38e8100ad5,24UGEGE1,GENERIC ELECTIVE-I-GEOGRAPHY OF INDIA,86f4b593-ca00-4ed2-8c60-9b849cfed2a6,create
b0b8a724-7c65-4f07-8047-2a38e8100ad5,b0b8a724-7c65-4f07-8047-2a38e8100ad5,24UGEGE2,GENERIC ELECTIVE-II-GEOGRAPHY OF TAMIL NADU,b3fb9c68-5ede-40ba-92a2-3407a86497fe,create
b0b8a724-7c65-4f07-8047-2a38e8100ad5,b0b8a724-7c65-4f07-8047-2a38e8100ad5,24UGEN01,GENERAL ENGLISH-I,96a2c1dc-91fc-4022-b178-a92c372846c8,create
b0b8a724-7c65-4f07-8047-2a38e8100ad5,b0b8a724-7c65-4f07-8047-2a38e8100ad5,24UGEN02,GENERAL ENGLISH-II,8b65e987-6864-4ca5-b9b2-157aa27c206d,create
b0b8a724-7c65-4f07-8047-2a38e8100ad5,b0b8a724-7c65-4f07-8047-2a38e8100ad5,24UGEN03,GENERAL ENGLISH-III,5a3c670e-72cc-4bc5-85fe-2ae938405db9,create
b0b8a724-7c65-4f07-8047-2a38e8100ad5,b0b8a724-7c65-4f07-8047-2a38e8100ad5,24UGEN04,GENERAL ENGLISH-IV,bb293bdb-c6aa-4c80-bcba-03bfca4b81f1,create
b0b8a724-7c65-4f07-8047-2a38e8100ad5,b0b8a724-7c65-4f07-8047-2a38e8100ad5,24UGTA01,GENERAL TAMIL-I,c80866bc-53fb-4ff3-a780-aa7822b8855b,create
b0b8a724-7c65-4f07-8047-2a38e8100ad5,b0b8a724-7c65-4f07-8047-2a38e8100ad5,24UGTA014,GENERAL TAMIL-I,cfdd191b-6bdb-43dc-b591-ca3c735ecdf5,create
b0b8a724-7c65-4f07-8047-2a38e8100ad5,b0b8a724-7c65-4f07-8047-2a38e8100ad5,24UGTA015,CORE-V: MULTIMEDIA TECHNOLOGIES AND STANDARDS,a8470ba7-610a-42ab-936b-97c316a51155,create
b0b8a724-7c65-4f07-8047-2a38e8100ad5,b0b8a724-7c65-4f07-8047-2a38e8100ad5,24UGTA016,ALGEBRA AND TRIGONOMETRY,852682df-8e63-4a8c-b0a4-b69a47b39122,create
b0b8a724-7c65-4f07-8047-2a38e8100ad5,b0b8a724-7c65-4f07-8047-2a38e8100ad5,24UGTA02,GENERAL TAMIL-II,41476a99-e934-4f82-be1e-a48dc497b712,create
b0b8a724-7c65-4f07-8047-2a38e8100ad5,b0b8a724-7c65-4f07-8047-2a38e8100ad5,24UGTA020,GENERAL TAMIL-V,589071db-3121-4c31-bb0d-76b0a68c7af4,create
b0b8a724-7c65-4f07-8047-2a38e8100ad5,b0b8a724-7c65-4f07-8047-2a38e8100ad5,24UGTA021,GENERAL TAMIL-II,d124384a-915f-4458-b3c8-3011c2cae364,create
b0b8a724-7c65-4f07-8047-2a38e8100ad5,b0b8a724-7c65-4f07-8047-2a38e8100ad5,24UGTA03,GENERAL TAMIL-III,d607ace8-7a21-4584-adca-764cba4b99e8,create
b0b8a724-7c65-4f07-8047-2a38e8100ad5,b0b8a724-7c65-4f07-8047-2a38e8100ad5,24UGTA031,GENERAL TAMIL-III,526ecf07-4f31-4ef1-894f-62f937c0e07d,create
b0b8a724-7c65-4f07-8047-2a38e8100ad5,b0b8a724-7c65-4f07-8047-2a38e8100ad5,24UGTA04,GENERAL TAMIL-IV,a3c83e86-a622-48de-a2ee-714e129c9e90,create
b0b8a724-7c65-4f07-8047-2a38e8100ad5,b0b8a724-7c65-4f07-8047-2a38e8100ad5,24UGTA05,DATA STRCUTURES AND ALGORITHMS,a9987b6b-a52b-40cb-b2fe-1adde2516441,create
b0b8a724-7c65-4f07-8047-2a38e8100ad5,b0b8a724-7c65-4f07-8047-2a38e8100ad5,24UHAWP01,HEALTH AND WELLNESS,196ce3dc-ce10-43b0-904e-7f26f5ae7943,create
b0b8a724-7c65-4f07-8047-2a38e8100ad5,b0b8a724-7c65-4f07-8047-2a38e8100ad5,24UHIC01,CORE-I-HISTORY OF ANCIENT INDIA UPTO 1206 CE,38aab879-5b96-402d-9fb1-ef43b6e04a84,create
b0b8a724-7c65-4f07-8047-2a38e8100ad5,b0b8a724-7c65-4f07-8047-2a38e8100ad5,24UHIC02,CORE-II-HISTORY OF TAMIL NADU UPTO 1311 CE,6fa8fd47-216f-4b68-8049-12658a6cc1d4,create
b0b8a724-7c65-4f07-8047-2a38e8100ad5,b0b8a724-7c65-4f07-8047-2a38e8100ad5,24UHIC03,CORE-III-HISTORY OF MEDIEVAL INDIA 1206-1707 CE,0a81c5a2-912e-4755-8d84-bf730e429719,create
b0b8a724-7c65-4f07-8047-2a38e8100ad5,b0b8a724-7c65-4f07-8047-2a38e8100ad5,24UHIC04,CORE-IV-HISTORY OF TAMIL NADU FROM 1311-1801 CE,7154e846-abc7-45bf-9390-64db94c90432,create
b0b8a724-7c65-4f07-8047-2a38e8100ad5,b0b8a724-7c65-4f07-8047-2a38e8100ad5,24UHIC05,CORE-V-HISTORY OF INDIA FROM 1707 CE TO 1857 CE,408bc5ad-25a1-49f9-92f1-5159fe8abde7,create
b0b8a724-7c65-4f07-8047-2a38e8100ad5,b0b8a724-7c65-4f07-8047-2a38e8100ad5,24UHIC06,CORE-VI-HISTORY OF TAMIL NADU SINCE 1801 CE,34ca8ce8-583e-4281-b935-94898432a436,create
b0b8a724-7c65-4f07-8047-2a38e8100ad5,b0b8a724-7c65-4f07-8047-2a38e8100ad5,24UHIC07,CORE -VII-FREEDOM STRUGGLE IN INDIA,7c26b6f0-5737-4085-8826-bf6ae65a1912,create
b0b8a724-7c65-4f07-8047-2a38e8100ad5,b0b8a724-7c65-4f07-8047-2a38e8100ad5,24UHIC08,CORE -VIII-HISTORY OF MODERN EUROPE FROM 1789 CE TO 1919 CE,4476c6e8-12c9-497b-bfa0-d221ce55a58d,create
b0b8a724-7c65-4f07-8047-2a38e8100ad5,b0b8a724-7c65-4f07-8047-2a38e8100ad5,24UHIC09,HISTORY OF THE WORLD FROM 1919 CE TO 1991 CE,0c7db315-a8a0-4845-a01d-e115003a0d73,create
b0b8a724-7c65-4f07-8047-2a38e8100ad5,b0b8a724-7c65-4f07-8047-2a38e8100ad5,24UHIC10,SELECTED THEMES IN HISTORY OF USA,2c3a38b2-7843-44d3-8dcd-c3869ea879d7,create
b0b8a724-7c65-4f07-8047-2a38e8100ad5,b0b8a724-7c65-4f07-8047-2a38e8100ad5,24UHIC11,REGIONAL HISTORY (HISTORY OF KONGU NADU),4878fd4a-c11d-4772-994c-9de792756b6a,create
b0b8a724-7c65-4f07-8047-2a38e8100ad5,b0b8a724-7c65-4f07-8047-2a38e8100ad5,24UHIC13,CONTEMPORARY HISTORY OF INDIA,8934ef54-de0f-4b76-865f-4fabe88e9cf6,create
b0b8a724-7c65-4f07-8047-2a38e8100ad5,b0b8a724-7c65-4f07-8047-2a38e8100ad5,24UHIC14,INDIA AND HER NEIGHBOURS,98c272da-86e2-4313-a657-e98ef7859202,create
b0b8a724-7c65-4f07-8047-2a38e8100ad5,b0b8a724-7c65-4f07-8047-2a38e8100ad5,24UHIC15,HISTORY OF SCIENCE AND TECHNOLOGY IN INDIA,e1e502ff-ee6d-4591-bf37-2da2c50a0bee,create
b0b8a724-7c65-4f07-8047-2a38e8100ad5,b0b8a724-7c65-4f07-8047-2a38e8100ad5,24UHIDE1,DSE-I-OUTLINES OF COMPARATIVE GOVERNMENTS-I,50c33808-1788-4367-a09d-a9e79a86e9d4,create
b0b8a724-7c65-4f07-8047-2a38e8100ad5,b0b8a724-7c65-4f07-8047-2a38e8100ad5,24UHIDE10,HISTORY OF CHINA AND JAPAN FROM 1900 CE TO 2000 CE,bb6664f7-8075-455e-ab29-9f614c343156,create
b0b8a724-7c65-4f07-8047-2a38e8100ad5,b0b8a724-7c65-4f07-8047-2a38e8100ad5,24UHIDE2,DSE-II-OUTLINES OF COMPARATIVE GOVERNMENTS-II,9941f286-c299-4221-a6a1-45f358fc3fc0,create
b0b8a724-7c65-4f07-8047-2a38e8100ad5,b0b8a724-7c65-4f07-8047-2a38e8100ad5,24UHIDE3,DISCIPLINE SPECIFIC ELECTIVE-III-EVOLUTION OF INDIAN CONSTITUTION FROM 1773 TO 1947 CE,eb50802f-3d3b-4338-a4a8-0fc908cfb1c3,create
b0b8a724-7c65-4f07-8047-2a38e8100ad5,b0b8a724-7c65-4f07-8047-2a38e8100ad5,24UHIDE4,DISCIPLINE SPECIFIC COURSE-IV-EVOLUTION OF INDIAN CONSTITUTION SINCE1947 CE,697d308e-c9ae-4519-9216-9936f239f408,create
b0b8a724-7c65-4f07-8047-2a38e8100ad5,b0b8a724-7c65-4f07-8047-2a38e8100ad5,24UHIDE5,ELEMENTS OF HUMAN RIGHTS,9acce8ac-d754-47a4-abf8-edc02a514326,create
b0b8a724-7c65-4f07-8047-2a38e8100ad5,b0b8a724-7c65-4f07-8047-2a38e8100ad5,24UHIDE7,HISTORY OF DRAVIDIAN MOVEMENT,10e77125-0719-4757-bf63-f5c12997fa6f,create
b0b8a724-7c65-4f07-8047-2a38e8100ad5,b0b8a724-7c65-4f07-8047-2a38e8100ad5,24UHIDE9,PANCHAYAT RAJ AND RURAL DEVELOPMENT,2704af73-e89f-4c8e-800d-f699b703efe7,create
b0b8a724-7c65-4f07-8047-2a38e8100ad5,b0b8a724-7c65-4f07-8047-2a38e8100ad5,24UHIIN01,INTERNSHIP/INDUSTRIAL ACTIVITY,457974c1-30c4-45ea-9e5d-061f91298f8e,create
b0b8a724-7c65-4f07-8047-2a38e8100ad5,b0b8a724-7c65-4f07-8047-2a38e8100ad5,24UHINM1,NME-I-INDIAN POLITY,71a5e0cb-66ec-4acf-b02e-3f3d588b675e,create
b0b8a724-7c65-4f07-8047-2a38e8100ad5,b0b8a724-7c65-4f07-8047-2a38e8100ad5,24UHINM2,NME-II-BASIC JOURNALISM,ea71c627-e2e6-4e0b-936a-60254307928d,create
b0b8a724-7c65-4f07-8047-2a38e8100ad5,b0b8a724-7c65-4f07-8047-2a38e8100ad5,24UHIPC1,GENERAL STUDIES FOR COMPETITIVE EXAMINATION,2d8cc983-95fc-4ffb-bc8e-cadbd06c2490,create
b0b8a724-7c65-4f07-8047-2a38e8100ad5,b0b8a724-7c65-4f07-8047-2a38e8100ad5,24UHIS01,SEC-I-INTRODUCTION TO TOURISM,462711c4-106a-4d0f-b54f-b89c15f1f51e,create
b0b8a724-7c65-4f07-8047-2a38e8100ad5,b0b8a724-7c65-4f07-8047-2a38e8100ad5,24UHIS02,SEC-II-INDIAN CONSTITUTION,87ad947d-4d6f-4b81-a060-c2f37136bb3b,create
b0b8a724-7c65-4f07-8047-2a38e8100ad5,b0b8a724-7c65-4f07-8047-2a38e8100ad5,24UHIS03,SEC-III-MUSEOLOGY,3b25ee12-f1aa-4860-b878-56850f1db217,create
b0b8a724-7c65-4f07-8047-2a38e8100ad5,b0b8a724-7c65-4f07-8047-2a38e8100ad5,24UHIS04,SEC-IV-BASIC CONCEPTS OF ARCHAEOLOGY,8718c0ff-46c7-4006-a728-acb833d88366,create
b0b8a724-7c65-4f07-8047-2a38e8100ad5,b0b8a724-7c65-4f07-8047-2a38e8100ad5,24UHIS05,SEC-V-IKS IN ARCHITECTURE AND DOWN PALNNING ,4bf9f676-22e3-41e0-a33c-dd98c40d5701,create
b0b8a724-7c65-4f07-8047-2a38e8100ad5,b0b8a724-7c65-4f07-8047-2a38e8100ad5,24UHIS06,SEC -V-COMPUTER TRAINING,3a371d1a-82d7-41e9-b97d-11d50763375f,create
b0b8a724-7c65-4f07-8047-2a38e8100ad5,b0b8a724-7c65-4f07-8047-2a38e8100ad5,24UHIS07,SEC -VI-INTRODUCTION TO JOURNALISM,e4d9183b-b341-45ce-a8f5-d36fdcc9eb51,create
b0b8a724-7c65-4f07-8047-2a38e8100ad5,b0b8a724-7c65-4f07-8047-2a38e8100ad5,24UMAC01,CORE - I - ALGEBRA AND TRIGONOMETRY,5b07c15a-82e9-46e8-ba0d-23225eccaf18,create
b0b8a724-7c65-4f07-8047-2a38e8100ad5,b0b8a724-7c65-4f07-8047-2a38e8100ad5,24UMAC02,CORE-II-DIFFERENTIAL CALCULUS,083bcb62-aaa1-4074-9d3d-6d59ffdbabf0,create
b0b8a724-7c65-4f07-8047-2a38e8100ad5,b0b8a724-7c65-4f07-8047-2a38e8100ad5,24UMAC03,CORE-III-ANALYTICAL GEOMETRY(TWO & THREE DIMENSIONS) ,2e35234b-b704-4bef-a2b8-24ce24e7fa87,create
b0b8a724-7c65-4f07-8047-2a38e8100ad5,b0b8a724-7c65-4f07-8047-2a38e8100ad5,24UMAC04,CORE-IV-INTEGRAL CALCULUS,68c67500-2ea8-474f-83b8-c83dc9bae1c2,create
b0b8a724-7c65-4f07-8047-2a38e8100ad5,b0b8a724-7c65-4f07-8047-2a38e8100ad5,24UMAC05,CORE-V-VECTOR CALCULUS AND ITS APPLICATIONS,2cfb26a7-6eed-4f21-bbca-31acd2c65da7,create
b0b8a724-7c65-4f07-8047-2a38e8100ad5,b0b8a724-7c65-4f07-8047-2a38e8100ad5,24UMAC06,CORE-VI-DIFFERENTIAL EQUATIONS AND ITS APPLICATIONS,913b6624-cf48-4ef5-af3f-f2b2af5be867,create
b0b8a724-7c65-4f07-8047-2a38e8100ad5,b0b8a724-7c65-4f07-8047-2a38e8100ad5,24UMAC07,CORE-VII-INDUSTRIAL STATISTICS ,604b44f3-135b-469c-a4e4-37efaa55da45,create
b0b8a724-7c65-4f07-8047-2a38e8100ad5,b0b8a724-7c65-4f07-8047-2a38e8100ad5,24UMAC08,CORE-VIII-ELEMENTS OF MATHEMATICAL ANALYSIS ,a0a654c1-d682-4b1f-b002-73eea3b95c4c,create
b0b8a724-7c65-4f07-8047-2a38e8100ad5,b0b8a724-7c65-4f07-8047-2a38e8100ad5,24UMAC09,ABSTRACT ALGEBRA,5d20820e-f6fa-42ea-926c-41e60d66a1cf,create
b0b8a724-7c65-4f07-8047-2a38e8100ad5,b0b8a724-7c65-4f07-8047-2a38e8100ad5,24UMAC10,REAL ANALYSIS,b2b509d1-f2cf-45ed-9e68-45679946996d,create
b0b8a724-7c65-4f07-8047-2a38e8100ad5,b0b8a724-7c65-4f07-8047-2a38e8100ad5,24UMAC11,MATHEMATICAL MODELLING,649c85bb-88ed-4028-9106-14c79639bf64,create
b0b8a724-7c65-4f07-8047-2a38e8100ad5,b0b8a724-7c65-4f07-8047-2a38e8100ad5,24UMAC12,OPTIMIZATION TECHNIQUES,d1d981d8-530e-4930-a516-304fe42267a9,create
b0b8a724-7c65-4f07-8047-2a38e8100ad5,b0b8a724-7c65-4f07-8047-2a38e8100ad5,24UMAC13,LINEAR ALGEBRA,74c30d8d-aa37-4f0a-9cba-ca6f126eeca8,create
b0b8a724-7c65-4f07-8047-2a38e8100ad5,b0b8a724-7c65-4f07-8047-2a38e8100ad5,24UMAC14,COMPLEX ANALYSIS,8a9d4ad5-4c81-4b85-b22a-35a583d693a0,create
b0b8a724-7c65-4f07-8047-2a38e8100ad5,b0b8a724-7c65-4f07-8047-2a38e8100ad5,24UMAC15,MECHANICS,bf826a8e-28be-48fb-955f-eff2cdc9627c,create
b0b8a724-7c65-4f07-8047-2a38e8100ad5,b0b8a724-7c65-4f07-8047-2a38e8100ad5,24UMACO1,CORE-I-ALGEBRA AND TRIGONOMETRY,7604a583-0391-45eb-9fc2-60296255862e,create
b0b8a724-7c65-4f07-8047-2a38e8100ad5,b0b8a724-7c65-4f07-8047-2a38e8100ad5,24UMADE03,MATHEMATICAL STATISTICS,a30ad7e6-47ab-4345-8fb5-da3cb999f17e,create
b0b8a724-7c65-4f07-8047-2a38e8100ad5,b0b8a724-7c65-4f07-8047-2a38e8100ad5,24UMADE1,NUMERICAL METHODS WITH APPLICATIONS,3d75e237-8771-4fb0-9b96-ac8af739ebfa,create
b0b8a724-7c65-4f07-8047-2a38e8100ad5,b0b8a724-7c65-4f07-8047-2a38e8100ad5,24UMADE2,NUMBER THEORY,d1d2707b-e4a3-46e0-8857-f6d71830800c,create
b0b8a724-7c65-4f07-8047-2a38e8100ad5,b0b8a724-7c65-4f07-8047-2a38e8100ad5,24UMADE5,DISCRETE MATHEMATICS,02f2fed7-7dc0-4782-afff-4b71bbc18543,create
b0b8a724-7c65-4f07-8047-2a38e8100ad5,b0b8a724-7c65-4f07-8047-2a38e8100ad5,24UMADE6,GRAPH THEORY WITH APPLICATION,cfbe0ba2-5dc0-4a68-85bb-13da87cb33f4,create
b0b8a724-7c65-4f07-8047-2a38e8100ad5,b0b8a724-7c65-4f07-8047-2a38e8100ad5,24UMAGE1,GENERIC ELECTIVE MATHEMATICS-I: ALGEBRA AND CALCULUS,7be95bf2-1de1-47b5-9a6a-c0690bbadd68,create
b0b8a724-7c65-4f07-8047-2a38e8100ad5,b0b8a724-7c65-4f07-8047-2a38e8100ad5,24UMAGE10,GENERIC ELECTIVE-II-NUMERICAL METHODS-II,df7a8c8e-a3dc-4ca3-802f-56101d8f42ad,create
b0b8a724-7c65-4f07-8047-2a38e8100ad5,b0b8a724-7c65-4f07-8047-2a38e8100ad5,24UMAGE11, GENERIC ELECTIVE-III-BUSINESS MATHEMATICS & STATISTICS,026b8f6f-c578-48c0-9149-553529649ef8,create
b0b8a724-7c65-4f07-8047-2a38e8100ad5,b0b8a724-7c65-4f07-8047-2a38e8100ad5,24UMAGE12, GENERIC ELECTIVE-IV-OPERATIONS RESEARCH,7110cb0d-91d1-483b-a01c-142eb91e1994,create
b0b8a724-7c65-4f07-8047-2a38e8100ad5,b0b8a724-7c65-4f07-8047-2a38e8100ad5,24UMAGE2,GENERIC ELECTIVE MATHEMATICS-II: DIFFERENTIAL EQUATIONS AND LAPLACE TRANSFORMS,f3909e1a-aae2-4d26-9a94-20cb4a170acf,create
b0b8a724-7c65-4f07-8047-2a38e8100ad5,b0b8a724-7c65-4f07-8047-2a38e8100ad5,24UMAGE3,GENERIC ELECTIVE-I-DISCRETE MATHEMATICS-I,a4cf4232-a66b-4467-aa34-e0f65a6e6eed,create
b0b8a724-7c65-4f07-8047-2a38e8100ad5,b0b8a724-7c65-4f07-8047-2a38e8100ad5,24UMAGE4,GENERIC ELECTIVE-II-DISCRETE MATHEMATICS-II,d8278e5a-62bb-487d-92e9-23d80197b77e,create
b0b8a724-7c65-4f07-8047-2a38e8100ad5,b0b8a724-7c65-4f07-8047-2a38e8100ad5,24UMAGE5,GENERIC ELECTIVE-I-INTRODUCTION TO LINEAR ALGEBRA,e43a3604-7136-40bb-92f5-5738fbf5ac7a,create
b0b8a724-7c65-4f07-8047-2a38e8100ad5,b0b8a724-7c65-4f07-8047-2a38e8100ad5,24UMAGE6,GENERIC ELECTIVE-II-NUMERICAL METHODS,5346dba3-e040-42ca-9ec0-d3ab8f49734c,create
b0b8a724-7c65-4f07-8047-2a38e8100ad5,b0b8a724-7c65-4f07-8047-2a38e8100ad5,24UMAGE7,GENERIC ELECTIVE-I-OPTIMIZATION TECHNIQUES,6a870e23-d3fa-4de2-b852-72e7c053e59e,create
b0b8a724-7c65-4f07-8047-2a38e8100ad5,b0b8a724-7c65-4f07-8047-2a38e8100ad5,24UMAGE8,GENERIC ELECTIVE-II-GRAPH THEORY AND ITS APPLICATIONS,783ca848-fde4-45c6-acad-f674b707b89f,create
b0b8a724-7c65-4f07-8047-2a38e8100ad5,b0b8a724-7c65-4f07-8047-2a38e8100ad5,24UMAGE9,GENERIC ELECTIVE-I-NUMERICAL METHODS-I,d3a1b42f-a8c9-42da-a6e2-e88a5030a944,create
b0b8a724-7c65-4f07-8047-2a38e8100ad5,b0b8a724-7c65-4f07-8047-2a38e8100ad5,24UMAGEP01,GENERIC ELECTIVE MATHEMATICS PRACTICAL,d094d291-4247-4d09-b7dd-4615d6047f64,create
b0b8a724-7c65-4f07-8047-2a38e8100ad5,b0b8a724-7c65-4f07-8047-2a38e8100ad5,24UMAGEP01A,GENERIC ELECTIVE MATHEMATICS PRACTICAL,ebc40ac9-110b-4a37-a1c6-ca8513654067,create
b0b8a724-7c65-4f07-8047-2a38e8100ad5,b0b8a724-7c65-4f07-8047-2a38e8100ad5,24UMAGEP02,GENERIC ELECTIVE-PRACTICAL-I-DISCRETE MATHEMATICS,6dceb814-5258-4903-aed6-56577e046bcc,create
b0b8a724-7c65-4f07-8047-2a38e8100ad5,b0b8a724-7c65-4f07-8047-2a38e8100ad5,24UMAGEP03,GENERIC ELECTIVE-PRACTICAL-I-INTRODUCTION TO LINEAR ALGEBRA,0253213f-bcba-4dcc-b21a-039ee59e8c4b,create
b0b8a724-7c65-4f07-8047-2a38e8100ad5,b0b8a724-7c65-4f07-8047-2a38e8100ad5,24UMAGEP04,GENERIC ELECTIVE-PRACTICAL-I-OPTIMIZATION TECHNIQUES,9f8014c4-ab09-4a97-ab43-352ef881e6f1,create
b0b8a724-7c65-4f07-8047-2a38e8100ad5,b0b8a724-7c65-4f07-8047-2a38e8100ad5,24UMAGEP05,GENERIC ELECTIVE-PRACTICAL-I-GRAPH THEORY AND ITS APPLICATIONS,e10b3f38-4f39-4fdc-bf50-548c2f6ec117,create
b0b8a724-7c65-4f07-8047-2a38e8100ad5,b0b8a724-7c65-4f07-8047-2a38e8100ad5,24UMAGEP06,GENERIC ELECTIVE-PRACTICAL-I-NUMERICAL METHODS,2d62911b-3ceb-43b8-9252-99700a6069ad,create
b0b8a724-7c65-4f07-8047-2a38e8100ad5,b0b8a724-7c65-4f07-8047-2a38e8100ad5,24UMAIN01,INTERNSHIP/IDUSTRIAL TRAINING (SUMMER VACTION AT THE END OF IV SEMSTER ACTIVITY),8505dfef-d795-41aa-b344-969e4c968de9,create
b0b8a724-7c65-4f07-8047-2a38e8100ad5,b0b8a724-7c65-4f07-8047-2a38e8100ad5,24UMANM1,NME-I-MATHEMATICS FOR COMPETITIVE EXAMINATION-I,c60690f8-a70d-47e3-b090-7e50c71cf786,create
b0b8a724-7c65-4f07-8047-2a38e8100ad5,b0b8a724-7c65-4f07-8047-2a38e8100ad5,24UMANM2,NME-II-MATHEMATICS FOR COMPETITIVE EXAMINATION-II,392e737d-73fc-43a5-8147-a1f677672af2,create
b0b8a724-7c65-4f07-8047-2a38e8100ad5,b0b8a724-7c65-4f07-8047-2a38e8100ad5,24UMAPC1,STATISTICS WITH R PROGRAMMING,5022b6dc-29ac-4816-b207-f9ce798a684a,create
b0b8a724-7c65-4f07-8047-2a38e8100ad5,b0b8a724-7c65-4f07-8047-2a38e8100ad5,24UMAS01,SEC-I-BRIDGE MATHEMATICS,bd5e65fb-4a4e-47a4-b81b-5ad003059b19,create
b0b8a724-7c65-4f07-8047-2a38e8100ad5,b0b8a724-7c65-4f07-8047-2a38e8100ad5,24UMAS02,SEC-II-COMPUTATIONAL MATHEMATICS,d41028a9-825d-4686-a147-51bfbaa77189,create
b0b8a724-7c65-4f07-8047-2a38e8100ad5,b0b8a724-7c65-4f07-8047-2a38e8100ad5,24UMAS03,SEC-III-STATISTICS WITH EXCEL PROGRAMMING,b6419093-b633-407a-9852-56470463f23b,create
b0b8a724-7c65-4f07-8047-2a38e8100ad5,b0b8a724-7c65-4f07-8047-2a38e8100ad5,24UMAS04,SEC-IV-PROGRAMMING IN C THEORY,3589cd74-b8bc-4437-b0d3-116d41b42a9a,create
b0b8a724-7c65-4f07-8047-2a38e8100ad5,b0b8a724-7c65-4f07-8047-2a38e8100ad5,24UMASP01,SEC-V-PROGRAMMING IN C PRACTICAL ,a9c5ed93-515a-4e5a-9e89-17ff3c16c6ba,create
b0b8a724-7c65-4f07-8047-2a38e8100ad5,b0b8a724-7c65-4f07-8047-2a38e8100ad5,24UMASP02,SEC-VI-LATEX PRACTICAL ,0fe5989b-6b1d-46b4-b91d-05f57fe27b17,create
b0b8a724-7c65-4f07-8047-2a38e8100ad5,b0b8a724-7c65-4f07-8047-2a38e8100ad5,24UMBC01,CORE-I-FUNDAMENTALS OF MICROBIOLOGY AND MICROBIAL DIVERSITY,d35506a1-73be-4866-a38d-0c0dacbd6859,create
b0b8a724-7c65-4f07-8047-2a38e8100ad5,b0b8a724-7c65-4f07-8047-2a38e8100ad5,24UMBC02,CORE II-MICROBIAL PHYSIOLOGY AND METABOLISM,13edb0a9-bd29-4a8f-bf87-0e55bd31f238,create
b0b8a724-7c65-4f07-8047-2a38e8100ad5,b0b8a724-7c65-4f07-8047-2a38e8100ad5,24UMBC03,CORE-III-MOLECULAR BIOLOGY AND MICROBIAL GENETICS,d0cd7a65-bb1b-4924-b6f1-56c0b385070e,create
b0b8a724-7c65-4f07-8047-2a38e8100ad5,b0b8a724-7c65-4f07-8047-2a38e8100ad5,24UMBC04,"CORE-IV-IMMUNOLOGY AND IMMUNOLOGY TECHNOLOGY
",33bfe2e6-5eec-4c46-bf72-95465da5647d,create
b0b8a724-7c65-4f07-8047-2a38e8100ad5,b0b8a724-7c65-4f07-8047-2a38e8100ad5,24UMBC05,BACTERIOLOGY AND MYCOLOGY,62d7df2d-3c28-408c-b8d6-44c3abfb67a3,create
b0b8a724-7c65-4f07-8047-2a38e8100ad5,b0b8a724-7c65-4f07-8047-2a38e8100ad5,24UMBC06,VIROLOGY AND PARASITOLOGY,7f2c7307-0706-4624-b56c-0a43243e2cae,create
b0b8a724-7c65-4f07-8047-2a38e8100ad5,b0b8a724-7c65-4f07-8047-2a38e8100ad5,24UMBC07,ENVIRONMENTAL AND AGRICULTURE MICROBIOLOGY,1ef91943-bd08-440b-9e53-ee433833c309,create
b0b8a724-7c65-4f07-8047-2a38e8100ad5,b0b8a724-7c65-4f07-8047-2a38e8100ad5,24UMBC08,FOOD DAIRY AND PROBIOTIC MICROBIOLOGY,fc24120d-0dda-441a-aa37-295972f7b393,create
b0b8a724-7c65-4f07-8047-2a38e8100ad5,b0b8a724-7c65-4f07-8047-2a38e8100ad5,24UMBCP01,CORE PRACTICAL-I-FUNDAMENTALS OF MICROBIOLOGY AND MICROBIAL DIVERSITY,59c95162-54a3-48cb-9402-feed236b4f9f,create
b0b8a724-7c65-4f07-8047-2a38e8100ad5,b0b8a724-7c65-4f07-8047-2a38e8100ad5,24UMBCP02,CORE PRACTICAL-II-MICROBIAL PHYSIOLOGY AND METABOLISM,f8e4df19-bc55-40cb-971b-240d1052838c,create
b0b8a724-7c65-4f07-8047-2a38e8100ad5,b0b8a724-7c65-4f07-8047-2a38e8100ad5,24UMBCP03,CORE PRACTICAL-III-MOLECULAR BIOLOGY AND MICROBIAL GENETICS,872bff23-9fcb-455c-8da7-aa4044e651db,create
b0b8a724-7c65-4f07-8047-2a38e8100ad5,b0b8a724-7c65-4f07-8047-2a38e8100ad5,24UMBCP04,"CORE PRACTICAL-IV-IMMUNOLOGY AND IMMUNOLOGY TECHNOLOGY
",70b436b2-146f-460e-a6de-f64574812bda,create
b0b8a724-7c65-4f07-8047-2a38e8100ad5,b0b8a724-7c65-4f07-8047-2a38e8100ad5,24UMBCP05,CORE PRACTICAL,f563404f-1c0f-4425-8800-ac42849eaa68,create
b0b8a724-7c65-4f07-8047-2a38e8100ad5,b0b8a724-7c65-4f07-8047-2a38e8100ad5,24UMBCP06,CORE PRACTICAL,715f6b75-212a-47c6-9145-fe5941169a91,create
b0b8a724-7c65-4f07-8047-2a38e8100ad5,b0b8a724-7c65-4f07-8047-2a38e8100ad5,24UMBCPR01,PROJECT,6db6731e-2089-4f91-b574-c3ab069f975c,create
b0b8a724-7c65-4f07-8047-2a38e8100ad5,b0b8a724-7c65-4f07-8047-2a38e8100ad5,24UMBDE01,DSE-I-BIOINSTRUMENTATION,f98d69f9-dcb4-4650-9570-43d2a55d4332,create
b0b8a724-7c65-4f07-8047-2a38e8100ad5,b0b8a724-7c65-4f07-8047-2a38e8100ad5,24UMBDE02,DISCIPLINE SPECIFIC ELECTIVE-II-CLINICAL LABORATORY TECHNOLOGY,7f710b07-7bc9-46ab-8ec9-1036ce20b6b2,create
b0b8a724-7c65-4f07-8047-2a38e8100ad5,b0b8a724-7c65-4f07-8047-2a38e8100ad5,24UMBDE03,"DSE-III-FOOD PROCESSING TECHNOLOGY
",0616c08f-f161-40a7-a4f4-a05e16f98220,create
b0b8a724-7c65-4f07-8047-2a38e8100ad5,b0b8a724-7c65-4f07-8047-2a38e8100ad5,24UMBDE04,RECOMBINANT DNA TECHNOLOGY,021a67b5-3cd4-4f04-95ba-e2f9a1f6b309,create
b0b8a724-7c65-4f07-8047-2a38e8100ad5,b0b8a724-7c65-4f07-8047-2a38e8100ad5,24UMBDE04A,BIOINFORMATICS WITH AI,e01285f7-2ae8-42cb-8ed2-0ec2fd664412,create
b0b8a724-7c65-4f07-8047-2a38e8100ad5,b0b8a724-7c65-4f07-8047-2a38e8100ad5,24UMBDE05,BIOSAFETY AND BIOETHICS,f344047d-9829-44af-917a-0cf7f73beb51,create
b0b8a724-7c65-4f07-8047-2a38e8100ad5,b0b8a724-7c65-4f07-8047-2a38e8100ad5,24UMBDE06,PHARMACEUTICAL MICROBIOLOGY,e9ab7165-4e5f-4973-8b80-ce274a52e085,create
b0b8a724-7c65-4f07-8047-2a38e8100ad5,b0b8a724-7c65-4f07-8047-2a38e8100ad5,24UMBDE07,ENTREPRENEURSHIP AND BIO-BUSINESS,0eef7d53-68de-493a-9883-b5ae8e4602ff,create
b0b8a724-7c65-4f07-8047-2a38e8100ad5,b0b8a724-7c65-4f07-8047-2a38e8100ad5,24UMBFC1,FOUNDATION COURSE-INTRODUCTION TO MICROBIAL WORLD,d312330a-0051-4f43-afcb-8e9b8fbb9f9b,create
b0b8a724-7c65-4f07-8047-2a38e8100ad5,b0b8a724-7c65-4f07-8047-2a38e8100ad5,24UMBGE01,GENERIC ELECTIVE-I-BASIC AND CLINICAL BIOCHEMISTRY,0a5d300a-2fbe-4139-926f-102d34e0a515,create
b0b8a724-7c65-4f07-8047-2a38e8100ad5,b0b8a724-7c65-4f07-8047-2a38e8100ad5,24UMBNM01,NME-I-SOCIAL AND PREVENTIVE MEDICINE,809b320b-3c37-406a-8910-db1ce8f93a0d,create
b0b8a724-7c65-4f07-8047-2a38e8100ad5,b0b8a724-7c65-4f07-8047-2a38e8100ad5,24UMBNM02,NME-II-NUTRITION AND HYGIENE,1ac33939-91ea-4f02-b1b5-c398c988fea8,create
b0b8a724-7c65-4f07-8047-2a38e8100ad5,b0b8a724-7c65-4f07-8047-2a38e8100ad5,24UMBPC01,MICROBIAL QUALITY CONTROL AND TESTING,a2165149-c5bb-493d-ba59-d949808d10aa,create
b0b8a724-7c65-4f07-8047-2a38e8100ad5,b0b8a724-7c65-4f07-8047-2a38e8100ad5,24UMBSE01,SEC-I-SERICULTURE,31c7a3da-890e-4694-910e-92f6e897cf12,create
b0b8a724-7c65-4f07-8047-2a38e8100ad5,b0b8a724-7c65-4f07-8047-2a38e8100ad5,24UMBSE02,SEC-II-ORGANIC FARMING AND BIO-FERTILIZER TECHNOLOGY,4d768032-29d8-4e08-bca9-82460685a4ed,create
b0b8a724-7c65-4f07-8047-2a38e8100ad5,b0b8a724-7c65-4f07-8047-2a38e8100ad5,24UMBSE03,SEC-III-AQUACULTURE,e7eeed5d-2a49-46c2-a9da-d826c65c313a,create
b0b8a724-7c65-4f07-8047-2a38e8100ad5,b0b8a724-7c65-4f07-8047-2a38e8100ad5,24UMBSE04,"SEC-IV-VACCINE TECHNOLOGY
",1225592b-5822-4739-8ed5-27a92af71526,create
b0b8a724-7c65-4f07-8047-2a38e8100ad5,b0b8a724-7c65-4f07-8047-2a38e8100ad5,24UMBSE05,SEC-V-APICULTURE,8ab727c7-95cc-4b7b-a719-8f8129a0c6b0,create
b0b8a724-7c65-4f07-8047-2a38e8100ad5,b0b8a724-7c65-4f07-8047-2a38e8100ad5,24UPHC01,CORE-I-PROPERTIES OF MATTER & SOUND  ,0d1c5777-0f0f-498c-afc1-c929fceb75f8,create
b0b8a724-7c65-4f07-8047-2a38e8100ad5,b0b8a724-7c65-4f07-8047-2a38e8100ad5,24UPHC02,"CORE-II-HEAT,THERMODYNAMICS AND STATISTICAL PHYSICS",666f9c8f-85cc-4c06-b7c0-91b33dc42c0e,create
b0b8a724-7c65-4f07-8047-2a38e8100ad5,b0b8a724-7c65-4f07-8047-2a38e8100ad5,24UPHC03,CORE-III-GENERAL MECHANICS AND CLASSICAL MECHANICS,c8b71fe9-cf81-450d-8f9d-e7311a8ea014,create
b0b8a724-7c65-4f07-8047-2a38e8100ad5,b0b8a724-7c65-4f07-8047-2a38e8100ad5,24UPHC04,CORE–IV-OPTICS AND SPECTROSCOPY,7b50fd9c-500e-4a9b-98f4-c7430cd78725,create
b0b8a724-7c65-4f07-8047-2a38e8100ad5,b0b8a724-7c65-4f07-8047-2a38e8100ad5,24UPHC05,ATOMIC PHYSICS AND LASERS,af1b8f79-cff9-45b6-a873-f9fd56ed5487,create
b0b8a724-7c65-4f07-8047-2a38e8100ad5,b0b8a724-7c65-4f07-8047-2a38e8100ad5,24UPHC06,RELATIVITY AND QUANTUM MECHANICS,20f248a5-9dd6-4cc6-ad35-aa1740a1037c,create
b0b8a724-7c65-4f07-8047-2a38e8100ad5,b0b8a724-7c65-4f07-8047-2a38e8100ad5,24UPHC07,SOLID STATE PHYSICS,4d27452b-be99-44a8-8d86-0e7250a5bc00,create
b0b8a724-7c65-4f07-8047-2a38e8100ad5,b0b8a724-7c65-4f07-8047-2a38e8100ad5,24UPHC08,NUCLEAR AND PARTICLE PHYSICS,288f3fbb-162a-41af-9914-d5068a250b54,create
b0b8a724-7c65-4f07-8047-2a38e8100ad5,b0b8a724-7c65-4f07-8047-2a38e8100ad5,24UPHC09,ELECTRICITY AND MAGNETISM,f5957c05-703f-4c97-a83b-e7e2882dba39,create
b0b8a724-7c65-4f07-8047-2a38e8100ad5,b0b8a724-7c65-4f07-8047-2a38e8100ad5,24UPHC10,DIGITAL ELECTRONICS AND MICROPROCESSOR 8085,f4061a3f-e1f1-4296-bee2-e6182b5c5525,create
b0b8a724-7c65-4f07-8047-2a38e8100ad5,b0b8a724-7c65-4f07-8047-2a38e8100ad5,24UPHCP01,CORE PRACTICAL-I-PROPERTIES OF MATTER EXPERIMENTS,025c8943-b88a-4ed6-95d8-cfa89a9e089a,create
b0b8a724-7c65-4f07-8047-2a38e8100ad5,b0b8a724-7c65-4f07-8047-2a38e8100ad5,24UPHCP02,"CORE PRACTICAL-II-HEAT,OSCILLATIONS,WAVE & SOUND EXPERIMENTS",f801ad7c-909f-459d-8cbb-334ec01141e5,create
b0b8a724-7c65-4f07-8047-2a38e8100ad5,b0b8a724-7c65-4f07-8047-2a38e8100ad5,24UPHCP03,CORE PRACTICAL-III-ELECTRICITY EXPERIMENTS,03d1042e-cd98-41a7-a733-72276f816f03,create
b0b8a724-7c65-4f07-8047-2a38e8100ad5,b0b8a724-7c65-4f07-8047-2a38e8100ad5,24UPHCP04,"CORE PRACTICAL–IV-LIGHT EXPERIMENTS
",13a36e26-2505-41e1-b9c0-3f99f44a2f07,create
b0b8a724-7c65-4f07-8047-2a38e8100ad5,b0b8a724-7c65-4f07-8047-2a38e8100ad5,24UPHCP05,GENERAL EXPERIMENTS,54064ce2-b922-41d5-b55c-f28da3814655,create
b0b8a724-7c65-4f07-8047-2a38e8100ad5,b0b8a724-7c65-4f07-8047-2a38e8100ad5,24UPHCP06,ELECTRONICS EXPERIMENTS,ea61a042-ce72-443d-9419-430751b60321,create
b0b8a724-7c65-4f07-8047-2a38e8100ad5,b0b8a724-7c65-4f07-8047-2a38e8100ad5,24UPHDSE01,ENERGY PHYSICS,8a6b8367-9556-45b5-b434-244c42768969,create
b0b8a724-7c65-4f07-8047-2a38e8100ad5,b0b8a724-7c65-4f07-8047-2a38e8100ad5,24UPHDSE02,MATERIALS SCIENCE,54178770-896b-4ec2-8daa-57cfab3ee11e,create
b0b8a724-7c65-4f07-8047-2a38e8100ad5,b0b8a724-7c65-4f07-8047-2a38e8100ad5,24UPHDSE03,NANOSCIENCE AND NANOTECHNOLOGY,ec6c39cd-4b64-4cc9-993a-df5ee091d2dd,create
b0b8a724-7c65-4f07-8047-2a38e8100ad5,b0b8a724-7c65-4f07-8047-2a38e8100ad5,24UPHDSE04,PHYSICS OF MUSIC,c5925f4a-f387-420e-8f23-bacc2e1828a9,create
b0b8a724-7c65-4f07-8047-2a38e8100ad5,b0b8a724-7c65-4f07-8047-2a38e8100ad5,24UPHF01,FOUNDATION COURSE-INTRODUCTORY PHYSICS,60820dc2-1198-485e-a834-36928bd88a24,create
b0b8a724-7c65-4f07-8047-2a38e8100ad5,b0b8a724-7c65-4f07-8047-2a38e8100ad5,24UPHGE1,GENERIC ELECTIVE PHYSICS - I,65889d0d-d9e1-457d-b7a3-89e24b8aa9df,create
b0b8a724-7c65-4f07-8047-2a38e8100ad5,b0b8a724-7c65-4f07-8047-2a38e8100ad5,24UPHGE2,GENERIC ELECTIVE PHYSICS-II ,93d4e72d-063c-4fda-a86c-6bf22b7be363,create
b0b8a724-7c65-4f07-8047-2a38e8100ad5,b0b8a724-7c65-4f07-8047-2a38e8100ad5,24UPHGEP01,GENERIC ELECTIVE PHYSICS PRACTICAL-I,04312285-de2e-44f5-ae8f-db3818e49ff8,create
b0b8a724-7c65-4f07-8047-2a38e8100ad5,b0b8a724-7c65-4f07-8047-2a38e8100ad5,24UPHGEP02,GENERIC ELECTIVE PHYSICS PRACTICAL-II ,8475eeb8-261c-4f6c-a35f-6389b23ccc52,create
b0b8a724-7c65-4f07-8047-2a38e8100ad5,b0b8a724-7c65-4f07-8047-2a38e8100ad5,24UPHNM1,NME-I-PHYSICS FOR EVERYDAY LIFE,cab633fc-3914-44ae-a11a-f316af9d9df3,create
b0b8a724-7c65-4f07-8047-2a38e8100ad5,b0b8a724-7c65-4f07-8047-2a38e8100ad5,24UPHNM2,NME-II-ASTROPHYSICS,f4f761b1-444b-42f8-9a69-e25987de4dae,create
b0b8a724-7c65-4f07-8047-2a38e8100ad5,b0b8a724-7c65-4f07-8047-2a38e8100ad5,24UPHPC01,QUANTITATIVE APTITUDE FOR COMPETITIVE EXAMINATIONS,f92cd5a6-71e3-44f8-986a-208806247973,create
b0b8a724-7c65-4f07-8047-2a38e8100ad5,b0b8a724-7c65-4f07-8047-2a38e8100ad5,24UPHS01,SEC-I-INSTRUMENTATION,73ce5b79-c521-4977-aa56-f21bf64d34ba,create
b0b8a724-7c65-4f07-8047-2a38e8100ad5,b0b8a724-7c65-4f07-8047-2a38e8100ad5,24UPHS02,"SEC-II-ENTREPRENEURIAL BASED, HOME ELECTRICAL INSTALLATION",1c1189a8-5b87-48a8-ad0b-f4536a8e5aaa,create
b0b8a724-7c65-4f07-8047-2a38e8100ad5,b0b8a724-7c65-4f07-8047-2a38e8100ad5,24UPHS03,SEC-III-COMPUTATIONAL METHODS AND PROGRAMMING IN C,22d46dbb-265c-4d88-9ff2-bbb8c9fe5c57,create
b0b8a724-7c65-4f07-8047-2a38e8100ad5,b0b8a724-7c65-4f07-8047-2a38e8100ad5,24UPHS04,"SEC-IV-ELECTRONIC DEVICES
",15338ec2-06bc-4df5-a2e6-c0c6c50af31d,create
b0b8a724-7c65-4f07-8047-2a38e8100ad5,b0b8a724-7c65-4f07-8047-2a38e8100ad5,24UPHS05,"SEC-V-COMMUNICATION SYSTEMS
",ebfce9b7-6f78-4c64-bcbb-585b74ede675,create
b0b8a724-7c65-4f07-8047-2a38e8100ad5,b0b8a724-7c65-4f07-8047-2a38e8100ad5,24USTAGE1,GENERIC ELECTIVE-I STATISTICAL METHOD AND ITS APPLICATIONS-I,a9228852-4253-468c-9852-8764cfddb796,create
b0b8a724-7c65-4f07-8047-2a38e8100ad5,b0b8a724-7c65-4f07-8047-2a38e8100ad5,24USTAGE2,GENERIC ELECTIVE-II-STATISTICAL METHODS AND ITS APPLICATION-II,ac52a602-017c-427a-a734-a691906d4e98,create
b0b8a724-7c65-4f07-8047-2a38e8100ad5,b0b8a724-7c65-4f07-8047-2a38e8100ad5,24USTAGEP01,GENERIC ELECTIVE PRACTICAL-I-STATISTICAL PRACTICAL,5436ce1f-bc74-4038-b365-ccc24685d6ee,create
b0b8a724-7c65-4f07-8047-2a38e8100ad5,b0b8a724-7c65-4f07-8047-2a38e8100ad5,24USTAGEP1,GENERIC ELECTIVE PRACTICAL-IV-STATISTICAL PRACTICAL,f355d0fd-b1d3-4bf2-8556-f5fae84399de,create
b0b8a724-7c65-4f07-8047-2a38e8100ad5,b0b8a724-7c65-4f07-8047-2a38e8100ad5,24USTDE1,DISCIPLINE SPECIFIC ELECTIVE-STATISTICAL METHODS-I,c21d705f-83ad-4274-9e5f-dad0b384fa3a,create
b0b8a724-7c65-4f07-8047-2a38e8100ad5,b0b8a724-7c65-4f07-8047-2a38e8100ad5,24USTDE2,DISCIPLINE SPECIFIC ELECTIVE-STATISTICAL METHODS-II,a09e966c-c9f2-478a-a365-fd494f54ebcb,create
b0b8a724-7c65-4f07-8047-2a38e8100ad5,b0b8a724-7c65-4f07-8047-2a38e8100ad5,24USTDEP01,DISCIPLINE SPECIFIC ELECTIVE-STATISTICS PRACTICAL-I,6467231d-7ec5-46cb-b403-dd8fea7a32fd,create
b0b8a724-7c65-4f07-8047-2a38e8100ad5,b0b8a724-7c65-4f07-8047-2a38e8100ad5,24USTDEP02,DISCIPLINE SPECIFIC ELECTIVE-STATISTICS PRACTICAL-II,5ef162f6-6918-40dd-b7dc-a8fb631079c3,create
b0b8a724-7c65-4f07-8047-2a38e8100ad5,b0b8a724-7c65-4f07-8047-2a38e8100ad5,24UTFC01,CORE-I-FIBER AND YARN SCIENCE,265453c4-17ee-40e6-be1a-491fd905665a,create
b0b8a724-7c65-4f07-8047-2a38e8100ad5,b0b8a724-7c65-4f07-8047-2a38e8100ad5,24UTFC02,CORE-III-WOVEN FABRIC SCIENCE,29ddae00-9970-40b2-b40b-99d94ee97421,create
b0b8a724-7c65-4f07-8047-2a38e8100ad5,b0b8a724-7c65-4f07-8047-2a38e8100ad5,24UTFC03,CORE-V-TEXTILE WET PROCESSING,408c305c-2ad6-49ed-98f4-92fab8e84500,create
b0b8a724-7c65-4f07-8047-2a38e8100ad5,b0b8a724-7c65-4f07-8047-2a38e8100ad5,24UTFC04,CORE-VII-TEXTILE FINISHING,9b438073-29c4-4bff-88d1-c5f521157f61,create
b0b8a724-7c65-4f07-8047-2a38e8100ad5,b0b8a724-7c65-4f07-8047-2a38e8100ad5,24UTFC05,APPAREL COSTING AND MERCHANDISING,980b2477-90fe-4de8-95a8-24456064373f,create
b0b8a724-7c65-4f07-8047-2a38e8100ad5,b0b8a724-7c65-4f07-8047-2a38e8100ad5,24UTFC06,KNITTING AND NON-WOVEN,cef0b492-26c3-4dcd-bf4f-c582ce8a6c8c,create
b0b8a724-7c65-4f07-8047-2a38e8100ad5,b0b8a724-7c65-4f07-8047-2a38e8100ad5,24UTFC07,TEXTILE TESTING   AND QUALITY   CONTROL,4604ac10-c14a-4d93-bceb-6ff787e1622c,create
b0b8a724-7c65-4f07-8047-2a38e8100ad5,b0b8a724-7c65-4f07-8047-2a38e8100ad5,24UTFCP01,CORE-II-BASIC APPAREL DESIGNING PRACTICAL,05705a30-775b-46bc-aea0-81ad1e52fae8,create
b0b8a724-7c65-4f07-8047-2a38e8100ad5,b0b8a724-7c65-4f07-8047-2a38e8100ad5,24UTFCP02,CORE-IV-FIBER TO FABRIC SCIENCE PRACTICAL,730281e4-cec1-45de-a690-dce0065f6998,create
b0b8a724-7c65-4f07-8047-2a38e8100ad5,b0b8a724-7c65-4f07-8047-2a38e8100ad5,24UTFCP03,CORE-VI-CHILDRENS APPAREL PRACTICAL,1db61410-192f-4d6d-abdf-0d39a8c36a7b,create
b0b8a724-7c65-4f07-8047-2a38e8100ad5,b0b8a724-7c65-4f07-8047-2a38e8100ad5,24UTFCP04,CORE-VIII-WOMEN'S APPAREL PRACTICAL,f1e815df-d6d0-41d1-9448-8d598bc5cab3,create
b0b8a724-7c65-4f07-8047-2a38e8100ad5,b0b8a724-7c65-4f07-8047-2a38e8100ad5,24UTFCP05,SURFACE EMBELLISHMENT AND FASHION ACCESSORIES PRACTICAL,9f684012-7804-47bd-8749-ee2ae296ced0,create
b0b8a724-7c65-4f07-8047-2a38e8100ad5,b0b8a724-7c65-4f07-8047-2a38e8100ad5,24UTFCP06,MEN’S APPAREL PRACTICAL,4e764c65-092d-454c-96c7-1b30803aa9b2,create
b0b8a724-7c65-4f07-8047-2a38e8100ad5,b0b8a724-7c65-4f07-8047-2a38e8100ad5,24UTFCP07,CAD IN  GARMENT DESIGNING   PRACTICAL,093dc973-aebc-46a9-a7fe-0c91cbf2c550,create
b0b8a724-7c65-4f07-8047-2a38e8100ad5,b0b8a724-7c65-4f07-8047-2a38e8100ad5,24UTFCP08,FASHION PORTFOLIO PRESENTATION VIVA VOCE,6c59a93c-15cf-4b0e-9312-763eb3ee629c,create
b0b8a724-7c65-4f07-8047-2a38e8100ad5,b0b8a724-7c65-4f07-8047-2a38e8100ad5,24UTFDE01,DISCIPLINE SPECIFIC ELECTIVE-I- PATTERN MAKING AND GRADING,b14a7ae2-c3c6-4bc9-aae1-94b333e9d66a,create
b0b8a724-7c65-4f07-8047-2a38e8100ad5,b0b8a724-7c65-4f07-8047-2a38e8100ad5,24UTFDE02,DISCIPLINE SPECIFIC ELECTIVE-1-PATTERN MAKING AND GRADING,f35218c3-b480-4f4d-825f-2a0b3f29774c,create
b0b8a724-7c65-4f07-8047-2a38e8100ad5,b0b8a724-7c65-4f07-8047-2a38e8100ad5,24UTFDE04,DISCIPLINE SPECIFIC ELECTIVE-II-APPAREL MANUFACTURING MACHINERIES AND EQUIPMENTS,7fb209a4-4211-4f5c-ab16-9f1acd884da9,create
b0b8a724-7c65-4f07-8047-2a38e8100ad5,b0b8a724-7c65-4f07-8047-2a38e8100ad5,24UTFDE05,DISCIPLINE SPECIFIC ELECTIVE-II-CARE AND MAINTENANCE OF TEXTILES,fb4420ee-7007-4dfe-8309-10afec6f6a49,create
b0b8a724-7c65-4f07-8047-2a38e8100ad5,b0b8a724-7c65-4f07-8047-2a38e8100ad5,24UTFDE06,DISCIPLINE SPECIFIC ELECTIVE-II-GARMENT ACCESSORIES AND TRIMS,b406224f-15a8-4c84-ade8-d9f880c5b5bf,create
b0b8a724-7c65-4f07-8047-2a38e8100ad5,b0b8a724-7c65-4f07-8047-2a38e8100ad5,24UTFDE07,DISCIPLINE SPECIFIC ELECTIVE-III-FASHION BUSINESS COMMUNICATION,9e4e1939-1edf-4b89-aec2-7aa13d1b5c8c,create
b0b8a724-7c65-4f07-8047-2a38e8100ad5,b0b8a724-7c65-4f07-8047-2a38e8100ad5,24UTFDE08,DISCIPLINE SPECIFIC ELECTIVE-III-BASICS OF COSMETOLOGY,1d9d51cf-a44f-467c-9952-fa75f93a3c19,create
b0b8a724-7c65-4f07-8047-2a38e8100ad5,b0b8a724-7c65-4f07-8047-2a38e8100ad5,24UTFDE09,DISCIPLINE SPECIFIC ELECTIVE-IV-COSTUMES AND TEXTILE OF INDIA,c607c0c9-b52d-48fc-8068-37e7c5b5d9a7,create
b0b8a724-7c65-4f07-8047-2a38e8100ad5,b0b8a724-7c65-4f07-8047-2a38e8100ad5,24UTFDE10,DISCIPLINE SPECIFIC ELECTIVE-IV-FASHION APPRECIATION,94066c02-4acf-4206-8732-74ef27ef475d,create
b0b8a724-7c65-4f07-8047-2a38e8100ad5,b0b8a724-7c65-4f07-8047-2a38e8100ad5,24UTFDE11,ORGANISATION OF GARMENT UNIT,6d338363-9799-4566-8e9f-1ca8cfaf0f0d,create
b0b8a724-7c65-4f07-8047-2a38e8100ad5,b0b8a724-7c65-4f07-8047-2a38e8100ad5,24UTFDE12,COMPUTER APPLICATION IN GARMENT DESIGNING,4ec87c60-8590-480c-9f70-062247eff33f,create
b0b8a724-7c65-4f07-8047-2a38e8100ad5,b0b8a724-7c65-4f07-8047-2a38e8100ad5,24UTFDE13,ENTREPRENEURSHIP DEVELOPEMNET,4002984d-bd87-4617-927f-de852bc42282,create
b0b8a724-7c65-4f07-8047-2a38e8100ad5,b0b8a724-7c65-4f07-8047-2a38e8100ad5,24UTFDE14,FASHION PHOTOGRAPHY,977ccd41-ae5a-47a9-bb8f-14d177e894b5,create
b0b8a724-7c65-4f07-8047-2a38e8100ad5,b0b8a724-7c65-4f07-8047-2a38e8100ad5,24UTFDE15,ECO TEXTILE,b2137d1a-d3f3-44f6-b267-bbc776c74a90,create
b0b8a724-7c65-4f07-8047-2a38e8100ad5,b0b8a724-7c65-4f07-8047-2a38e8100ad5,24UTFDE16,APPAREL PRODUCTION  MANAGEMENT,9917b990-8498-475b-afc7-2f86dd9385c0,create
b0b8a724-7c65-4f07-8047-2a38e8100ad5,b0b8a724-7c65-4f07-8047-2a38e8100ad5,24UTFDE17,TECHNICAL TEXTILES,d8fb0dd5-e213-48b9-8078-4e5fd5582f36,create
b0b8a724-7c65-4f07-8047-2a38e8100ad5,b0b8a724-7c65-4f07-8047-2a38e8100ad5,24UTFDE18,FASHION MARKETING,4f2c6b88-36a0-4eba-9dbf-aa83ae78edb5,create
b0b8a724-7c65-4f07-8047-2a38e8100ad5,b0b8a724-7c65-4f07-8047-2a38e8100ad5,24UTFDE19,INTERNATIONAL TRADE AND DOCUMENTATION,6c05ca3a-e036-4b48-931d-af0742a75074,create
b0b8a724-7c65-4f07-8047-2a38e8100ad5,b0b8a724-7c65-4f07-8047-2a38e8100ad5,24UTFDE20,INDUSTRIAL ENGINEERING,cc452c6e-c0a7-4dfd-9ad6-a4cc164a4082,create
b0b8a724-7c65-4f07-8047-2a38e8100ad5,b0b8a724-7c65-4f07-8047-2a38e8100ad5,24UTFDE21,APPAREL BRAND MANAGEMENT,9bdc8c1b-63a3-411b-9086-52f2f6f9d0ed,create
b0b8a724-7c65-4f07-8047-2a38e8100ad5,b0b8a724-7c65-4f07-8047-2a38e8100ad5,24UTFDEP01,DISCIPLINE SPECIFIC ELECTIVE-III-FASHION DRAPING PRACTICAL,4ac7a164-e93e-4e46-8694-90ab9341bbd6,create
b0b8a724-7c65-4f07-8047-2a38e8100ad5,b0b8a724-7c65-4f07-8047-2a38e8100ad5,24UTFDEP02,DISCIPLINE SPECIFIC ELECTIVE-IV-FASHION DESIGNING PRACTICAL,a61f233a-b6fd-4523-b13b-577a53ea5bca,create
b0b8a724-7c65-4f07-8047-2a38e8100ad5,b0b8a724-7c65-4f07-8047-2a38e8100ad5,24UTFDEP03,HOME TEXTILE PRACTICAL,bc7ed47e-8c4c-4a78-b48c-5dadefe43d15,create
b0b8a724-7c65-4f07-8047-2a38e8100ad5,b0b8a724-7c65-4f07-8047-2a38e8100ad5,24UTFDSE22,WARDROBE PLANNING AND STORE MANAGEMENT,791ed223-13ea-448c-bc98-24d38f7ec168,create
b0b8a724-7c65-4f07-8047-2a38e8100ad5,b0b8a724-7c65-4f07-8047-2a38e8100ad5,24UTFFP01,"SEC-I - FOUNDATION COURSE, BASIC ILLUSTRATION AND SKETCHING PRACTICAL",480264eb-c2d0-4ffc-8e5c-344369242845,create
b0b8a724-7c65-4f07-8047-2a38e8100ad5,b0b8a724-7c65-4f07-8047-2a38e8100ad5,24UTFNMP01,NME-I-E-DESIGNING PRACTICAL,beace26a-f985-4776-9360-c3a0aa91aac7,create
b0b8a724-7c65-4f07-8047-2a38e8100ad5,b0b8a724-7c65-4f07-8047-2a38e8100ad5,24UTFNMP02,NME-II-NEEDLE CRAFT AND FABRIC PAINTING PRACTICAL,b66e8fd9-cd53-4210-a0e8-50f60a2febec,create
b0b8a724-7c65-4f07-8047-2a38e8100ad5,b0b8a724-7c65-4f07-8047-2a38e8100ad5,24UTFS01,SEC-V-FASHION DESIGNING,2a6a0489-ea40-43a7-970b-e71316c72209,create
b0b8a724-7c65-4f07-8047-2a38e8100ad5,b0b8a724-7c65-4f07-8047-2a38e8100ad5,24UTFS02,SEC-VI-BOUTIQUE MANAGEMENT,eb6a2091-93c5-4391-abf4-2b1b634a22e2,create
b0b8a724-7c65-4f07-8047-2a38e8100ad5,b0b8a724-7c65-4f07-8047-2a38e8100ad5,24UTFSI01,INTERNSHIP PROJECT VIVA VOCE,1fabae02-67c6-4222-a413-ed376f9a14fe,create
b0b8a724-7c65-4f07-8047-2a38e8100ad5,b0b8a724-7c65-4f07-8047-2a38e8100ad5,24UTFSP01,SEC-II-BASIC PATTERN MAKING PRACTICAL,eb07a592-6d19-4656-8111-6b9611b1cfd7,create
b0b8a724-7c65-4f07-8047-2a38e8100ad5,b0b8a724-7c65-4f07-8047-2a38e8100ad5,24UTFSP02,SEC-III-BEAUTY CARE PRACTICAL,489d93a6-ff75-4a95-aa28-072d539bbb9f,create
b0b8a724-7c65-4f07-8047-2a38e8100ad5,b0b8a724-7c65-4f07-8047-2a38e8100ad5,24UTFSP03,SEC-IV-TEXTILE WET PROCESSING PRACTICAL,e57fd2d3-229e-482c-8c62-b61989b807ba,create
b0b8a724-7c65-4f07-8047-2a38e8100ad5,b0b8a724-7c65-4f07-8047-2a38e8100ad5,24UUCSDSE11,FUZZY LOGIC,dcfb5c70-ddcd-4954-9c58-b14dbb22df7b,create
b0b8a724-7c65-4f07-8047-2a38e8100ad5,b0b8a724-7c65-4f07-8047-2a38e8100ad5,24UVCC01,CORE-I-INTRODUCTION TO HUMAN COMMUNICATION,f46fe75d-0aab-4a8c-b353-82159ef13391,create
b0b8a724-7c65-4f07-8047-2a38e8100ad5,b0b8a724-7c65-4f07-8047-2a38e8100ad5,24UVCC02,CORE-II-VISUAL ARTS AND AESTHETICS,d8c83afa-9eaf-4c56-b6c2-f36cc3f58a4d,create
b0b8a724-7c65-4f07-8047-2a38e8100ad5,b0b8a724-7c65-4f07-8047-2a38e8100ad5,24UVCC03,CORE-III-UNDERSTANDING VISUAL COMMUNICATION,7caa6e27-6f54-413e-9c7d-6536f87db091,create
b0b8a724-7c65-4f07-8047-2a38e8100ad5,b0b8a724-7c65-4f07-8047-2a38e8100ad5,24UVCC04,CORE-V: MULTIMEDIA TECHNOLOGIES AND STANDARDS,b951be3a-c3a0-429f-b784-ca67bc3816e8,create
b0b8a724-7c65-4f07-8047-2a38e8100ad5,b0b8a724-7c65-4f07-8047-2a38e8100ad5,24UVCC05,CORE-VII-FILM APPRECIATION AND ANALYSIS(THEORY),e02ab739-22c8-4e38-9e81-5f6215ee298a,create
b0b8a724-7c65-4f07-8047-2a38e8100ad5,b0b8a724-7c65-4f07-8047-2a38e8100ad5,24UVCC06,ADVERTISING AND BRAND COMMUNICATION,ba35e7c3-dc23-4aef-801b-d04c3f355fb6,create
b0b8a724-7c65-4f07-8047-2a38e8100ad5,b0b8a724-7c65-4f07-8047-2a38e8100ad5,24UVCC07,USER EXPERIENCE DESIGN,19ab729e-7656-48ac-9055-15737210e1f1,create
b0b8a724-7c65-4f07-8047-2a38e8100ad5,b0b8a724-7c65-4f07-8047-2a38e8100ad5,24UVCC08,MEDIA CULTURE IN TAMIL NADU,b4f527a6-3242-4eed-acd8-868e912da033,create
b0b8a724-7c65-4f07-8047-2a38e8100ad5,b0b8a724-7c65-4f07-8047-2a38e8100ad5,24UVCC09,MEDIA ENTREPRENEURSHIP,6c3d0fbf-56bd-4016-9f12-f37ac2d53b20,create
b0b8a724-7c65-4f07-8047-2a38e8100ad5,b0b8a724-7c65-4f07-8047-2a38e8100ad5,24UVCCP01,CORE-IV-PHOTOGRAPHY AND VIDEOGRAPHY PRACTICAL,70c12bd1-dd36-4836-ad50-0691cd8defc5,create
b0b8a724-7c65-4f07-8047-2a38e8100ad5,b0b8a724-7c65-4f07-8047-2a38e8100ad5,24UVCCP02,CORE-VI-AUDIO-VISUAL EDITING(PRACTICAL),163f95c2-8668-4da6-bbcf-3706922cb533,create
b0b8a724-7c65-4f07-8047-2a38e8100ad5,b0b8a724-7c65-4f07-8047-2a38e8100ad5,24UVCCP03,CORE-VIII-ANIMATION AND CHARACTER DESIGN(PRACTICAL),e0fe1230-f556-45cc-9477-51d33e9b1de5,create
b0b8a724-7c65-4f07-8047-2a38e8100ad5,b0b8a724-7c65-4f07-8047-2a38e8100ad5,24UVCCP04,ADVANCED 3D TEXTURING AND SCULPTING,cfa39451-01ac-4f5a-97bd-98cd028efdd7,create
b0b8a724-7c65-4f07-8047-2a38e8100ad5,b0b8a724-7c65-4f07-8047-2a38e8100ad5,24UVCCP05,3D ENVIRONMENT DESIGN,b7b6b78a-e766-405d-9f1f-5dc6fae87582,create
b0b8a724-7c65-4f07-8047-2a38e8100ad5,b0b8a724-7c65-4f07-8047-2a38e8100ad5,24UVCCP06,EXTENDED REALITY DESIGN,ab7f43c2-63b9-4425-8978-e6a565b86852,create
b0b8a724-7c65-4f07-8047-2a38e8100ad5,b0b8a724-7c65-4f07-8047-2a38e8100ad5,24UVCDE05,IMMERSIVE MEDIA DESIGN,71f2efb3-a506-4e0e-a626-9868b9b4c3fc,create
b0b8a724-7c65-4f07-8047-2a38e8100ad5,b0b8a724-7c65-4f07-8047-2a38e8100ad5,24UVCDE06,CYBER SECURITY TRAINING FOR MEDIA PROFESSIONALS,27470c0c-ed65-4092-afd0-67298be1235a,create
b0b8a724-7c65-4f07-8047-2a38e8100ad5,b0b8a724-7c65-4f07-8047-2a38e8100ad5,24UVCDEP01,DISCIPLINE SPECIFIC ELECTIVE-I-GRAPHIC DESIGN AND TYPOGRAPHY PRACTICAL,0463899f-a65d-42d4-9aa1-fa53f58a3049,create
b0b8a724-7c65-4f07-8047-2a38e8100ad5,b0b8a724-7c65-4f07-8047-2a38e8100ad5,24UVCDEP02,DISCIPLINE SPECIFIC ELECTIVE-II-PUBLICATION DESIGN PRACTICAL,c8247e62-16ba-4664-b77c-8d537231fc3b,create
b0b8a724-7c65-4f07-8047-2a38e8100ad5,b0b8a724-7c65-4f07-8047-2a38e8100ad5,24UVCDEP03,DISCIPLINE SPECIFIC ELECTIVE-III-2D AND 3D MODELLING(PRACTICAL),0c78703c-d7da-4ed1-8c66-7c552ec52871,create
b0b8a724-7c65-4f07-8047-2a38e8100ad5,b0b8a724-7c65-4f07-8047-2a38e8100ad5,24UVCDEP04,DISCIPLINE SPECIFIC ELECTIVE-COMPOSITING AND VISUAL EFFECTS(PRACTICAL),f045a114-b659-4d41-8fb8-7ea7394e797b,create
b0b8a724-7c65-4f07-8047-2a38e8100ad5,b0b8a724-7c65-4f07-8047-2a38e8100ad5,24UVCDEP05,SHORT FILMMAKING (FICTION OR NON-FICTION),e7398162-c2cf-493b-ac80-0bfd34a803c9,create
b0b8a724-7c65-4f07-8047-2a38e8100ad5,b0b8a724-7c65-4f07-8047-2a38e8100ad5,24UVCDEP06,CAPSTONE PROJECT,e0328e77-7a40-4ff6-9c18-7f61f4af613f,create
b0b8a724-7c65-4f07-8047-2a38e8100ad5,b0b8a724-7c65-4f07-8047-2a38e8100ad5,24UVCFP01,"SEC-I-FOUNDATION COURSE, DIGITAL DRAWING AND PAINTING PRACTICAL",dd869f48-f785-451c-bf53-7a507047bde2,create
b0b8a724-7c65-4f07-8047-2a38e8100ad5,b0b8a724-7c65-4f07-8047-2a38e8100ad5,24UVCNM01,NME-II-DIGITAL PHOTOGRAPHY,b2e3df32-3a28-43e2-964b-b96440b26b9f,create
b0b8a724-7c65-4f07-8047-2a38e8100ad5,b0b8a724-7c65-4f07-8047-2a38e8100ad5,24UVCNM02,NME-II-FILM STUDIES,750e83f7-55bf-448f-8d5f-fe5aa44d8933,create
b0b8a724-7c65-4f07-8047-2a38e8100ad5,b0b8a724-7c65-4f07-8047-2a38e8100ad5,24UVCNMP01,NME-I-DIGITAL STORYTELLING AND SCRIPTWRITING PRACTICAL,a75a0509-903b-471f-93ea-5d113911430e,create
b0b8a724-7c65-4f07-8047-2a38e8100ad5,b0b8a724-7c65-4f07-8047-2a38e8100ad5,24UVCS04,SEC-III: DESIGN THINKING,8b214bab-115b-4a18-9219-cf16b764e80a,create
b0b8a724-7c65-4f07-8047-2a38e8100ad5,b0b8a724-7c65-4f07-8047-2a38e8100ad5,24UVCSEC03,SEC-IV-DESIGN THINKING(THEORY),ce933d44-c7dc-4830-9d68-93f9caf5607c,create
b0b8a724-7c65-4f07-8047-2a38e8100ad5,b0b8a724-7c65-4f07-8047-2a38e8100ad5,24UVCSP01,SEC-I-IMAGE EDITING AND COLOR MANAGEMENT PRACTICAL,a6a472d8-8786-4b9c-8219-e5299024a357,create
b0b8a724-7c65-4f07-8047-2a38e8100ad5,b0b8a724-7c65-4f07-8047-2a38e8100ad5,24UVCSP02,SEC-V-MULTIMEDIA CONTENT PACKAGING(PRACTICAL),b1ae5acc-376e-4aeb-83d2-27738747ce97,create
b0b8a724-7c65-4f07-8047-2a38e8100ad5,b0b8a724-7c65-4f07-8047-2a38e8100ad5,24UVCSP03,SEC-III-SCRIPT WRTING AND STORY BOARD DEVELOPMENT(PRACTICAL),2655cf3f-8c09-4adb-bdce-d31386b60abb,create
b0b8a724-7c65-4f07-8047-2a38e8100ad5,b0b8a724-7c65-4f07-8047-2a38e8100ad5,24UVCSP04,SEC-IV-DIGITAL SKILLS FOR EMPLOTABILITY-LEARNING PATHWAY-MICROSOFT OFFICE FUNDAMENTALS AND LINKEDIN CAREER ESSENTIALS(PRACTICAL),2b0f07a0-1738-4a77-a94f-0db455cd1d8a,create
b0b8a724-7c65-4f07-8047-2a38e8100ad5,b0b8a724-7c65-4f07-8047-2a38e8100ad5,24UVD01,VALUE EDUCATION : YOGA,6bccfa17-acc8-47ce-bf16-8957e325a7cd,create
b0b8a724-7c65-4f07-8047-2a38e8100ad5,b0b8a724-7c65-4f07-8047-2a38e8100ad5,24UVE01,VALUE EDUCATION,d9a6d61e-362b-4617-b6ae-7391c19a7715,create
b0b8a724-7c65-4f07-8047-2a38e8100ad5,b0b8a724-7c65-4f07-8047-2a38e8100ad5,24UVED01,VALUE EDUCATION- YOGA,92e4d544-7cc0-4544-aa58-a1057f607438,create
b0b8a724-7c65-4f07-8047-2a38e8100ad5,b0b8a724-7c65-4f07-8047-2a38e8100ad5,24UZOC01,CORE-I-INVERTEBRATA-I,d2babc58-0a41-4c08-8547-411bddb6fc2b,create
b0b8a724-7c65-4f07-8047-2a38e8100ad5,b0b8a724-7c65-4f07-8047-2a38e8100ad5,24UZOC02,CORE-II-INVERTEBRATA-II,ba037896-72d5-4a22-9424-c7c46f98a5e5,create
b0b8a724-7c65-4f07-8047-2a38e8100ad5,b0b8a724-7c65-4f07-8047-2a38e8100ad5,24UZOC03,CORE-III-CHORDATA ,182835a1-6495-4eef-b6a2-77b130f1e439,create
b0b8a724-7c65-4f07-8047-2a38e8100ad5,b0b8a724-7c65-4f07-8047-2a38e8100ad5,24UZOC04,CORE-IV-CELL BIOLOGY,def30b29-d06b-4b27-9559-77c12cb67e2c,create
b0b8a724-7c65-4f07-8047-2a38e8100ad5,b0b8a724-7c65-4f07-8047-2a38e8100ad5,24UZOC05,CORE-V-GENETICS,e5d08950-2385-4594-b843-74551963368c,create
b0b8a724-7c65-4f07-8047-2a38e8100ad5,b0b8a724-7c65-4f07-8047-2a38e8100ad5,24UZOC06,CORE-VI-DEVELOPMENTAL BIOLOGY,ad89aa0f-e9e2-4c6d-8984-4602d4c9c872,create
b0b8a724-7c65-4f07-8047-2a38e8100ad5,b0b8a724-7c65-4f07-8047-2a38e8100ad5,24UZOC07,EVOLUTIONARY BIOLOGY,8acbe85c-6207-49d3-b43f-2647bbac7590,create
b0b8a724-7c65-4f07-8047-2a38e8100ad5,b0b8a724-7c65-4f07-8047-2a38e8100ad5,24UZOC08,ANIMAL PHYSIOLOGY,c723ee20-20e1-4218-a7b2-ee71f353253f,create
b0b8a724-7c65-4f07-8047-2a38e8100ad5,b0b8a724-7c65-4f07-8047-2a38e8100ad5,24UZOC09,ENVIRONMENTAL BIOLOGY,be881781-6809-48a8-a26f-4e8de7b0cbed,create
b0b8a724-7c65-4f07-8047-2a38e8100ad5,b0b8a724-7c65-4f07-8047-2a38e8100ad5,24UZOC10,ANIMAL BIOTECHNOLOGY,fa430698-9d60-41d4-8ccc-dba9726d24bb,create
b0b8a724-7c65-4f07-8047-2a38e8100ad5,b0b8a724-7c65-4f07-8047-2a38e8100ad5,24UZOC11,MICROBIOLOGY,0f431a1e-1249-40a2-b780-2884ce170c56,create
b0b8a724-7c65-4f07-8047-2a38e8100ad5,b0b8a724-7c65-4f07-8047-2a38e8100ad5,24UZOC12,IMMUNOLOGY,7f1741ca-10b9-4949-a1d2-4347c33fc276,create
b0b8a724-7c65-4f07-8047-2a38e8100ad5,b0b8a724-7c65-4f07-8047-2a38e8100ad5,24UZOCP01,CORE LAB-I-INVERTEBRATA AND CHORDATA,be069aed-42a5-4609-82e8-e2d0d598fa92,create
b0b8a724-7c65-4f07-8047-2a38e8100ad5,b0b8a724-7c65-4f07-8047-2a38e8100ad5,24UZOCP01A,CORE LAB-I INVERTEBRATA AND CHORDATA,e33c9184-5301-474a-bcb3-27b5de27b15b,create
b0b8a724-7c65-4f07-8047-2a38e8100ad5,b0b8a724-7c65-4f07-8047-2a38e8100ad5,24UZOCP02,"CORE LAB COURSE-II CELL BIOLOGY, GENETICS AND DEVELOPMENTAL BIOLOGY",317b3535-7d0f-4639-8436-8431cbc5c3eb,create
b0b8a724-7c65-4f07-8047-2a38e8100ad5,b0b8a724-7c65-4f07-8047-2a38e8100ad5,24UZOCP02A,"CORE LAB COURSE-II CELL BIOLOGY, GENETICS AND DEVELOPMENTAL BIOLOGY",23d15282-d2c9-4d0a-9a68-7c4706140f11,create
b0b8a724-7c65-4f07-8047-2a38e8100ad5,b0b8a724-7c65-4f07-8047-2a38e8100ad5,24UZOCP03,"EVOLUTIONARY BIOLOGY,  ANIMAL  PHYSIOLOGY, ENVIRONMENTAL BIOLOGY AND MLT",aac0ffbc-604c-4add-8614-fb062125f669,create
b0b8a724-7c65-4f07-8047-2a38e8100ad5,b0b8a724-7c65-4f07-8047-2a38e8100ad5,24UZOCP04,ANIMAL BIOTECHNOLOGY MICROBIOLOGY AND IMMUNOLOGY,637895a3-fc5d-48f9-b968-499ec6231abe,create
b0b8a724-7c65-4f07-8047-2a38e8100ad5,b0b8a724-7c65-4f07-8047-2a38e8100ad5,24UZOE01,AGRICULTURAL ENTOMOLOGY,231f2434-2de4-443f-beb3-9d24fee387a5,create
b0b8a724-7c65-4f07-8047-2a38e8100ad5,b0b8a724-7c65-4f07-8047-2a38e8100ad5,24UZOE02,MEDICAL LABORATORY TECHNIQUES,f64d20e3-4b88-4b06-adf7-27ed711bc7e0,create
b0b8a724-7c65-4f07-8047-2a38e8100ad5,b0b8a724-7c65-4f07-8047-2a38e8100ad5,24UZOFC1,FOUNDATION COURSE-ECONOMIC ZOOLOGY,d32ca41d-a66e-4bc7-9ba3-e5d54a1d66fe,create
b0b8a724-7c65-4f07-8047-2a38e8100ad5,b0b8a724-7c65-4f07-8047-2a38e8100ad5,24UZOGE01,GENERIC ELECTIVE ZOOLOGY-I,e8b6fa90-4a35-4e41-b8e7-046259621476,create
b0b8a724-7c65-4f07-8047-2a38e8100ad5,b0b8a724-7c65-4f07-8047-2a38e8100ad5,24UZOGE02,GENERIC ELECTIVE ZOOLOGY-II,717e8ae9-da88-4e51-9d57-4e22e260ce14,create
b0b8a724-7c65-4f07-8047-2a38e8100ad5,b0b8a724-7c65-4f07-8047-2a38e8100ad5,24UZOGE1,GENERIC ELECTIVE ZOOLOGY-I,e8430b8d-2cbc-4237-9c4d-02dc84b40dfa,create
b0b8a724-7c65-4f07-8047-2a38e8100ad5,b0b8a724-7c65-4f07-8047-2a38e8100ad5,24UZOGE2,GENERIC ELECTIVE ZOOLOGY-II,ad5d1ba1-076b-40f2-91c7-48409fc7f801,create
b0b8a724-7c65-4f07-8047-2a38e8100ad5,b0b8a724-7c65-4f07-8047-2a38e8100ad5,24UZOGEP01,GENERIC ELECTIVE ZOOLOGY  PRACTICAL,61746d25-23d8-4ff5-ac2c-9d9b084b059b,create
b0b8a724-7c65-4f07-8047-2a38e8100ad5,b0b8a724-7c65-4f07-8047-2a38e8100ad5,24UZOGEP01A,GENERIC ELECTIVE ZOOLOGY PRACTICAL,d702d5c5-9880-4b54-9508-bca6358d2913,create
b0b8a724-7c65-4f07-8047-2a38e8100ad5,b0b8a724-7c65-4f07-8047-2a38e8100ad5,24UZOIN01,INTERNSHIP,35a4b019-4d3c-40c6-a583-bb312861cc38,create
b0b8a724-7c65-4f07-8047-2a38e8100ad5,b0b8a724-7c65-4f07-8047-2a38e8100ad5,24UZONM1,NME-I-ANIMAL BEHAVIOR,e1932f21-1944-4fe2-9c75-bef2140ff859,create
b0b8a724-7c65-4f07-8047-2a38e8100ad5,b0b8a724-7c65-4f07-8047-2a38e8100ad5,24UZONM2,NME-I-SERICULTURE,eb93462e-f59c-48fb-94b0-5e6d8b86ac03,create
b0b8a724-7c65-4f07-8047-2a38e8100ad5,b0b8a724-7c65-4f07-8047-2a38e8100ad5,24UZONM3,NME-II-WILDLIFE CONSERVATION AND MANAGEMENT,7605f808-727d-4a71-bd6a-be0edb8b1886,create
b0b8a724-7c65-4f07-8047-2a38e8100ad5,b0b8a724-7c65-4f07-8047-2a38e8100ad5,24UZONM4,NME-II-APICULTURE,b235c5f0-3a12-4619-8bad-7b5c18e9b1cb,create
b0b8a724-7c65-4f07-8047-2a38e8100ad5,b0b8a724-7c65-4f07-8047-2a38e8100ad5,24UZOPCS1,EMPLOYABILITY READINESS,3f6fea5b-4f7d-482e-b942-bceff0194688,create
b0b8a724-7c65-4f07-8047-2a38e8100ad5,b0b8a724-7c65-4f07-8047-2a38e8100ad5,24UZOS01,SEC-I-BASICS OF MARINE BIOLOGY,1cda8dd8-353b-49c3-9397-e616e2e76af6,create
b0b8a724-7c65-4f07-8047-2a38e8100ad5,b0b8a724-7c65-4f07-8047-2a38e8100ad5,24UZOS02,SEC-II-AQUARIUM KEEPING,35549b4b-2005-4c33-957b-6d241ed48447,create
b0b8a724-7c65-4f07-8047-2a38e8100ad5,b0b8a724-7c65-4f07-8047-2a38e8100ad5,24UZOS03,SEC-III-BIOCOMPSITING FOR ENTREPRENEURSHIP,a8c4306c-8d7f-4ec1-8d0c-ddeba0c38444,create
b0b8a724-7c65-4f07-8047-2a38e8100ad5,b0b8a724-7c65-4f07-8047-2a38e8100ad5,24UZOS04,SEC-III-ZOOLOGICAL CONCEPTS IN INDIAN KNOWLEDGE SYSTEMS,56a85bc6-7c80-45f3-bfcc-2096c3e4ad45,create
b0b8a724-7c65-4f07-8047-2a38e8100ad5,b0b8a724-7c65-4f07-8047-2a38e8100ad5,24UZOS05,"SKILL ENHANCEMENT COURSE-SEC-IV-FOOD, NUTRITION AND HEALTH",adaf7aa7-30e2-4e77-967b-338f114090d6,create
b0b8a724-7c65-4f07-8047-2a38e8100ad5,b0b8a724-7c65-4f07-8047-2a38e8100ad5,24UZOS06,SKILL ENHANCEMENT COURSE-SEC-V-ONAMENTAL FISH FARMING AND MANAGEMENT,8d0cfeca-c06f-4808-9802-df0eea6d3517,create
b0b8a724-7c65-4f07-8047-2a38e8100ad5,b0b8a724-7c65-4f07-8047-2a38e8100ad5,25PDAC01,CORE-I-DISCRIPTIVE STATISTICS,8f915414-e65a-44cb-9900-cdba6601330f,create
b0b8a724-7c65-4f07-8047-2a38e8100ad5,b0b8a724-7c65-4f07-8047-2a38e8100ad5,25PDAC02,CORE-II-FOUNDATIONS OF DATA SICENCE,1510b2b3-1715-4322-b1c7-c7f15e72c053,create
b0b8a724-7c65-4f07-8047-2a38e8100ad5,b0b8a724-7c65-4f07-8047-2a38e8100ad5,25PDAC03,CORE-III-LINEAR ALGEBRA,48bf554d-7571-45f4-9bc4-447d493b1347,create
b0b8a724-7c65-4f07-8047-2a38e8100ad5,b0b8a724-7c65-4f07-8047-2a38e8100ad5,25PDAC04,CORE-IV-MACHINE LEARNING,1c67d61e-7eed-4755-8004-fe32e45a199a,create
b0b8a724-7c65-4f07-8047-2a38e8100ad5,b0b8a724-7c65-4f07-8047-2a38e8100ad5,25PDAC05,CORE-V-BIG DATA FRAMEWORK,ce2899a4-a8b7-4d08-9c50-a1f7c26282ef,create
b0b8a724-7c65-4f07-8047-2a38e8100ad5,b0b8a724-7c65-4f07-8047-2a38e8100ad5,25PDAC06,BIG DATA WITH SPARK AND HIVE,58918721-f16e-492e-b5ef-52099aa8a01d,create
b0b8a724-7c65-4f07-8047-2a38e8100ad5,b0b8a724-7c65-4f07-8047-2a38e8100ad5,25PDAC07,APPLIED STATISTICS,69c30d9c-7fde-4960-a0e9-108cb75bbc0f,create
b0b8a724-7c65-4f07-8047-2a38e8100ad5,b0b8a724-7c65-4f07-8047-2a38e8100ad5,25PDAC08,DATA MINING,5b72e9c0-05bf-4b3b-9dc6-2390b0aab133,create
b0b8a724-7c65-4f07-8047-2a38e8100ad5,b0b8a724-7c65-4f07-8047-2a38e8100ad5,25PDAC09,RESEARCH METHODOLOGY,87dbc365-3edc-44c5-b900-3bf9ec9b965f,create
b0b8a724-7c65-4f07-8047-2a38e8100ad5,b0b8a724-7c65-4f07-8047-2a38e8100ad5,25PDAC10,CLOUD COMPUTING,7b299e9d-56fd-4e4f-8a4f-9492cb16bfc2,create
b0b8a724-7c65-4f07-8047-2a38e8100ad5,b0b8a724-7c65-4f07-8047-2a38e8100ad5,25PDAC11,CYBER SECURITY,e903a345-7475-46a6-9652-9eae7ad5d4ef,create
b0b8a724-7c65-4f07-8047-2a38e8100ad5,b0b8a724-7c65-4f07-8047-2a38e8100ad5,25PDACP01,LAB-I-ORACLE AND SQL LAB,b713b280-a6e9-4cd3-9178-4d697a594000,create
b0b8a724-7c65-4f07-8047-2a38e8100ad5,b0b8a724-7c65-4f07-8047-2a38e8100ad5,25PDACP02,"LAB-II-DATA ANALYTICS LAB-I(R,SPSS,SCI LAB)",4fa66eb5-52f8-431c-b923-46adaed05585,create
b0b8a724-7c65-4f07-8047-2a38e8100ad5,b0b8a724-7c65-4f07-8047-2a38e8100ad5,25PDACP03,"LAB-III-DATA ANALYTICS LAB-II-(HADOOP, MAP REDUCE & R,SPSS)",05d6c571-558a-45cf-a715-40ccb0d07e8e,create
b0b8a724-7c65-4f07-8047-2a38e8100ad5,b0b8a724-7c65-4f07-8047-2a38e8100ad5,25PDACP04,LAB-IV-MACHINE LEARNING AND PYTHON LAB,f1150ff7-8e3f-475a-8c56-ff1d6232d035,create
b0b8a724-7c65-4f07-8047-2a38e8100ad5,b0b8a724-7c65-4f07-8047-2a38e8100ad5,25PDACP05,"DATA ANALYTICS LAB III   (SPARK, HIVE)",ee0c6d6a-af0b-4b12-b475-19612716f333,create
b0b8a724-7c65-4f07-8047-2a38e8100ad5,b0b8a724-7c65-4f07-8047-2a38e8100ad5,25PDACP06,DATA MINING AND VISUALIZATION LAB,e3815303-91b2-47b3-806e-e846754325cf,create
b0b8a724-7c65-4f07-8047-2a38e8100ad5,b0b8a724-7c65-4f07-8047-2a38e8100ad5,25PDAE01,ELECTIVE-I-DATA STRUCTURES,6087ba71-ec64-4027-912c-f2f7a709d28e,create
b0b8a724-7c65-4f07-8047-2a38e8100ad5,b0b8a724-7c65-4f07-8047-2a38e8100ad5,25PDAE02,ELECTIVE-I-INFORMATION RETRIEVAL,087e1e6f-6e7f-425b-a69f-91b354a91af8,create
b0b8a724-7c65-4f07-8047-2a38e8100ad5,b0b8a724-7c65-4f07-8047-2a38e8100ad5,25PDAE03,ELECTIVE-II-RDBMS AND SQL,e8492125-efdc-41d9-afda-7ff1e712c255,create
b0b8a724-7c65-4f07-8047-2a38e8100ad5,b0b8a724-7c65-4f07-8047-2a38e8100ad5,25PDAE04,ELECTIVE-II-INFORMATION SECURITY,5e7809e1-0b09-4091-9c74-35b19eb9f5f0,create
b0b8a724-7c65-4f07-8047-2a38e8100ad5,b0b8a724-7c65-4f07-8047-2a38e8100ad5,25PDAE05,ELECTIVE-III-DATA SCIENCE WITH PYTHON,b82e021a-312b-4ccb-bd24-096948029590,create
b0b8a724-7c65-4f07-8047-2a38e8100ad5,b0b8a724-7c65-4f07-8047-2a38e8100ad5,25PDAE06,ELECTIVE-III-WEB DATA ANALYTICS,cec5d4f8-0d1c-4d16-9826-3098af67bd0b,create
b0b8a724-7c65-4f07-8047-2a38e8100ad5,b0b8a724-7c65-4f07-8047-2a38e8100ad5,25PDAE07,ELECTIVE-IV-SOCIAL MEDIA ANALYTICS,1a8d7c73-70bd-4858-a699-225256fe9760,create
b0b8a724-7c65-4f07-8047-2a38e8100ad5,b0b8a724-7c65-4f07-8047-2a38e8100ad5,25PDAE08,ELECTIVE-IV-CUSTOMER ANALYTICS,f8ac6f73-967a-4714-8981-c4275d72068b,create
b0b8a724-7c65-4f07-8047-2a38e8100ad5,b0b8a724-7c65-4f07-8047-2a38e8100ad5,25PDAE09,BUSINESS ANALYTICS,904e0a2b-860a-427e-8f95-d9778d46069b,create
b0b8a724-7c65-4f07-8047-2a38e8100ad5,b0b8a724-7c65-4f07-8047-2a38e8100ad5,25PDAE10,MARKETING ANALYTICS,790cfcd5-c0fb-4b0e-8847-28318f76fa9f,create
b0b8a724-7c65-4f07-8047-2a38e8100ad5,b0b8a724-7c65-4f07-8047-2a38e8100ad5,25PDAED1,EXTRA DISCIPLINARY COURSE [EDC] – I PRINCIPLES OF INFORMATION TECNOLOGY,bf821223-3996-4e68-a177-bd716a149d58,create
b0b8a724-7c65-4f07-8047-2a38e8100ad5,b0b8a724-7c65-4f07-8047-2a38e8100ad5,25PDAED2,EXTRA DISCIPLINARY COURSE [EDC] – II FUNDAMENTALS OF COMPUTERS AND COMMUNICATIONS,ec6fdf39-d3b9-49bd-90b0-6f49ac2b00ac,create
b0b8a724-7c65-4f07-8047-2a38e8100ad5,b0b8a724-7c65-4f07-8047-2a38e8100ad5,25PDAED3,EXTRA DISCIPLINARY COURSE [EDC] – I E-COMMERCE,e647bbaf-a2d7-462d-bca8-1e3a9a8d3c06,create
b0b8a724-7c65-4f07-8047-2a38e8100ad5,b0b8a724-7c65-4f07-8047-2a38e8100ad5,25PDAED4,EXTRA DISCIPLINARY COURSE [EDC] – I ADVANCEMETS IN INDUSTRY 4.0,e56714eb-bd91-4aa6-853b-995a69713fc1,create
b0b8a724-7c65-4f07-8047-2a38e8100ad5,b0b8a724-7c65-4f07-8047-2a38e8100ad5,25PDAEP01,CLOUD COMPUTING – LAB,eb34483e-774e-4500-8765-45631a1f5c3f,create
b0b8a724-7c65-4f07-8047-2a38e8100ad5,b0b8a724-7c65-4f07-8047-2a38e8100ad5,25PDAEP02,DIGITAL IMAGE PROCESSING LAB USING MATLAB,62ab757e-4580-48ea-bbd8-5898ddd83bcc,create
b0b8a724-7c65-4f07-8047-2a38e8100ad5,b0b8a724-7c65-4f07-8047-2a38e8100ad5,25PDASECP01,DATA VISUALIZATION LAB/,f0b5b78d-3e2c-4ff0-8745-2cd0cc066524,create
b0b8a724-7c65-4f07-8047-2a38e8100ad5,b0b8a724-7c65-4f07-8047-2a38e8100ad5,25PDASECP02,SOFT SKILL DEVELOPMENT LAB,204adc84-6448-4cec-add4-f38cdb5a35a1,create
b0b8a724-7c65-4f07-8047-2a38e8100ad5,b0b8a724-7c65-4f07-8047-2a38e8100ad5,25PENC03,CORE-III-ENGLISH FICTION,b9989818-d7d3-42a3-b5e6-e967b5e6bef6,create
b0b8a724-7c65-4f07-8047-2a38e8100ad5,b0b8a724-7c65-4f07-8047-2a38e8100ad5,25PENE01,Elective-I: Indian Writing in English,d7b5fe9d-3027-407d-bfff-5e48ec78454a,create
b0b8a724-7c65-4f07-8047-2a38e8100ad5,b0b8a724-7c65-4f07-8047-2a38e8100ad5,25PHR001,FUNDAMENTAL STUDY OF HUMAN RIGHTS,ff8cc71c-f588-4b77-98d2-b7761b07d087,create
b0b8a724-7c65-4f07-8047-2a38e8100ad5,b0b8a724-7c65-4f07-8047-2a38e8100ad5,25PZOC03,CELL AND MOLECULAR BIOLOGY,e0c320c1-eb67-4618-a6d7-8f82551e8e42,create
b0b8a724-7c65-4f07-8047-2a38e8100ad5,b0b8a724-7c65-4f07-8047-2a38e8100ad5,25PZOE03,ELECTIVE II- BIOSTATISTICS,936c0991-f8d7-4654-91a1-4ed3d6d6a30a,create
b0b8a724-7c65-4f07-8047-2a38e8100ad5,b0b8a724-7c65-4f07-8047-2a38e8100ad5,25PZOE06,ELECTIVE III- MEDICAL PARASITOLOGY,618514ee-af21-4005-9e1b-5422bf6d202a,create
b0b8a724-7c65-4f07-8047-2a38e8100ad5,b0b8a724-7c65-4f07-8047-2a38e8100ad5,25PZOE07,RESEARCH METHODOLOGY,64e28852-2545-4fda-a940-58e512a8d4b3,create
b0b8a724-7c65-4f07-8047-2a38e8100ad5,b0b8a724-7c65-4f07-8047-2a38e8100ad5,25PZOP01,INVERTEBRATES AND VERTEBRATES,5de0bc43-ce70-4229-854a-dd9ca01a84af,create
b0b8a724-7c65-4f07-8047-2a38e8100ad5,b0b8a724-7c65-4f07-8047-2a38e8100ad5,25PZOP02,CELL BIOLOGY AND DEVELOPMENTAL BIOLOGY,7242090c-85af-4bc9-bf29-7c19cd759a87,create
b0b8a724-7c65-4f07-8047-2a38e8100ad5,b0b8a724-7c65-4f07-8047-2a38e8100ad5,25UBAS02,SEC-II-BUSINESS ETIQUETTE AND CORPORATE GROOMING,6b540235-3ff8-45e3-a38c-c5146c3f2e0d,create
b0b8a724-7c65-4f07-8047-2a38e8100ad5,b0b8a724-7c65-4f07-8047-2a38e8100ad5,25UCCS02,SEC-II-INDUSTRIAL LAW,ee151b3d-8b74-4bc8-8c5d-f8e977cde258,create
b0b8a724-7c65-4f07-8047-2a38e8100ad5,b0b8a724-7c65-4f07-8047-2a38e8100ad5,25UCHS02,SEC-II-COSMETICS AND PERSONAL CARE PRODUCTS,5b80653a-20cb-49e2-b3ab-d51736876977,create
b0b8a724-7c65-4f07-8047-2a38e8100ad5,b0b8a724-7c65-4f07-8047-2a38e8100ad5,25UCMS02,SEC-II-INDUSTRIAL LAW,21d82eb1-4010-4e94-bc08-35d4a5eadfbb,create
b0b8a724-7c65-4f07-8047-2a38e8100ad5,b0b8a724-7c65-4f07-8047-2a38e8100ad5,25UCSS02,SEC-II-INTRODUCTION TO HTML,dc3dae02-1775-4528-b8e8-10ef8da7ee86,create
b0b8a724-7c65-4f07-8047-2a38e8100ad5,b0b8a724-7c65-4f07-8047-2a38e8100ad5,25UDIM01,DISASTER MANAGEMENT,b186fc99-bdf5-408c-a309-3ddca2804180,create
b0b8a724-7c65-4f07-8047-2a38e8100ad5,b0b8a724-7c65-4f07-8047-2a38e8100ad5,25UENS02,SEC-II-DIGITAL LITERACY AND CONCEPTS,a4706abe-8451-4b88-824a-0dc7fbd7ae8f,create
b0b8a724-7c65-4f07-8047-2a38e8100ad5,b0b8a724-7c65-4f07-8047-2a38e8100ad5,25UHIS02,SEC-II INDIAN CONSTITUTION,71f63077-9e30-435b-ab9e-b3c84eeb4fad,create
b0b8a724-7c65-4f07-8047-2a38e8100ad5,b0b8a724-7c65-4f07-8047-2a38e8100ad5,25UMAS02,SEC-II COMPUTATIONAL MATHEMATICS,d97ed1ea-326d-4f9b-9ae0-2336d34da299,create
b0b8a724-7c65-4f07-8047-2a38e8100ad5,b0b8a724-7c65-4f07-8047-2a38e8100ad5,25UMBSE01,SEC-I-SERICULTURE ,335b8a7e-0ec6-4e21-8a4c-463dd03cc3d6,create
b0b8a724-7c65-4f07-8047-2a38e8100ad5,b0b8a724-7c65-4f07-8047-2a38e8100ad5,25UPHS01,SEC-I-INSTRUMENTATION,3a34d70f-e917-4b0f-9034-b794d7e26c6d,create
b0b8a724-7c65-4f07-8047-2a38e8100ad5,b0b8a724-7c65-4f07-8047-2a38e8100ad5,25UTFSP01,SEC-II-BASIC PATTERN MAKING PRACTICAL,e2f4ba6b-7306-46b6-a641-2d828165b983,create
b0b8a724-7c65-4f07-8047-2a38e8100ad5,b0b8a724-7c65-4f07-8047-2a38e8100ad5,25UVCSP01,SEC-I-IMAGE EDITING AND COLOUR MANAGEMENT PRACTICAL,b7ec4a26-85f3-493b-963e-38269fbdf0fe,create
b0b8a724-7c65-4f07-8047-2a38e8100ad5,b0b8a724-7c65-4f07-8047-2a38e8100ad5,25UZOCP01,"CORE LAB I, INVERTEBRATA",bbe3fa75-9cc8-4ea8-88dd-d4d8cf9b3693,create
b0b8a724-7c65-4f07-8047-2a38e8100ad5,b0b8a724-7c65-4f07-8047-2a38e8100ad5,25UZOCP02,CORE LAB-II CHORDATA,b6bf8482-8d00-4c80-9737-ac6859b86670,create
b0b8a724-7c65-4f07-8047-2a38e8100ad5,b0b8a724-7c65-4f07-8047-2a38e8100ad5,25UZOS01,SEC-I BASICS OF MARINE BIOLOGY,04af78cf-f9ad-4fd6-80ef-094f55a86c78,create
b0b8a724-7c65-4f07-8047-2a38e8100ad5,b0b8a724-7c65-4f07-8047-2a38e8100ad5,26PCHC04,PHYSICAL CHEMISTRY-I,6081c992-684a-49d3-8d86-dea184b6daeb,create
b0b8a724-7c65-4f07-8047-2a38e8100ad5,b0b8a724-7c65-4f07-8047-2a38e8100ad5,26PENC11,TWENTY FIRST CENTURY MILLENNIAL LITERATURE,be373162-055d-4e93-b211-09957c9f87f0,create
b0b8a724-7c65-4f07-8047-2a38e8100ad5,b0b8a724-7c65-4f07-8047-2a38e8100ad5,26PENC12,SUBALTERN STUDIES,f1c51a2c-d910-4bf1-9091-162811665782,create
b0b8a724-7c65-4f07-8047-2a38e8100ad5,b0b8a724-7c65-4f07-8047-2a38e8100ad5,26PENPR1,PROJECT WITH VIVA-VOCE,9d49322e-c40c-4e49-96c2-fd8f96eee119,create
b0b8a724-7c65-4f07-8047-2a38e8100ad5,b0b8a724-7c65-4f07-8047-2a38e8100ad5,26PZOC02,COMPARATIVE ANATOMY OF VERTEBRATES,27277fe5-a5d4-4b18-bd16-0b67ed7a61c9,create
b0b8a724-7c65-4f07-8047-2a38e8100ad5,b0b8a724-7c65-4f07-8047-2a38e8100ad5,26PZOC03,CELL AND MOLECULAR BIOLOGY,2184387d-6a82-4952-97db-5f7adb3ba28d,create
b0b8a724-7c65-4f07-8047-2a38e8100ad5,b0b8a724-7c65-4f07-8047-2a38e8100ad5,26PZOC04,DEVELOPMENTAL BIOLOGY,99237768-f8e7-4bd5-b9c4-1bf293cef3ba,create
b0b8a724-7c65-4f07-8047-2a38e8100ad5,b0b8a724-7c65-4f07-8047-2a38e8100ad5,26PZOCP01,INVERTEBRATES AND VERTEBRATES,c486d71b-5236-460b-9a87-27f857bed82c,create
b0b8a724-7c65-4f07-8047-2a38e8100ad5,b0b8a724-7c65-4f07-8047-2a38e8100ad5,26PZOCP02,CELL BIOLOGY AND DEVELOPMENTAL BIOLOGY,20df1700-6573-497d-b090-d9191edbaee1,create
b0b8a724-7c65-4f07-8047-2a38e8100ad5,b0b8a724-7c65-4f07-8047-2a38e8100ad5,26PZOE03,BIOSTATISTICS,eaeffaea-eb67-422e-a2c5-96de2547676e,create
b0b8a724-7c65-4f07-8047-2a38e8100ad5,b0b8a724-7c65-4f07-8047-2a38e8100ad5,26PZOE04,BIOINSTRUMENTATION,102343cc-a476-4344-8e42-1acec5332205,create
b0b8a724-7c65-4f07-8047-2a38e8100ad5,b0b8a724-7c65-4f07-8047-2a38e8100ad5,26PZOE05,ECONOMIC ENTOMOLOGY,b5b2dfeb-785b-4cbd-ac3f-e28f4a7d8d87,create
b0b8a724-7c65-4f07-8047-2a38e8100ad5,b0b8a724-7c65-4f07-8047-2a38e8100ad5,26PZOE06,MEDICAL PARASITOLOGY,84e4c336-019a-4e1e-a91c-3d5302ab7fdf,create
b0b8a724-7c65-4f07-8047-2a38e8100ad5,b0b8a724-7c65-4f07-8047-2a38e8100ad5,26PZOE07,RESEARCH METHODOLOGY,3597fef8-33d2-4b42-a323-d307339a67a9,create
b0b8a724-7c65-4f07-8047-2a38e8100ad5,b0b8a724-7c65-4f07-8047-2a38e8100ad5,26PZOE08,BIOETHICS AND BIOSAFETY,29cad5c7-2017-43ee-bb16-84250a8a5996,create
b0b8a724-7c65-4f07-8047-2a38e8100ad5,b0b8a724-7c65-4f07-8047-2a38e8100ad5,26PZOED2,APICULTURE,a5e45a7e-2da2-4d37-89c6-6d34a81a6f11,create
b0b8a724-7c65-4f07-8047-2a38e8100ad5,b0b8a724-7c65-4f07-8047-2a38e8100ad5,2UVCSI01,SUMMER INTERNSHIP/INDUSTRIAL TRAINING,421f1d5c-5bd7-48c4-83a0-4d940ccd4729,create